order_id,restaurant_id,zone,order_time,promised_delivery_time,actual_delivery_time,courier_id,distance_km,payment_type,order_value,customer_phone,order_status
102100,R98,Maadi,2026-01-01 07:07:00,2026-01-01 07:44:39.095928,2026-01-01 07:46:20.325325,C1012,5.2,wallet,400.84,01527179296,delivered
101824,R39,Nasr City,2026-01-01 07:26:00,2026-01-01 07:52:15.998043,,,7.0,wallet,371.72,01005953802,cancelled
102951,R34,Zamalek,2026-01-01 07:41:00,2026-01-01 08:16:14.934828,2026-01-01 08:14:09.808786,C1133,4.2,card,406.6,01158942792,delivered
100374,R37,Maadi,2026-01-01 08:17:00,2026-01-01 08:55:36.051790,2026-01-01 08:53:53.567993,C1167,8.1,cash,131.44,01217170462,delivered
102706,R42,Maadi,2026-01-01 08:33:00,2026-01-01 09:40:09.447062,2026-01-01 09:35:51.600789,C1059,11.6,cash,165.48,01582765315,delivered
100599,R28,Nasr City,2026-01-01 08:51:00,2026-01-01 09:50:05.106722,2026-01-01 09:47:12.387107,C1181,11.6,cash,275.7,01133300724,delivered
101142,R67,Heliopolis,2026-01-01 09:19:00,2026-01-01 09:44:12.111128,2026-01-01 09:39:29.266444,C1157,1.7,cash,415.64,01233123831,delivered
102317,R116,El Maadi,2026-01-01 09:55:00,2026-01-01 10:49:37.167988,,C1025,10.5,cash,377.29,01142512475,cancelled
101159,R133,Zamalek,2026-01-01 09:57:00,2026-01-01 10:34:49.972723,2026-01-01 10:36:26.616749,C1044,10.4,wallet,258.31,01030583637,delivered
101089,R97,Zamalek,2026-01-01 10:03:00,2026-01-01 10:41:28.235874,2026-01-01 10:45:31.665825,C1136,9.5,card,99.59,1294154545,delivered
101450,R44,Maadi,2026-01-01 10:20:00,2026-01-01 11:08:59.139878,2026-01-01 11:05:33.547595,C1115,8.2,cash,292.16,01133367732,delivered
102557,R24,Maadi,2026-01-01 10:30:00,2026-01-01 10:44:50.154101,2026-01-01 10:46:55.992481,C1189,2.1,wallet,117.25,01169052362,delivered
102973,R124,Dokki,2026-01-01 11:02:00,2026-01-01 11:41:26.704308,2026-01-01 11:41:40.859450,C1161,10.1,wallet,79.05,012-6787-5597,delivered
101621,R35,Dokki,2026-01-01 12:12:00,2026-01-01 12:54:24.205429,2026-01-01 12:52:35.407505,C1187,8.5,cash,121.9,01510689770,delivered
100982,R26,Zamalek,2026-01-01 12:28:00,2026-01-01 12:54:43.632010,2026-01-01 12:56:41.369214,C1122,3.8,wallet,388.15,01249307402,delivered
100060,R122,Mohandessin,2026-01-01 12:54:00,2026-01-01 13:28:25.676092,2026-01-01 13:28:44.807747,C1121,6.1,wallet,379.14,01281896350,delivered
101260,R89,Heliopolis,2026-01-01 13:54:00,2026-01-01 14:27:15.221843,2026-01-01 14:25:15.437422,C1173,8.1,card,364.06,011-0913-1685,delivered
100048,R137,Heliopolis,2026-01-01 14:09:00,2026-01-01 14:50:29.502723,2026-01-01 14:48:02.060814,C1049,9.5,card,444.01,01281357162,delivered
100825,R23,Nasr City,2026-01-01 14:09:00,2026-01-01 14:52:11.876369,2026-01-01 14:56:12.761746,C1149,10.9,wallet,124.29,01681992132,delivered
100316,R9,Nasr City,2026-01-01 14:39:00,2026-01-01 15:08:01.987556,2026-01-01 15:09:46.322249,C1068,5.2,cash,266.89,01157626711,delivered
100278,R4,El Maadi,2026-01-01 14:40:00,2026-01-01 15:00:18.942815,2026-01-01 15:02:33.407159,C1079,3.8,wallet,154.62,01580156972,delivered
101026,R103,Heliopolis,2026-01-01 15:00:00,2026-01-01 15:41:18.906251,2026-01-01 15:39:03.762043,C1061,9.4,wallet,397.83,01551463484,delivered
102510,R45,Maadi,2026-01-01 15:04:00,2026-01-01 15:43:37.089603,2026-01-01 15:46:18.183741,C1103,8.9,cash,148.34,01668608293,delivered
101449,R32,Heliopolis,2026-01-01 15:11:00,2026-01-01 15:50:44.004952,2026-01-01 15:46:03.098849,C1069,5.2,card,317.39,01192100381,delivered
101148,R58,Heliopolis,2026-01-01 15:20:00,2026-01-01 15:59:12.614344,2026-01-01 15:58:24.133292,C1010,6.8,cash,177.72,01108291112,delivered
101576,R33,Mohandessin,2026-01-01 15:56:00,2026-01-01 16:33:54.595111,2026-01-01 16:38:27.360332,C1177,5.5,cash,417.51,01119616637,delivered
102274,R78,Nasr City,2026-01-01 16:56:00,2026-01-01 17:45:54.283840,2026-01-01 17:46:00.615764,C1182,10.6,wallet,163.55,01064120953,delivered
101046,R88,Dokki,2026-01-01 17:08:00,2026-01-01 17:20:19.599460,2026-01-01 17:22:19.757124,C1085,1.6,cash,345.53,01047532283,delivered
100747,R108,Dokki,2026-01-01 17:25:00,2026-01-01 17:52:40.493699,2026-01-01 17:49:41.774341,C1077,6.2,card,126.28,1078419211,delivered
102083,R137,Dokki,2026-01-01 17:28:00,2026-01-01 18:03:33.407312,2026-01-01 18:07:48.959975,C1029,6.6,cash,443.29,01052624728,delivered
101182,R124,Nasr City,2026-01-01 18:34:00,2026-01-01 19:01:36.313600,2026-01-01 19:00:51.374120,C1083,2.0,wallet,359.29,01228788106,delivered
102192,R76,Dokki,2026-01-01 18:56:00,2026-01-01 19:16:47.490423,2026-01-01 19:21:02.126196,C1055,1.8,cash,364.06,01258457983,delivered
102389,R132,Nasr City,2026-01-01 19:19:00,2026-01-01 19:45:26.734835,2026-01-01 19:48:52.469736,C1177,3.9,wallet,252.67,01551102939,delivered
100548,R5,Nasr City,2026-01-01 19:42:00,2026-01-01 20:07:43.808920,2026-01-01 20:09:41.413409,C1131,2.3,card,407.0,01091826036,delivered
100715,R125,Mohandessin,2026-01-01 20:06:00,2026-01-01 20:29:42.539964,2026-01-01 20:30:30.147904,C1161,5.0,wallet,173.28,01192115367,delivered
101807,R86,Nasr City,2026-01-01 20:46:00,2026-01-01 21:08:09.051085,2026-01-01 21:09:52.035612,C1194,3.5,cash,198.37,015-5400-2974,delivered
101839,R131,Maadi,2026-01-01 21:39:00,2026-01-01 22:04:15.636585,,C1137,4.7,cash,138.67,01135798263,cancelled
100761,R59,Nasr City,2026-01-01 21:49:00,2026-01-01 22:35:11.096506,2026-01-01 22:34:44.435165,C1075,8.1,cash,347.08,1048153067,delivered
100331,R54,Heliopolis,2026-01-01 21:57:00,2026-01-01 22:45:55.884990,2026-01-01 22:46:56.485321,C1004,10.0,card,226.5,01105842097,delivered
102658,R40,Zamalek,2026-01-02 07:15:00,2026-01-02 08:06:58.061592,2026-01-02 08:06:40.759643,C1047,10.3,wallet,72.28,01035698647,delivered
100935,R25,maadi,2026-01-02 07:53:00,2026-01-02 08:22:08.366728,2026-01-02 08:22:36.231668,C1136,7.3,wallet,225.44,01147201759,delivered
100698,R44,Maadi,2026-01-02 08:53:00,2026-01-02 09:06:47.741473,2026-01-02 09:08:19.388271,C1122,1.1,card,228.59,01083733638,delivered
100808,R34,Heliopolis,2026-01-02 09:02:00,2026-01-02 09:49:12.316120,2026-01-02 09:45:51.475620,C1171,10.9,cash,259.13,01541497735,delivered
101799,R82,Mohandessin,2026-01-02 09:32:00,2026-01-02 10:17:04.276098,2026-01-02 10:15:16.459320,C1145,9.5,wallet,223.83,01269840643,delivered
102491,R87,Heliopolis,2026-01-02 09:43:00,2026-01-02 10:24:28.084961,,C1039,12.0,card,136.62,01549026712,cancelled
101291,R50,Nasr City,2026-01-02 10:01:00,2026-01-02 10:40:17.813777,2026-01-02 10:40:41.757033,C1064,9.5,wallet,241.07,01298633540,delivered
102532,R90,Dokki,2026-01-02 10:39:00,2026-01-02 11:07:43.414377,2026-01-02 11:05:53.347910,C1014,3.5,cash,81.59,01078374955,delivered
100028,R62,Maadi,2026-01-02 11:05:00,2026-01-02 11:47:19.560163,2026-01-02 11:48:29.345545,,11.8,wallet,336.74,1513954572,delivered
101477,R99,Heliopolis,2026-01-02 11:33:00,2026-01-02 11:57:13.471596,2026-01-02 11:53:18.362666,C1169,1.6,card,267.09,01502555795,delivered
101499,R99,Heliopolis,2026-01-02 11:53:00,2026-01-02 12:23:52.954519,2026-01-02 12:20:04.296256,C1019,7.2,card,159.69,01181074062,delivered
100303,R62,Maadi,2026-01-02 12:01:00,2026-01-02 12:20:30.252658,2026-01-02 12:16:12.732941,C1063,1.3,wallet,287.05,01152783919,delivered
101638,R70,Zamalek,2026-01-02 12:45:00,2026-01-02 13:26:23.721863,2026-01-02 13:29:22.553034,C1029,9.8,cash,87.54,01167916373,delivered
101999,R104,Zamalek,2026-01-02 12:46:00,2026-01-02 13:04:38.993089,2026-01-02 13:05:00.788955,C1098,1.1,card,230.46,01268473995,delivered
102387,R89,Zamalek,2026-01-02 12:48:00,2026-01-02 13:02:33.904412,2026-01-02 13:04:41.146524,C1070,2.3,card,369.5,01225693138,delivered
101639,R9,Dokki,2026-01-02 13:24:00,2026-01-02 13:58:05.630312,2026-01-02 13:54:50.411706,C1024,6.4,card,102.38,01288549682,delivered
100404,R94,Maadi,2026-01-02 13:37:00,2026-01-02 14:26:06.427773,2026-01-02 14:23:07.381480,C1002,11.0,card,83.58,01527424197,delivered
100957,R15,El Maadi,2026-01-02 13:54:00,2026-01-02 14:39:47.123944,2026-01-02 14:41:05.289290,C1195,11.3,wallet,180.16,0154646,delivered
102409,R3,Dokki,2026-01-02 14:00:00,2026-01-02 14:48:53.956643,2026-01-02 14:47:06.343902,C1137,10.5,cash,150.56,01281766281,delivered
102766,R76,Nasr City,2026-01-02 14:18:00,2026-01-02 15:02:12.650236,2026-01-02 15:02:09.397252,C1160,8.8,card,444.81,01230033598,delivered
101634,R99,Maadi,2026-01-02 14:23:00,2026-01-02 14:42:20.430923,2026-01-02 14:39:41.758864,C1068,2.1,card,294.76,01589931766,delivered
101437,R89,Zamalek,2026-01-02 14:27:00,2026-01-02 14:43:31.718551,2026-01-02 14:40:30.298777,C1016,1.0,cash,303.22,01109538729,delivered
102347,R136,Heliopolis,2026-01-02 15:41:00,2026-01-02 16:29:45.359003,2026-01-02 16:27:56.205176,C1157,11.4,cash,188.96,01519230669,delivered
101695,R11,Maadi,2026-01-02 15:51:00,2026-01-02 16:10:27.450133,2026-01-02 16:15:19.907495,C1001,5.3,wallet,430.87,01032101808,delivered
100637,R39,Zamalek,2026-01-02 15:51:00,2026-01-02 16:20:16.891748,2026-01-02 16:19:57.660060,C1137,5.2,card,359.27,01138044447,delivered
101487,R125,Heliopolis,2026-01-02 17:19:00,2026-01-02 17:40:03.104315,2026-01-02 17:35:55.734470,C1058,1.7,card,210.38,01266755095,delivered
101088,R132,Nasr City,2026-01-02 17:39:00,2026-01-02 17:58:35.169544,2026-01-02 17:56:30.228664,C1045,3.5,card,92.5,01278100579,delivered
101574,R33,Zamalek,2026-01-02 17:42:00,2026-01-02 18:14:55.023491,2026-01-02 18:14:05.008351,C1135,6.8,card,351.53,01558131328,delivered
101120,R12,Heliopolis,2026-01-02 18:27:00,2026-01-02 19:21:02.678285,2026-01-02 19:17:26.054329,C1023,11.2,card,294.62,01293358580,delivered
100786,R47,El Maadi,2026-01-02 18:29:00,2026-01-02 19:14:09.571587,2026-01-02 19:16:48.630874,C1157,11.5,cash,68.66,01292996129,delivered
100745,R26,Maadi,2026-01-02 18:30:00,2026-01-02 19:20:15.556511,2026-01-02 19:24:31.136019,,10.6,wallet,412.08,01229917465,delivered
102780,R124,Mohandessin,2026-01-02 18:41:00,2026-01-02 19:08:07.850122,,C1118,8.4,card,131.16,01371990848,cancelled
100517,R10,Dokki,2026-01-02 19:33:00,2026-01-02 20:10:12.681121,2026-01-02 20:14:37.859214,C1153,9.5,card,140.74,01540886650,delivered
101340,R73,Zamalek,2026-01-02 20:20:00,2026-01-02 20:53:46.155446,2026-01-02 20:52:58.163479,C1059,6.2,cash,70.65,01567699149,delivered
101523,R148,Maadi,2026-01-02 20:23:00,2026-01-02 20:52:09.816501,2026-01-02 20:56:42.361253,C1104,7.1,cash,273.49,01517806462,delivered
101284,R12,El Maadi,2026-01-02 20:38:00,2026-01-02 21:15:10.598012,2026-01-02 21:18:22.306169,C1004,10.8,cash,104.72,01259487423,delivered
101598,R8,maadi,2026-01-02 20:58:00,2026-01-02 21:17:21.525290,2026-01-02 21:15:02.023878,C1040,1.3,cash,277.61,01144197626,delivered
100602,R62,El Maadi,2026-01-02 21:09:00,2026-01-02 21:43:43.188876,2026-01-02 21:44:09.523158,C1114,6.5,card,370.71,01202325785,delivered
100876,R32,Dokki,2026-01-02 21:11:00,2026-01-02 22:00:01.064225,2026-01-02 22:01:24.423662,C1183,11.3,wallet,107.77,01082161904,delivered
100415,R12,Zamalek,2026-01-02 21:16:00,2026-01-02 21:55:53.781505,2026-01-02 21:55:08.400679,C1154,6.8,cash,171.46,01653176511,delivered
102580,R126,Maadi,2026-01-02 22:01:00,2026-01-02 22:35:23.710271,2026-01-02 22:35:10.973495,C1147,7.1,cash,178.7,01529395092,delivered
102798,R148,El Maadi,2026-01-02 22:16:00,2026-01-02 22:32:42.636871,2026-01-02 22:33:41.862538,C1145,2.9,wallet,79.8,01246623139,delivered
102185,R24,Heliopolis,2026-01-03 07:15:00,2026-01-03 07:49:31.971345,2026-01-03 07:49:40.240182,C1179,4.7,cash,203.79,01274534976,delivered
102111,R143,Dokki,2026-01-03 07:29:00,2026-01-03 08:06:34.660683,2026-01-03 08:08:58.470146,C1090,10.3,cash,195.06,01127913719,delivered
102905,R125,Maadi,2026-01-03 07:34:00,2026-01-03 08:05:19.175474,2026-01-03 08:08:22.183932,C1104,8.1,cash,421.8,01270201578,delivered
102755,R100,Dokki,2026-01-03 08:00:00,2026-01-03 08:36:16.979289,2026-01-03 08:38:19.020969,C1034,6.3,wallet,358.63,01293314641,delivered
101753,R144,Dokki,2026-01-03 08:40:00,2026-01-03 09:08:39.144363,2026-01-03 09:09:32.430491,C1121,7.6,wallet,149.54,1512684239,delivered
101316,R132,Nasr City,2026-01-03 09:20:00,2026-01-03 09:57:38.242815,2026-01-03 09:58:21.301217,C1009,8.2,cash,397.7,01242835694,delivered
102069,R124,Heliopolis,2026-01-03 09:41:00,2026-01-03 10:24:22.251653,2026-01-03 10:24:27.757599,C1041,10.6,card,105.11,01219154540,delivered
102786,R48,Dokki,2026-01-03 09:47:00,2026-01-03 10:37:13.444738,2026-01-03 10:34:30.181315,C1168,8.5,cash,190.47,01529855556,delivered
101307,R77,Heliopolis,2026-01-03 09:51:00,2026-01-03 10:04:40.818990,2026-01-03 10:07:29.435540,C1117,2.7,cash,296.3,01596867291,delivered
102352,R90,Heliopolis,2026-01-03 10:21:00,2026-01-03 10:45:34.729804,2026-01-03 10:49:08.202710,C1023,3.7,wallet,85.03,01168568713,delivered
102614,R59,Maadi,2026-01-03 10:44:00,2026-01-03 11:15:36.088379,2026-01-03 11:14:50.605645,C1044,4.9,card,331.86,01292460565,delivered
101967,R59,Maadi,2026-01-03 11:09:00,2026-01-03 11:27:04.163555,2026-01-03 11:31:16.948170,C1113,1.7,wallet,435.73,01214177848,delivered
100921,R31,Heliopolis,2026-01-03 11:27:00,2026-01-03 11:52:03.625474,2026-01-03 11:55:33.472189,C1166,3.6,wallet,416.0,012-0079-6434,delivered
100593,R96,Heliopolis,2026-01-03 11:39:00,2026-01-03 12:13:32.259146,,C1198,6.6,card,319.27,01186129983,cancelled
101912,R67,Maadi,2026-01-03 11:40:00,2026-01-03 12:22:54.278009,2026-01-03 12:19:08.921727,C1092,10.6,cash,281.84,01229268691,delivered
102277,R50,Heliopolis,2026-01-03 12:12:00,2026-01-03 12:48:28.374223,2026-01-03 12:49:04.613551,C1104,7.4,wallet,434.53,01142180187,delivered
101394,R144,Dokki,2026-01-03 12:17:00,2026-01-03 12:32:44.842866,2026-01-03 12:37:40.269957,C1162,2.3,cash,430.9,01120757160,delivered
101560,R148,Dokki,2026-01-03 12:20:00,2026-01-03 12:42:09.795534,2026-01-03 12:47:01.728379,C1110,5.5,card,241.76,01161929733,delivered
102160,R57,Dokki,2026-01-03 12:22:00,2026-01-03 12:50:23.037927,2026-01-03 12:53:08.427752,C1178,8.5,cash,386.07,01025377460,delivered
100121,R98,Heliopolis,2026-01-03 12:58:00,2026-01-03 13:16:45.381324,2026-01-03 13:21:10.922364,C1034,3.4,cash,395.23,01172564912,delivered
102596,R142,Nasr City,2026-01-03 13:13:00,2026-01-03 13:38:14.090894,2026-01-03 13:34:18.692591,C1076,5.3,card,244.38,01173026654,delivered
102049,R115,Nasr City,2026-01-03 13:18:00,2026-01-03 14:01:21.953912,2026-01-03 13:57:16.899380,,9.0,cash,306.84,01520889146,delivered
101947,R129,Nasr City,2026-01-03 14:33:00,2026-01-03 15:07:52.669884,2026-01-03 15:12:32.166499,C1095,8.7,card,89.63,01444958446,delivered
102447,R92,Mohandessin,2026-01-03 14:55:00,2026-01-03 15:32:06.372186,2026-01-03 15:28:15.095655,C1122,7.1,wallet,109.45,01948493140,delivered
101613,R140,Zamalek,2026-01-03 15:27:00,2026-01-03 16:05:31.184129,2026-01-03 16:08:05.770507,C1100,8.2,cash,268.33,01532107716,delivered
100328,R124,Heliopolis,2026-01-03 15:40:00,2026-01-03 16:16:22.058355,2026-01-03 16:13:31.898093,C1117,3.8,card,365.53,01120760114,delivered
100603,R149,Heliopolis,2026-01-03 15:59:00,2026-01-03 16:24:34.877716,2026-01-03 16:20:39.483528,C1157,4.5,wallet,158.55,01135243178,delivered
100568,R127,Zamalek,2026-01-03 16:22:00,2026-01-03 17:03:34.891766,2026-01-03 17:04:03.846435,C1131,10.1,cash,80.99,01032760503,delivered
102689,R76,Dokki,2026-01-03 16:43:00,2026-01-03 17:20:35.742002,2026-01-03 17:25:04.167136,C1042,10.9,wallet,170.38,01074833536,delivered
101126,R2,Maadi,2026-01-03 16:43:00,2026-01-03 17:05:00.961573,,C1143,2.3,card,196.25,01585018258,cancelled
100950,R46,Dokki,2026-01-03 17:34:00,2026-01-03 17:58:57.540525,2026-01-03 18:01:56.101303,C1020,4.2,cash,271.73,01170706306,delivered
102726,R72,Nasr City,2026-01-03 20:14:00,2026-01-03 20:24:00.000000,2026-01-03 20:24:46.748117,C1062,1.2,cash,231.42,01522211778,delivered
101515,R74,Zamalek,2026-01-03 20:35:00,2026-01-03 21:04:55.765210,2026-01-03 21:03:10.846902,C1140,5.2,cash,165.96,01077543978,delivered
100656,R72,Nasr City,2026-01-03 20:35:00,2026-01-03 20:46:44.013888,2026-01-03 20:50:35.372101,C1020,2.6,cash,241.34,01229299587,delivered
101461,R89,Nasr City,2026-01-03 20:36:00,2026-01-03 21:26:29.600406,2026-01-03 21:22:56.318632,C1022,10.7,cash,298.6,01157937822,delivered
102121,R72,Dokki,2026-01-03 20:47:00,2026-01-03 21:33:54.242602,,,11.3,cash,309.39,01535831822,cancelled
101294,R56,Maadi,2026-01-03 21:13:00,2026-01-03 21:38:24.579490,2026-01-03 21:38:36.697853,C1155,4.6,cash,436.13,01601438587,delivered
100900,R120,Zamalek,2026-01-03 21:32:00,2026-01-03 22:21:52.329025,2026-01-03 22:18:55.062447,,7.2,cash,134.74,01229744027,delivered
101719,R44,Nasr City,2026-01-03 22:53:00,2026-01-03 23:51:25.540567,2026-01-03 23:54:24.842770,,11.7,cash,175.98,01236833132,delivered
101419,R51,Maadi,2026-01-04 07:03:00,2026-01-04 07:21:52.398816,2026-01-04 07:23:37.498593,C1031,3.6,cash,92.69,01502042953,delivered
102999,R130,Maadi,2026-01-04 07:39:00,2026-01-04 08:23:13.312162,2026-01-04 08:23:43.691547,C1100,9.0,cash,134.38,01252403868,delivered
100713,R148,Nasr City,2026-01-04 08:43:00,2026-01-04 09:22:24.733136,2026-01-04 09:22:02.300793,C1085,6.7,card,81.2,01078888347,delivered
100348,R93,Dokki,2026-01-04 08:50:00,2026-01-04 09:34:44.050805,2026-01-04 09:33:52.779619,C1012,9.3,wallet,82.47,01285399661,delivered
101703,R48,Heliopolis,2026-01-04 09:27:00,2026-01-04 10:04:48.530048,2026-01-04 10:03:50.742885,C1089,7.2,card,170.71,01105251425,delivered
101388,R55,Heliopolis,2026-01-04 09:38:00,2026-01-04 09:57:54.366582,2026-01-04 10:02:36.482180,,3.1,cash,308.63,01117667598,delivered
100012,R78,Mohandessin,2026-01-04 09:53:00,2026-01-04 10:32:27.929500,2026-01-04 10:36:23.997484,C1023,9.2,card,318.05,01507732099,delivered
101303,R114,Mohandessin,2026-01-04 09:59:00,2026-01-04 10:51:11.992133,2026-01-04 10:52:20.260275,C1090,11.0,cash,205.94,01147883193,delivered
100636,R30,El Maadi,2026-01-04 10:02:00,2026-01-04 10:34:18.224672,2026-01-04 10:37:12.271952,C1058,4.0,card,265.57,01537699761,delivered
100296,R92,Dokki,2026-01-04 10:22:00,2026-01-04 11:10:48.845831,2026-01-04 11:06:40.893292,C1146,9.9,cash,305.79,01085182297,delivered
102931,R119,Nasr City,2026-01-04 10:22:00,2026-01-04 11:02:42.920151,2026-01-04 10:59:27.897003,C1188,7.7,wallet,138.28,01028995195,delivered
102646,R62,Maadi,2026-01-04 10:32:00,2026-01-04 11:08:16.691034,2026-01-04 11:09:26.588167,C1168,8.4,cash,447.79,01549086128,delivered
101706,R39,Dokki,2026-01-04 10:38:00,2026-01-04 10:58:03.352676,2026-01-04 10:55:35.529588,C1068,1.8,wallet,325.84,01194836238,delivered
100085,R140,Mohandessin,2026-01-04 10:42:00,2026-01-04 11:13:54.187607,2026-01-04 11:09:21.256455,C1062,4.3,cash,83.33,01517509857,delivered
100570,R22,Dokki,2026-01-04 11:23:00,2026-01-04 12:07:38.748398,2026-01-04 12:10:21.256348,C1140,10.0,cash,331.9,01582590113,delivered
102724,R81,Zamalek,2026-01-04 11:38:00,2026-01-04 12:21:13.089755,2026-01-04 12:25:54.995130,C1015,10.9,cash,211.41,01186288962,delivered
101694,R98,Heliopolis,2026-01-04 11:47:00,2026-01-04 12:15:15.255252,2026-01-04 12:15:46.029584,C1125,6.1,card,236.45,01266429554,delivered
100211,R68,Dokki,2026-01-04 11:56:00,2026-01-04 12:41:54.649577,2026-01-04 12:44:49.757951,C1051,10.9,cash,172.4,01070633437,delivered
100088,R36,maadi,2026-01-04 11:58:00,2026-01-04 12:17:30.934409,2026-01-04 12:22:17.250047,,3.4,cash,84.7,01053925667,delivered
102176,R52,Maadi,2026-01-04 12:48:00,2026-01-04 13:12:09.177666,2026-01-04 13:08:06.061826,C1172,1.4,wallet,331.17,01190334369,delivered
102536,R118,Nasr City,2026-01-04 12:54:00,2026-01-04 13:48:19.348414,2026-01-04 13:45:45.226095,C1106,9.2,cash,296.35,01962090183,delivered
100699,R93,El Maadi,2026-01-04 13:01:00,2026-01-04 13:31:34.163445,2026-01-04 13:35:01.507753,C1111,2.7,cash,332.6,01550998420,delivered
100998,R133,Nasr City,2026-01-04 13:24:00,2026-01-04 13:54:17.777081,2026-01-04 13:55:43.243960,C1165,4.1,card,378.58,01133003392,delivered
100102,R127,Heliopolis,2026-01-04 13:46:00,2026-01-04 14:08:21.128063,2026-01-04 14:11:51.726335,C1049,3.3,cash,398.3,01065761171,delivered
100667,R55,maadi,2026-01-04 13:59:00,2026-01-04 14:24:52.695781,2026-01-04 14:29:34.931079,C1187,5.0,card,251.83,01591993675,delivered
100869,R104,Maadi,2026-01-04 14:06:00,2026-01-04 14:37:14.792277,2026-01-04 14:41:19.596959,C1147,3.6,cash,238.55,01195264270,delivered
101838,R54,Maadi,2026-01-04 14:34:00,2026-01-04 14:54:16.753280,2026-01-04 22:34:00.000000,C1134,2.5,cash,241.64,01105087,delivered
102446,R86,Zamalek,2026-01-04 15:12:00,2026-01-04 15:53:32.063986,2026-01-04 15:49:08.693818,C1144,5.4,cash,312.37,01083505587,delivered
100279,R127,Nasr City,2026-01-04 15:18:00,2026-01-04 16:04:35.002182,2026-01-04 16:03:13.519008,C1087,10.6,wallet,90.84,01206667987,delivered
102950,R35,Zamalek,2026-01-04 15:25:00,2026-01-04 15:38:23.130683,2026-01-04 15:42:49.149748,C1017,2.6,cash,311.09,01526840438,delivered
102624,R136,Zamalek,2026-01-04 15:41:00,2026-01-04 16:09:28.426252,2026-01-04 16:05:03.403001,C1199,4.7,cash,353.17,01046902387,delivered
101534,R35,Nasr City,2026-01-04 16:01:00,2026-01-04 16:31:00.580692,,,4.6,cash,386.18,01018669019,cancelled
101251,R136,Mohandessin,2026-01-04 16:15:00,2026-01-04 16:52:56.828028,2026-01-04 16:52:25.387086,C1059,5.3,card,241.16,0110328,delivered
102540,R122,Heliopolis,2026-01-04 16:17:00,2026-01-04 16:42:58.279022,2026-01-04 16:47:54.168023,C1077,7.5,wallet,316.49,015782628,delivered
101273,R130,Zamalek,2026-01-04 16:33:00,2026-01-04 16:59:33.350279,2026-01-04 16:59:28.734288,C1048,1.5,cash,301.39,01055806,delivered
100264,R141,Nasr City,2026-01-04 16:40:00,2026-01-04 17:11:06.358714,,C1011,3.2,wallet,418.94,01030840860,cancelled
102296,R123,Heliopolis,2026-01-04 16:51:00,2026-01-04 17:12:40.671849,2026-01-04 17:13:52.161739,C1105,1.8,wallet,88.33,01288084334,delivered
101978,R3,Maadi,2026-01-04 17:03:00,2026-01-04 17:33:06.136396,2026-01-04 17:35:11.934182,C1188,7.2,card,269.3,01076575489,delivered
102174,R64,Nasr City,2026-01-04 17:08:00,2026-01-04 17:41:16.185752,2026-01-04 17:38:20.576354,C1143,5.2,cash,295.42,01206909975,delivered
101533,R70,Mohandessin,2026-01-04 18:45:00,2026-01-04 19:21:59.239946,2026-01-04 19:25:58.120515,C1055,10.5,card,196.45,01215464992,delivered
101696,R15,Dokki,2026-01-04 18:56:00,2026-01-04 19:14:01.460106,2026-01-04 19:15:56.827326,C1088,2.6,cash,371.6,01549834996,delivered
102273,R105,Nasr City,2026-01-04 20:50:00,2026-01-04 21:23:30.853278,2026-01-04 21:25:06.478082,C1041,6.8,card,276.36,01128473055,delivered
100152,R144,Maadi,2026-01-04 20:51:00,2026-01-04 21:28:37.400668,2026-01-04 21:29:42.596520,C1076,9.5,cash,79.87,01565956278,delivered
102008,R68,Dokki,2026-01-04 21:10:00,2026-01-04 21:51:51.510010,2026-01-04 21:48:10.898555,C1047,5.6,card,383.25,01594063817,delivered
100325,R111,Maadi,2026-01-04 21:36:00,2026-01-04 22:15:42.035982,,C1052,11.1,cash,199.55,01167628228,cancelled
101008,R132,Maadi,2026-01-04 21:48:00,2026-01-04 22:40:21.344547,2026-01-04 22:39:27.111672,C1129,10.9,cash,444.02,01534839144,delivered
101513,R130,Maadi,2026-01-04 21:52:00,2026-01-04 22:23:25.460756,2026-01-04 22:19:21.950966,C1061,2.6,cash,384.64,01284621555,delivered
102965,R84,Maadi,2026-01-04 21:57:00,2026-01-04 22:29:10.561410,2026-01-04 22:26:10.413066,C1061,7.3,cash,127.95,01104339967,delivered
102876,R90,Maadi,2026-01-04 22:13:00,2026-01-04 22:43:09.137109,2026-01-04 22:42:41.333407,C1042,7.2,card,163.66,01005425998,delivered
100045,R58,Maadi,2026-01-04 22:27:00,2026-01-04 23:11:32.929547,,,6.7,card,140.74,01132410214,cancelled
101402,R132,maadi,2026-01-04 22:36:00,2026-01-04 23:04:30.790676,2026-01-04 23:01:43.278772,,5.0,wallet,341.85,01041660612,delivered
101160,R82,Dokki,2026-01-04 22:50:00,2026-01-04 23:21:07.834551,2026-01-04 23:22:01.683308,C1130,3.8,card,178.39,01242284502,delivered
101424,R108,Mohandessin,2026-01-05 07:01:00,2026-01-05 07:30:23.608682,,C1021,6.4,card,399.52,01197460853,cancelled
102835,R136,Dokki,2026-01-05 07:39:00,2026-01-05 08:21:27.207720,2026-01-05 08:19:38.802523,C1124,9.5,cash,105.77,01283198992,delivered
100714,R71,Mohandessin,2026-01-05 08:01:00,2026-01-05 08:49:06.263394,2026-01-05 08:44:34.435343,,7.5,cash,330.06,01248832951,delivered
100077,R32,El Maadi,2026-01-05 08:27:00,2026-01-05 08:52:19.601389,2026-01-05 08:55:31.486704,C1123,2.3,wallet,77.23,01149059891,delivered
101196,R146,El Maadi,2026-01-05 08:42:00,2026-01-05 09:39:22.784616,2026-01-05 09:41:40.295322,C1101,11.3,cash,358.44,01272823762,delivered
102251,R50,Nasr City,2026-01-05 08:49:00,2026-01-05 09:23:14.968207,2026-01-05 09:27:09.976288,C1001,6.1,cash,272.16,012115393,delivered
102586,R144,Heliopolis,2026-01-05 08:54:00,2026-01-05 09:04:54.806213,2026-01-05 09:02:00.000000,C1077,1.1,cash,279.9,010203849,delivered
101423,R125,Maadi,2026-01-05 09:08:00,2026-01-05 09:50:19.709101,2026-01-05 09:51:09.093498,C1002,10.1,cash,176.83,01529775859,delivered
102718,R38,Nasr City,2026-01-05 09:29:00,2026-01-05 09:51:33.115528,2026-01-05 09:55:53.213876,C1140,5.6,card,284.66,01202458754,delivered
100740,R67,Dokki,2026-01-05 09:56:00,2026-01-05 10:16:06.373990,2026-01-05 10:18:49.743240,C1077,1.6,card,74.27,01545676128,delivered
100679,R35,Heliopolis,2026-01-05 10:06:00,2026-01-05 10:49:49.241294,2026-01-05 10:46:17.023911,C1068,8.6,cash,73.8,01085132711,delivered
100047,R2,Heliopolis,2026-01-05 10:09:00,2026-01-05 10:23:22.404787,2026-01-05 10:27:33.698703,C1017,1.5,cash,103.15,01120525684,delivered
100626,R28,Heliopolis,2026-01-05 10:50:00,2026-01-05 11:16:12.706670,2026-01-05 11:13:12.421682,C1066,5.8,wallet,254.62,1107588380,delivered
100040,R5,Heliopolis,2026-01-05 10:51:00,2026-01-05 11:08:34.301595,2026-01-05 11:10:20.674034,C1106,1.0,wallet,321.93,01185378927,delivered
100923,R68,Dokki,2026-01-05 13:24:00,2026-01-05 14:06:21.602078,2026-01-05 14:01:49.365139,C1044,7.2,cash,430.81,01134950291,delivered
102360,R98,El Maadi,2026-01-05 14:27:00,2026-01-05 15:11:44.427070,2026-01-05 15:07:58.318494,C1077,9.8,wallet,64.04,01092167173,delivered
101894,R60,Zamalek,2026-01-05 14:27:00,2026-01-05 15:03:41.127722,2026-01-05 15:02:35.986923,C1196,8.3,cash,262.77,01253875577,delivered
100732,R33,maadi,2026-01-05 15:23:00,2026-01-05 15:54:19.025368,2026-01-05 15:55:09.904741,C1186,1.6,cash,185.88,01267924,delivered
100987,R9,Maadi,2026-01-05 15:35:00,2026-01-05 16:16:46.041380,2026-01-05 16:14:31.358109,C1120,9.8,card,247.48,01151291524,delivered
101821,R128,Heliopolis,2026-01-05 15:55:00,2026-01-05 16:37:17.863743,2026-01-05 16:34:30.071218,C1011,8.3,cash,414.24,01087681799,delivered
102195,R124,Zamalek,2026-01-05 16:12:00,2026-01-05 16:44:46.917758,2026-01-05 16:43:34.419406,C1096,2.1,cash,193.24,01150090546,delivered
102582,R29,Nasr City,2026-01-05 17:58:00,2026-01-05 18:34:20.302767,2026-01-05 18:33:46.137678,,6.4,cash,418.6,01032677866,delivered
100844,R124,Nasr City,2026-01-05 18:00:00,2026-01-05 18:47:46.712957,2026-01-05 18:50:23.558325,C1122,9.2,wallet,155.52,01162735105,delivered
100907,R18,Nasr City,2026-01-05 18:16:00,2026-01-05 18:42:24.035519,2026-01-05 18:45:03.688439,,6.4,card,93.12,01046052848,delivered
101949,R144,Heliopolis,2026-01-05 18:33:00,2026-01-05 19:10:00.561050,2026-01-05 19:11:52.900359,C1016,9.1,cash,347.97,01234826757,delivered
102897,R145,El Maadi,2026-01-05 18:37:00,2026-01-05 19:18:06.888227,2026-01-05 19:22:46.189332,C1019,11.8,wallet,197.07,01066263536,delivered
100633,R88,Mohandessin,2026-01-05 18:48:00,2026-01-05 19:32:57.037262,2026-01-05 19:33:00.611916,C1194,11.2,cash,364.99,01564275701,delivered
100018,R127,Heliopolis,2026-01-05 19:23:00,2026-01-05 19:48:00.943639,2026-01-05 19:51:45.946604,,4.5,cash,152.33,01259420039,delivered
102441,R62,Heliopolis,2026-01-05 19:28:00,2026-01-05 20:00:35.751402,2026-01-05 19:56:50.273893,,6.1,card,242.59,01522462035,delivered
102337,R76,Mohandessin,2026-01-05 20:40:00,2026-01-05 20:59:56.690380,2026-01-05 20:55:37.374892,C1134,1.3,card,240.11,01560168878,delivered
101670,R141,Mohandessin,2026-01-05 21:18:00,2026-01-05 21:49:07.668512,2026-01-05 21:47:57.064605,C1161,3.5,cash,210.14,010-6264-1378,delivered
100351,R112,Mohandessin,2026-01-05 22:13:00,2026-01-05 22:40:33.454334,2026-01-05 22:43:05.185816,C1007,5.2,card,115.72,01100602937,delivered
100658,R58,Nasr City,2026-01-06 07:17:00,2026-01-06 07:44:50.248124,2026-01-06 07:49:11.653947,C1132,4.2,cash,334.04,01070712,delivered
102297,R100,Heliopolis,2026-01-06 07:18:00,2026-01-06 07:46:53.091583,2026-01-06 07:50:12.376126,C1155,5.0,cash,212.24,01108496090,delivered
102979,R6,Maadi,2026-01-06 08:26:00,2026-01-06 08:51:33.395753,2026-01-06 08:55:29.181967,,5.7,cash,254.96,01186186893,delivered
101366,R33,Maadi,2026-01-06 08:41:00,2026-01-06 09:07:56.778907,2026-01-06 09:10:48.092416,C1121,5.6,card,405.35,01204382846,delivered
101990,R120,Maadi,2026-01-06 08:59:00,2026-01-06 09:16:56.092912,2026-01-06 09:15:28.195506,C1190,1.7,cash,212.12,01230381566,delivered
100693,R29,Dokki,2026-01-06 09:18:00,2026-01-06 09:51:47.546442,2026-01-06 09:53:16.801467,C1099,7.6,card,190.12,01116761427,delivered
100116,R103,Nasr City,2026-01-06 10:06:00,2026-01-06 10:42:12.818093,2026-01-06 10:40:22.634967,C1151,7.1,card,167.26,1558008115,delivered
101627,R80,Dokki,2026-01-06 10:21:00,2026-01-06 11:09:59.795743,,C1132,8.5,card,136.74,01251725321,cancelled
100722,R34,Zamalek,2026-01-06 10:22:00,2026-01-06 11:02:57.474314,2026-01-06 11:01:09.233449,C1159,10.8,card,267.53,01590888737,delivered
101875,R78,Dokki,2026-01-06 10:22:00,2026-01-06 11:06:42.836715,2026-01-06 11:10:54.629720,C1006,8.1,cash,135.94,01000378225,delivered
102898,R1,Dokki,2026-01-06 10:38:00,2026-01-06 11:18:27.182823,2026-01-06 11:13:40.700057,C1082,7.9,wallet,394.28,01135960904,delivered
101479,R97,Mohandessin,2026-01-06 10:41:00,2026-01-06 11:11:22.362047,2026-01-06 11:13:30.279998,C1029,5.7,card,445.0,01013472111,delivered
101138,R149,Heliopolis,2026-01-06 11:50:00,2026-01-06 12:39:06.924637,2026-01-06 12:40:22.879241,C1128,11.6,wallet,309.87,01590056962,delivered
100306,R49,Maadi,2026-01-06 11:51:00,2026-01-06 12:27:16.863540,,C1101,6.4,wallet,305.51,01274437550,cancelled
100995,R16,Nasr City,2026-01-06 13:05:00,2026-01-06 13:50:15.924740,2026-01-06 13:47:16.347842,C1067,9.8,cash,253.78,01221100286,delivered
100242,R29,Maadi,2026-01-06 13:20:00,2026-01-06 13:38:37.160982,2026-01-06 13:37:04.080464,C1063,2.4,cash,121.69,01695195715,delivered
100524,R6,Nasr City,2026-01-06 13:51:00,2026-01-06 14:08:24.861019,2026-01-06 14:13:17.597523,C1107,1.6,cash,146.72,01281211776,delivered
101256,R35,Heliopolis,2026-01-06 13:52:00,2026-01-06 14:20:33.075411,,C1084,4.2,wallet,401.66,01532606466,cancelled
101509,R79,Maadi,2026-01-06 15:50:00,2026-01-06 16:17:16.374467,2026-01-06 16:22:00.079397,,5.0,wallet,115.99,010-2891-3119,delivered
101834,R4,Nasr City,2026-01-06 16:04:00,2026-01-06 16:34:13.332948,2026-01-06 16:33:51.370921,C1137,2.4,cash,218.65,01076279678,delivered
101061,R93,Zamalek,2026-01-06 16:11:00,2026-01-06 16:30:18.270321,2026-01-06 16:32:35.867491,C1049,4.6,wallet,62.26,01004012740,delivered
102616,R82,Nasr City,2026-01-06 17:06:00,2026-01-06 17:55:29.049839,2026-01-06 17:55:25.860637,C1019,10.8,cash,423.94,011-6246-3896,delivered
100390,R13,Heliopolis,2026-01-06 19:27:00,2026-01-06 19:40:22.800549,2026-01-06 19:43:31.007571,C1158,2.7,cash,60.94,01217691246,delivered
102494,R106,Dokki,2026-01-06 20:12:00,2026-01-06 20:26:36.624224,2026-01-06 20:31:17.686811,C1196,1.6,card,201.12,01073154239,delivered
100300,R86,Zamalek,2026-01-06 20:22:00,2026-01-06 21:00:35.006152,2026-01-06 20:59:39.760909,C1149,8.3,cash,167.55,01513826437,delivered
100861,R82,Maadi,2026-01-06 20:41:00,2026-01-06 21:05:25.778162,2026-01-06 21:04:25.820562,C1069,4.0,wallet,189.56,01194238192,delivered
102882,R140,Nasr City,2026-01-06 20:43:00,2026-01-06 21:24:13.469439,2026-01-06 21:22:23.758526,C1055,9.4,wallet,241.9,01412578350,delivered
102640,R10,Maadi,2026-01-06 22:06:00,2026-01-06 22:55:39.613527,2026-01-06 22:58:28.806990,C1069,11.5,cash,133.02,01545010342,delivered
100162,R81,Dokki,2026-01-06 22:10:00,2026-01-06 22:47:25.822157,2026-01-06 22:46:57.544257,C1084,10.0,cash,280.53,01038639352,delivered
101630,R121,Dokki,2026-01-06 22:48:00,2026-01-06 23:27:04.149243,2026-01-06 23:23:07.540290,C1165,7.5,wallet,362.58,012958165,delivered
101164,R33,Maadi,2026-01-07 07:00:00,2026-01-07 07:39:33.237931,2026-01-07 07:35:44.571394,C1082,7.8,card,385.03,1031654404,delivered
102987,R44,Maadi,2026-01-07 07:31:00,2026-01-07 07:43:17.315167,2026-01-07 07:44:25.601312,C1136,1.3,wallet,169.26,01080980024,delivered
100307,R20,Dokki,2026-01-07 07:46:00,2026-01-07 08:26:25.606510,2026-01-07 08:30:23.045013,C1104,7.8,wallet,357.57,01013534219,delivered
102140,R35,Dokki,2026-01-07 08:06:00,2026-01-07 08:37:24.515863,2026-01-07 08:40:17.245344,C1066,5.5,card,249.71,010-2833-9771,delivered
101671,R60,Nasr City,2026-01-07 08:22:00,2026-01-07 09:00:53.641052,2026-01-07 08:59:54.973271,C1054,9.6,cash,409.14,01102440591,delivered
102741,R59,Heliopolis,2026-01-07 08:45:00,2026-01-07 09:20:54.579546,2026-01-07 09:18:06.481045,C1030,4.4,cash,368.61,01287921791,delivered
102801,R42,Maadi,2026-01-07 08:47:00,2026-01-07 09:25:43.964886,2026-01-07 09:26:38.795125,C1172,7.3,card,200.41,01565428909,delivered
102516,R86,Dokki,2026-01-07 08:48:00,2026-01-07 09:36:51.080934,2026-01-07 09:39:15.765246,C1015,11.1,cash,259.55,01573838620,delivered
102834,R80,El Maadi,2026-01-07 08:54:00,2026-01-07 09:27:49.709539,2026-01-07 09:24:28.974766,C1199,6.0,card,121.56,01062725285,delivered
100318,R6,Maadi,2026-01-07 09:57:00,2026-01-07 10:48:38.872504,,C1121,11.0,cash,99.92,01504144749,cancelled
100371,R127,Dokki,2026-01-07 10:10:00,2026-01-07 10:41:44.646392,2026-01-07 10:37:42.103503,C1006,7.3,cash,154.19,01160010616,delivered
102321,R127,Zamalek,2026-01-07 10:13:00,2026-01-07 11:06:41.058221,2026-01-07 11:04:49.618410,C1084,11.9,cash,307.34,01141539681,delivered
101165,R147,Zamalek,2026-01-07 11:40:00,2026-01-07 12:04:42.506276,2026-01-07 12:01:48.395114,,4.2,cash,386.15,011-6256-7468,delivered
100707,R70,Heliopolis,2026-01-07 13:47:00,2026-01-07 13:57:54.713038,2026-01-07 13:58:08.354386,C1018,1.0,card,394.43,01031825287,delivered
102294,R114,Heliopolis,2026-01-07 14:52:00,2026-01-07 15:35:20.378047,2026-01-07 15:30:38.260140,C1120,8.9,cash,98.49,01560867307,delivered
102685,R90,Nasr City,2026-01-07 16:26:00,2026-01-07 16:53:30.743587,2026-01-07 16:53:57.420633,C1052,2.4,cash,65.16,01579641076,delivered
100231,R79,Mohandessin,2026-01-07 17:05:00,2026-01-07 17:49:23.359842,2026-01-07 17:46:39.073176,C1071,10.2,wallet,109.87,01260263008,delivered
100243,R87,Maadi,2026-01-07 17:08:00,2026-01-07 17:40:43.307253,2026-01-07 17:40:07.918427,C1010,6.4,cash,88.02,01040949895,delivered
100110,R85,Zamalek,2026-01-07 19:12:00,2026-01-07 19:51:45.304509,2026-01-07 19:49:42.316034,C1196,8.6,card,302.53,01069136665,delivered
102088,R89,El Maadi,2026-01-07 20:04:00,2026-01-07 20:52:23.335531,2026-01-07 20:57:13.371193,C1046,10.2,cash,332.36,01169169245,delivered
102216,R140,Dokki,2026-01-07 20:19:00,2026-01-07 20:53:53.036409,2026-01-07 20:58:42.771698,C1078,9.0,cash,386.53,01205062,delivered
102033,R7,Heliopolis,2026-01-07 20:57:00,2026-01-07 21:44:09.219078,,C1134,11.9,cash,75.26,01423454933,cancelled
100440,R79,Heliopolis,2026-01-07 21:16:00,2026-01-07 21:32:51.441363,2026-01-07 21:29:50.325881,C1031,3.2,card,100.98,1181799302,delivered
100314,R16,Dokki,2026-01-07 21:46:00,2026-01-07 22:30:57.904187,2026-01-07 22:32:32.964243,C1096,10.8,cash,144.76,1135534039,delivered
101825,R51,El Maadi,2026-01-07 21:57:00,2026-01-07 22:39:43.361382,,,8.4,wallet,265.7,1082955432,cancelled
101766,R96,Dokki,2026-01-07 22:25:00,2026-01-07 22:46:55.535573,2026-01-07 22:48:43.523720,C1128,2.8,cash,187.27,01077852546,delivered
102223,R147,Maadi,2026-01-07 22:49:00,2026-01-07 23:11:24.166346,2026-01-07 23:15:24.701365,C1124,5.7,card,324.73,01147253568,delivered
101289,R35,Heliopolis,2026-01-08 07:00:00,2026-01-08 07:34:37.327851,2026-01-08 07:38:12.395109,C1023,6.7,cash,162.67,01192212337,delivered
101299,R70,Dokki,2026-01-08 07:20:00,2026-01-08 08:09:08.528543,2026-01-08 08:09:02.587599,C1169,8.9,wallet,364.23,01131048786,delivered
100312,R16,Mohandessin,2026-01-08 08:01:00,2026-01-08 08:41:32.758446,2026-01-08 08:37:05.023271,C1185,7.6,card,179.67,01175506412,delivered
100579,R61,Heliopolis,2026-01-08 08:09:00,2026-01-08 08:38:18.589110,2026-01-08 08:41:23.022503,C1118,5.8,wallet,404.98,01191898680,delivered
101575,R95,Mohandessin,2026-01-08 08:19:00,2026-01-08 08:57:34.734974,2026-01-08 08:57:37.294891,,9.4,card,72.15,01141973614,delivered
102943,R106,El Maadi,2026-01-08 08:43:00,2026-01-08 09:29:08.332484,2026-01-08 09:32:19.158287,C1007,9.8,cash,439.35,01179344647,delivered
102015,R2,Heliopolis,2026-01-08 09:04:00,2026-01-08 09:35:29.080122,2026-01-08 09:39:56.033917,C1187,7.0,wallet,188.42,01270768187,delivered
102893,R23,El Maadi,2026-01-08 09:39:00,2026-01-08 10:23:15.457837,2026-01-08 10:21:30.810096,C1113,9.4,card,75.48,01520691036,delivered
100855,R3,Heliopolis,2026-01-08 10:13:00,2026-01-08 10:42:39.222018,2026-01-08 10:41:21.443582,C1142,5.2,card,345.14,01536228475,delivered
101329,R142,Dokki,2026-01-08 10:20:00,2026-01-08 10:36:28.606386,,C1160,3.1,cash,219.11,01060206714,cancelled
102136,R72,El Maadi,2026-01-08 10:21:00,2026-01-08 10:46:19.916957,2026-01-08 10:44:18.852676,C1090,2.4,card,183.89,1527266794,delivered
101451,R110,Maadi,2026-01-08 10:47:00,2026-01-08 11:15:46.817606,2026-01-08 11:11:04.687097,C1021,1.2,card,369.01,01246300492,delivered
101186,R75,Heliopolis,2026-01-08 11:00:00,2026-01-08 11:41:30.321722,2026-01-08 11:37:13.937815,C1018,10.0,wallet,154.77,01503431764,delivered
101880,R24,Dokki,2026-01-08 11:18:00,2026-01-08 11:33:38.056431,,C1192,1.7,card,343.62,01194518715,delivered
100057,R5,El Maadi,2026-01-08 11:27:00,2026-01-08 12:11:51.575091,2026-01-08 12:09:49.194808,C1032,10.4,cash,356.41,01569412871,delivered
101321,R145,Zamalek,2026-01-08 11:49:00,2026-01-08 12:18:02.932655,2026-01-08 12:14:07.851947,C1029,6.3,card,426.68,01217418282,delivered
102440,R53,Maadi,2026-01-08 11:50:00,2026-01-08 12:19:59.131625,2026-01-08 12:18:02.566996,C1034,4.0,wallet,236.55,01059457800,delivered
102661,R14,Mohandessin,2026-01-08 12:20:00,2026-01-08 13:03:17.777151,2026-01-08 13:05:00.112058,C1069,8.5,cash,370.43,01018311844,delivered
101230,R54,Nasr City,2026-01-08 12:45:00,2026-01-08 13:14:44.372398,2026-01-08 13:15:01.429597,C1136,8.3,cash,86.82,01242110908,delivered
102578,R135,Zamalek,2026-01-08 12:48:00,2026-01-08 13:40:20.602677,2026-01-08 13:38:12.058509,C1174,11.0,cash,154.98,01346575396,delivered
102422,R17,Maadi,2026-01-08 13:33:00,2026-01-08 14:17:47.415878,2026-01-08 14:18:03.213690,C1016,8.5,cash,385.05,01119124347,delivered
101300,R80,Nasr City,2026-01-08 13:50:00,2026-01-08 14:10:05.764028,2026-01-08 14:14:34.788293,C1148,2.0,wallet,259.31,01122985298,delivered
102508,R92,Zamalek,2026-01-08 13:52:00,2026-01-08 14:17:00.453827,2026-01-08 14:19:02.183027,C1172,1.9,cash,359.2,01272171137,delivered
101739,R112,Zamalek,2026-01-08 15:12:00,2026-01-08 16:01:13.522203,2026-01-08 15:59:28.788947,C1111,10.6,cash,131.03,01233271217,delivered
101917,R94,Heliopolis,2026-01-08 15:12:00,2026-01-08 15:41:44.109341,2026-01-08 15:43:07.801706,C1150,5.9,wallet,338.43,01593860955,delivered
101033,R136,Nasr City,2026-01-08 15:13:00,2026-01-08 15:55:04.766148,2026-01-08 15:58:32.201641,C1123,11.8,cash,131.33,01188958468,delivered
102081,R133,Maadi,2026-01-08 15:35:00,2026-01-08 16:06:00.669768,2026-01-08 16:08:27.476877,C1134,7.7,card,187.9,01191289185,delivered
101177,R24,Dokki,2026-01-08 15:37:00,2026-01-08 16:13:31.968109,,C1175,5.8,cash,156.45,01150329400,cancelled
102492,R136,Dokki,2026-01-08 16:02:00,2026-01-08 16:26:22.467337,2026-01-08 16:30:29.090110,C1175,6.9,cash,244.67,01111169008,delivered
101319,R74,Dokki,2026-01-08 16:03:00,2026-01-08 16:28:57.348077,2026-01-08 16:31:51.391234,C1176,6.2,wallet,119.72,01510436684,delivered
100413,R75,Zamalek,2026-01-08 16:53:00,2026-01-08 17:43:31.198461,2026-01-08 17:42:22.301678,C1092,11.7,card,198.42,01203562056,delivered
102382,R97,Zamalek,2026-01-08 17:16:00,2026-01-08 17:45:53.463976,2026-01-08 17:50:49.965561,C1130,5.3,wallet,286.68,01190122648,delivered
100285,R6,Nasr City,2026-01-08 17:48:00,2026-01-08 18:22:15.356275,2026-01-08 18:20:19.244501,C1198,4.7,card,115.49,01370787990,delivered
102050,R146,Mohandessin,2026-01-08 18:21:00,2026-01-08 18:56:31.202181,2026-01-08 18:54:21.321082,C1000,5.1,card,371.37,01008849557,delivered
101514,R35,Nasr City,2026-01-08 19:08:00,2026-01-08 19:48:50.885339,2026-01-08 19:52:12.831742,C1013,11.1,cash,200.32,01517331582,delivered
102687,R14,Dokki,2026-01-08 19:20:00,2026-01-08 20:01:07.222145,2026-01-08 19:59:50.805356,C1197,6.8,cash,414.71,01581880879,delivered
101604,R141,Heliopolis,2026-01-08 19:28:00,2026-01-08 20:24:24.698147,2026-01-08 20:24:33.582341,C1153,11.7,cash,360.85,01254558890,delivered
102239,R78,Zamalek,2026-01-08 19:31:00,2026-01-08 20:12:23.861034,2026-01-08 20:13:20.588640,C1162,6.8,cash,284.71,01040411713,delivered
102278,R73,Zamalek,2026-01-08 19:40:00,2026-01-08 20:09:00.012434,2026-01-08 20:08:32.129290,,4.8,card,316.62,01236021412,delivered
102462,R119,Mohandessin,2026-01-08 20:21:00,2026-01-08 20:47:28.074214,2026-01-08 20:44:17.968471,C1116,5.4,wallet,186.39,01104684142,delivered
102783,R62,Heliopolis,2026-01-08 20:23:00,2026-01-08 21:05:05.207650,2026-01-08 21:03:54.937067,C1154,8.9,cash,386.88,01082344,delivered
102203,R138,Maadi,2026-01-08 20:27:00,2026-01-08 20:58:27.635005,2026-01-08 20:54:30.737994,C1110,3.0,card,157.08,01538072951,delivered
102099,R111,Zamalek,2026-01-08 21:15:00,2026-01-08 21:52:54.757193,2026-01-08 21:49:22.689750,C1022,8.1,card,389.62,01250222558,delivered
100022,R141,El Maadi,2026-01-08 22:57:00,2026-01-08 23:46:00.299627,2026-01-08 23:48:57.368530,C1186,9.8,card,97.07,01011505446,delivered
100590,R58,Nasr City,2026-01-09 07:11:00,2026-01-09 07:56:04.271424,2026-01-09 07:56:34.097024,C1069,9.1,cash,119.73,01106129025,delivered
102211,R134,El Maadi,2026-01-09 07:29:00,2026-01-09 07:55:56.007977,2026-01-09 07:56:37.319751,C1075,5.4,cash,183.12,01542096414,delivered
100553,R20,Dokki,2026-01-09 07:31:00,2026-01-09 08:00:11.156285,2026-01-09 08:00:36.062621,C1076,5.7,cash,293.98,01031529339,delivered
100249,R16,Maadi,2026-01-09 07:48:00,2026-01-09 08:20:57.257764,2026-01-09 08:20:27.673830,C1081,8.1,cash,344.42,01189250610,delivered
102044,R43,Mohandessin,2026-01-09 07:59:00,2026-01-09 08:21:21.040055,2026-01-09 08:23:46.134339,C1189,3.6,wallet,271.63,01239265617,delivered
101147,R29,Dokki,2026-01-09 08:16:00,2026-01-09 09:04:03.133112,2026-01-09 09:04:17.453285,C1186,8.0,card,217.11,01548867583,delivered
102847,R83,maadi,2026-01-09 09:16:00,2026-01-09 10:11:55.607585,2026-01-09 10:08:11.735055,C1087,10.9,card,71.88,01226226335,delivered
102328,R67,Maadi,2026-01-09 09:33:00,2026-01-09 10:25:40.315704,2026-01-09 10:21:21.208023,C1056,10.1,cash,121.36,01193762946,delivered
102481,R23,Heliopolis,2026-01-09 10:30:00,2026-01-09 11:03:46.329970,2026-01-09 11:03:33.196724,C1148,7.9,card,358.64,01212272312,delivered
102093,R92,El Maadi,2026-01-09 11:15:00,2026-01-09 11:45:51.157746,2026-01-09 11:41:38.537489,C1062,5.2,card,97.7,01168734347,delivered
101738,R120,Maadi,2026-01-09 11:30:00,2026-01-09 12:05:07.654344,2026-01-09 12:09:52.170112,C1122,6.7,cash,447.36,01109432072,delivered
101121,R135,Maadi,2026-01-09 11:55:00,2026-01-09 12:28:12.756327,2026-01-09 12:27:47.087753,C1074,4.9,card,225.51,010-8257-9394,delivered
101436,R126,Maadi,2026-01-09 12:00:00,2026-01-09 12:33:05.549992,2026-01-09 12:37:56.720741,C1148,6.2,card,78.65,01044013150,delivered
101133,R11,Zamalek,2026-01-09 12:18:00,2026-01-09 12:43:00.338112,,C1051,5.7,cash,117.72,01194221862,cancelled
102606,R29,Dokki,2026-01-09 12:37:00,2026-01-09 13:08:48.654324,2026-01-09 13:08:41.344735,C1033,5.4,cash,286.13,01188692644,delivered
101531,R87,Nasr City,2026-01-09 12:43:00,2026-01-09 13:13:13.169054,2026-01-09 13:11:19.126929,C1101,3.5,card,353.89,01578863336,delivered
101109,R125,Zamalek,2026-01-09 13:17:00,2026-01-09 13:50:34.115011,2026-01-09 13:46:13.722973,C1193,5.5,wallet,179.54,01517093089,delivered
100072,R76,Nasr City,2026-01-09 13:23:00,2026-01-09 14:03:05.114042,2026-01-09 14:05:36.511390,C1040,9.1,cash,203.48,01226791703,delivered
100934,R42,Heliopolis,2026-01-09 14:19:00,2026-01-09 14:44:41.714813,2026-01-09 14:42:50.717045,C1199,1.8,card,163.6,01164025029,delivered
102752,R58,Nasr City,2026-01-09 15:54:00,2026-01-09 16:15:03.129088,,C1160,3.2,wallet,293.6,01198116460,cancelled
101092,R34,Nasr City,2026-01-09 16:00:00,2026-01-09 16:18:35.652131,2026-01-09 16:22:52.349219,C1069,3.6,wallet,222.13,01106771434,delivered
102688,R91,Mohandessin,2026-01-09 16:01:00,2026-01-09 16:49:43.180687,2026-01-09 16:48:13.931215,C1060,10.8,cash,252.67,01241903484,delivered
100170,R106,Maadi,2026-01-09 17:13:00,2026-01-09 17:38:42.393029,2026-01-09 17:39:05.894004,C1070,3.4,cash,385.99,01029880556,delivered
102388,R78,Dokki,2026-01-09 18:04:00,2026-01-09 18:25:43.245383,2026-01-09 18:27:21.204412,C1017,4.7,wallet,234.6,01053917332,delivered
100143,R142,Nasr City,2026-01-09 18:12:00,2026-01-09 18:51:27.817934,,C1173,5.1,cash,343.87,01100987800,cancelled
100690,R85,Maadi,2026-01-09 18:29:00,2026-01-09 19:20:15.036837,2026-01-09 19:24:48.941860,C1008,10.1,cash,101.44,01054559246,delivered
101431,R110,Mohandessin,2026-01-09 19:16:00,2026-01-09 19:54:40.190018,2026-01-09 19:51:43.603618,C1011,6.0,cash,409.43,01214961204,delivered
100132,R40,Heliopolis,2026-01-09 19:16:00,2026-01-09 19:50:47.973258,2026-01-09 19:50:16.902910,C1092,5.6,cash,402.97,01589473750,delivered
102276,R87,Nasr City,2026-01-09 20:36:00,2026-01-09 21:07:59.851320,2026-01-09 21:07:49.144483,C1110,8.8,card,104.09,011273177,delivered
100229,R77,Zamalek,2026-01-09 20:52:00,2026-01-09 21:22:12.243140,2026-01-09 21:18:03.158206,C1148,4.4,card,241.2,01122209211,delivered
100411,R10,Maadi,2026-01-09 21:35:00,2026-01-09 22:26:44.358109,2026-01-09 22:25:21.631627,,9.7,cash,98.38,01057416104,delivered
102528,R37,Mohandessin,2026-01-10 07:04:00,2026-01-10 07:29:54.146350,2026-01-10 07:34:15.255399,C1190,4.7,card,217.57,01256955158,delivered
102521,R121,Maadi,2026-01-10 08:11:00,2026-01-10 08:43:36.951868,2026-01-10 08:47:44.746955,C1055,5.0,card,439.51,01443824464,delivered
101193,R91,Dokki,2026-01-10 08:12:00,2026-01-10 08:54:56.454253,2026-01-10 08:52:51.408476,C1148,7.9,cash,137.36,01135511283,delivered
102148,R12,Maadi,2026-01-10 08:44:00,2026-01-10 09:04:05.235209,2026-01-10 09:01:25.955898,C1103,1.7,card,181.67,01208268612,delivered
100382,R125,El Maadi,2026-01-10 08:53:00,2026-01-10 09:16:41.789949,2026-01-10 09:16:13.761593,,2.5,wallet,74.56,011-0265-8000,delivered
100148,R115,Nasr City,2026-01-10 09:04:00,2026-01-10 09:50:07.013173,2026-01-10 09:47:05.801621,C1150,11.2,wallet,343.02,1286270887,delivered
100834,R20,Maadi,2026-01-10 09:12:00,2026-01-10 09:45:19.475900,2026-01-10 09:42:00.597687,C1029,1.3,cash,213.28,01661152911,delivered
100196,R112,Zamalek,2026-01-10 09:42:00,2026-01-10 10:39:29.797081,2026-01-10 10:35:57.658786,C1170,9.7,cash,169.43,01525807261,delivered
102348,R131,Nasr City,2026-01-10 10:21:00,2026-01-10 11:01:15.469276,2026-01-10 11:03:47.282958,C1168,9.9,card,344.64,01562509553,delivered
102720,R66,Mohandessin,2026-01-10 10:42:00,2026-01-10 11:07:44.607811,2026-01-10 11:07:58.942915,C1189,5.5,cash,206.65,01279406701,delivered
100852,R47,Dokki,2026-01-10 11:18:00,2026-01-10 11:45:05.648474,2026-01-10 11:48:16.779122,C1004,5.7,wallet,439.01,01512183729,delivered
100465,R125,Nasr City,2026-01-10 12:03:00,2026-01-10 12:54:35.393205,2026-01-10 12:50:04.753423,C1076,11.4,card,405.9,01117064795,delivered
101736,R43,Heliopolis,2026-01-10 12:18:00,2026-01-10 13:09:15.801351,2026-01-10 13:05:58.617485,C1118,9.5,cash,351.08,01280543803,delivered
101150,R81,Nasr City,2026-01-10 13:00:00,2026-01-10 13:50:24.410427,2026-01-10 13:46:11.314917,,8.9,cash,249.33,01030623957,delivered
102629,R117,Maadi,2026-01-10 13:02:00,2026-01-10 13:22:05.362288,2026-01-10 13:19:24.876145,C1103,2.0,cash,229.34,01030229041,delivered
101732,R71,Nasr City,2026-01-10 13:03:00,2026-01-10 13:44:52.684432,2026-01-10 13:45:50.651585,C1010,8.6,cash,126.77,01248146099,delivered
101793,R84,Maadi,2026-01-10 13:34:00,2026-01-10 14:14:53.627726,2026-01-10 14:17:15.974426,C1098,9.9,wallet,164.48,01089330539,delivered
101668,R99,Nasr City,2026-01-10 13:52:00,2026-01-10 14:42:06.174936,,C1072,8.9,wallet,110.41,01042931070,cancelled
101168,R47,Dokki,2026-01-10 14:10:00,2026-01-10 14:39:42.885491,2026-01-10 14:41:55.332599,C1169,6.6,cash,410.69,01091874265,delivered
100016,R90,Dokki,2026-01-10 14:13:00,2026-01-10 14:39:24.632304,2026-01-10 14:43:05.275676,C1150,6.8,cash,226.09,01582452229,delivered
100619,R48,Mohandessin,2026-01-10 14:49:00,2026-01-10 15:37:16.047909,2026-01-10 15:37:18.280973,C1191,10.8,cash,145.78,01105742565,delivered
101545,R85,Zamalek,2026-01-10 14:51:00,2026-01-10 15:16:26.197942,,C1126,2.0,cash,239.66,01247932977,cancelled
102372,R147,Nasr City,2026-01-10 15:05:00,2026-01-10 15:52:06.349484,2026-01-10 15:48:11.249709,C1172,7.7,cash,98.24,01294204168,delivered
101595,R85,Heliopolis,2026-01-10 15:06:00,2026-01-10 15:55:24.155045,2026-01-10 15:53:03.373784,C1033,8.7,card,105.79,01144687431,delivered
100515,R12,Mohandessin,2026-01-10 16:05:00,2026-01-10 16:27:46.449452,2026-01-10 16:24:45.162836,C1100,2.7,wallet,315.73,01094656382,delivered
101965,R109,Maadi,2026-01-10 16:10:00,2026-01-10 16:39:51.810836,2026-01-10 16:40:55.034866,C1159,6.1,cash,73.71,011-2540-9689,delivered
102460,R53,Dokki,2026-01-10 16:38:00,2026-01-10 17:13:59.756089,2026-01-10 17:15:12.160320,,4.8,card,284.83,01094112734,delivered
100864,R40,Nasr City,2026-01-10 16:45:00,2026-01-10 17:16:33.270105,2026-01-10 17:19:55.835791,C1032,7.0,card,148.65,01557884400,delivered
102373,R73,Maadi,2026-01-10 18:13:00,2026-01-10 18:57:53.566155,2026-01-10 18:55:30.951674,C1079,7.6,cash,255.53,01280610010,delivered
102924,R68,Zamalek,2026-01-10 18:27:00,2026-01-10 18:56:16.865080,2026-01-10 18:55:03.225444,C1195,3.1,cash,300.46,01182381944,delivered
100925,R134,Nasr City,2026-01-10 18:40:00,2026-01-10 19:09:05.599970,2026-01-10 19:04:38.933672,C1167,5.2,cash,279.34,01141867963,delivered
100660,R91,Zamalek,2026-01-10 18:52:00,2026-01-10 19:31:00.838414,2026-01-10 19:32:22.018861,C1024,9.0,wallet,143.63,01530774524,delivered
101397,R139,Maadi,2026-01-10 19:20:00,2026-01-10 20:02:54.706380,2026-01-10 20:05:01.099246,C1128,6.7,card,80.19,01555647373,delivered
102322,R135,Heliopolis,2026-01-10 20:19:00,2026-01-10 20:58:01.296990,2026-01-10 20:57:10.283872,C1083,3.9,cash,410.85,01148718125,delivered
101625,R46,Nasr City,2026-01-10 20:31:00,2026-01-10 21:19:13.799677,2026-01-10 21:22:07.226544,C1151,10.8,card,119.9,01090207445,delivered
101239,R119,Nasr City,2026-01-10 21:09:00,2026-01-10 21:44:26.634648,2026-01-10 21:43:16.459284,C1179,7.5,cash,395.21,01561922103,delivered
102150,R29,Heliopolis,2026-01-10 22:30:00,2026-01-10 22:51:37.911934,2026-01-10 22:56:04.699461,C1124,1.7,card,368.82,01230971686,delivered
101134,R51,Dokki,2026-01-10 22:38:00,2026-01-10 23:19:54.134866,,C1187,7.4,card,186.97,01095281158,cancelled
102335,R16,Heliopolis,2026-01-11 07:08:00,2026-01-11 07:40:17.844909,2026-01-11 07:41:06.521478,,5.4,cash,289.27,01107462976,delivered
100277,R102,Nasr City,2026-01-11 08:01:00,2026-01-11 08:49:44.533971,2026-01-11 08:48:24.197368,,10.5,cash,445.97,01152792217,delivered
101751,R114,Mohandessin,2026-01-11 08:06:00,2026-01-11 08:45:08.825785,2026-01-11 08:43:24.050164,C1168,7.2,cash,236.21,01427426475,delivered
100112,R88,Heliopolis,2026-01-11 08:24:00,2026-01-11 08:53:02.871258,2026-01-11 08:52:58.975206,C1103,6.3,wallet,235.72,01010506437,delivered
102820,R9,Nasr City,2026-01-11 08:25:00,2026-01-11 09:18:26.401382,2026-01-11 09:19:52.702896,C1090,11.6,card,343.49,01517212964,delivered
100344,R119,Zamalek,2026-01-11 08:42:00,2026-01-11 08:56:27.531597,2026-01-11 08:55:22.400796,C1024,1.5,cash,302.86,01558094219,delivered
103000,R75,Zamalek,2026-01-11 10:00:00,2026-01-11 10:26:43.044907,2026-01-11 10:28:46.959894,C1041,3.8,cash,185.93,01291712501,delivered
100813,R9,Heliopolis,2026-01-11 10:02:00,2026-01-11 10:26:14.208377,2026-01-11 10:21:51.254505,C1168,2.3,wallet,383.01,01069727887,delivered
100380,R122,Zamalek,2026-01-11 10:27:00,2026-01-11 10:55:26.318292,,C1192,5.8,cash,89.28,01560845960,cancelled
101243,R87,Maadi,2026-01-11 10:36:00,2026-01-11 10:46:00.000000,2026-01-11 10:45:39.858352,C1138,1.4,card,212.99,1064195296,delivered
100562,R74,Zamalek,2026-01-11 10:40:00,2026-01-11 11:22:31.861301,2026-01-11 11:20:29.105596,,9.7,cash,205.86,01149336182,delivered
101871,R106,Zamalek,2026-01-11 10:56:00,2026-01-11 11:30:36.905971,2026-01-11 11:30:48.799865,C1195,9.9,card,100.41,01395467196,delivered
101241,R69,Mohandessin,2026-01-11 11:24:00,2026-01-11 12:06:15.678797,2026-01-11 12:03:27.785235,C1017,8.2,cash,405.01,01058456578,delivered
102307,R38,Dokki,2026-01-11 11:45:00,2026-01-11 12:10:56.219532,2026-01-11 12:13:33.336213,C1152,5.9,wallet,332.87,01033942012,delivered
102019,R77,Heliopolis,2026-01-11 12:04:00,2026-01-11 12:28:10.159270,2026-01-11 12:27:40.286326,C1100,2.8,wallet,190.81,01063685268,delivered
102858,R18,Heliopolis,2026-01-11 12:27:00,2026-01-11 12:50:49.818986,2026-01-11 12:54:47.575741,C1102,3.0,cash,208.36,01553020443,delivered
102681,R132,Dokki,2026-01-11 12:28:00,2026-01-11 12:59:33.583169,,C1166,5.4,cash,398.93,01057198990,cancelled
100248,R98,Mohandessin,2026-01-11 13:25:00,2026-01-11 14:12:57.744618,2026-01-11 14:09:34.675054,C1160,11.6,cash,367.77,01189817346,delivered
101656,R145,Heliopolis,2026-01-11 13:42:00,2026-01-11 14:15:06.595818,2026-01-11 14:19:07.773907,C1001,8.1,wallet,336.4,01284218777,delivered
102345,R122,Maadi,2026-01-11 13:44:00,2026-01-11 14:10:28.078515,2026-01-11 14:07:10.604275,C1024,1.6,card,95.48,01157782983,delivered
101278,R73,Mohandessin,2026-01-11 13:50:00,2026-01-11 14:29:26.463333,2026-01-11 14:32:24.166539,C1099,5.1,card,249.01,01507784543,delivered
102788,R43,Maadi,2026-01-11 15:26:00,2026-01-11 15:52:00.038897,2026-01-11 15:50:18.052557,,5.1,cash,250.14,01130180293,delivered
100872,R120,Maadi,2026-01-11 15:29:00,2026-01-11 16:04:20.126822,2026-01-11 16:08:38.790877,C1191,8.2,cash,445.2,01160612824,delivered
101271,R135,Heliopolis,2026-01-11 15:49:00,2026-01-11 16:19:32.704630,2026-01-11 16:15:11.102628,C1007,3.2,card,104.9,1229260128,delivered
101550,R82,Maadi,2026-01-11 16:36:00,2026-01-11 17:00:07.611187,,C1102,1.2,wallet,213.22,01156090443,cancelled
101731,R62,Heliopolis,2026-01-11 17:28:00,2026-01-11 18:06:15.910352,2026-01-11 18:08:57.286885,C1183,8.4,cash,368.21,01293717458,delivered
101971,R146,Nasr City,2026-01-11 18:30:00,2026-01-11 19:07:32.407536,,C1086,9.6,wallet,65.86,0102980,delivered
102065,R144,Nasr City,2026-01-11 18:40:00,2026-01-11 19:25:15.811267,2026-01-11 19:25:00.883363,C1070,7.3,cash,314.85,1093077956,delivered
102191,R135,Mohandessin,2026-01-11 19:37:00,2026-01-11 20:13:27.544556,2026-01-11 20:09:09.925780,C1162,3.3,cash,335.04,01076433368,delivered
102500,R148,El Maadi,2026-01-11 20:02:00,2026-01-11 20:39:06.142333,2026-01-11 20:36:22.560798,C1183,4.9,cash,115.43,01098762120,delivered
102163,R146,Zamalek,2026-01-11 20:45:00,2026-01-11 21:18:44.450660,,C1045,7.3,wallet,204.33,01423685476,cancelled
100741,R94,El Maadi,2026-01-11 22:01:00,2026-01-11 22:43:00.294022,2026-01-11 22:38:42.537775,C1004,7.9,cash,447.66,01115780225,delivered
101772,R56,Dokki,2026-01-11 22:24:00,2026-01-11 23:03:40.866399,,,11.2,wallet,288.51,01022570684,cancelled
100362,R35,Maadi,2026-01-11 22:38:00,2026-01-11 23:20:09.911371,2026-01-11 23:17:33.797697,C1049,4.4,card,386.05,01271388042,delivered
102256,R32,Heliopolis,2026-01-11 22:45:00,2026-01-11 23:39:09.603506,2026-01-11 23:38:56.286001,C1003,11.9,cash,130.87,01168617256,delivered
100193,R120,Mohandessin,2026-01-11 22:56:00,2026-01-11 23:41:59.059847,,C1028,8.9,cash,89.89,01266175946,cancelled
100416,R84,Heliopolis,2026-01-11 22:56:00,2026-01-11 23:31:34.288090,2026-01-11 23:32:18.910792,,6.4,wallet,301.79,01545612792,delivered
101580,R60,Heliopolis,2026-01-12 07:26:00,2026-01-12 08:03:35.716787,2026-01-12 08:01:21.397315,C1100,6.0,wallet,196.16,01264361366,delivered
101409,R36,El Maadi,2026-01-12 07:57:00,2026-01-12 08:13:57.771296,2026-01-12 08:16:04.801805,C1108,4.9,cash,164.4,01289766465,delivered
102168,R48,Maadi,2026-01-12 07:57:00,2026-01-12 08:29:06.288957,2026-01-12 08:31:06.094670,C1040,6.1,cash,331.99,01077892343,delivered
100807,R35,Mohandessin,2026-01-12 08:09:00,2026-01-12 08:35:13.572358,2026-01-12 08:39:51.557196,C1010,4.3,cash,357.0,0112970,delivered
102845,R94,Dokki,2026-01-12 08:09:00,2026-01-12 08:35:58.054246,2026-01-12 08:40:06.614948,C1049,6.4,cash,241.47,01585607934,delivered
101714,R85,Maadi,2026-01-12 08:49:00,2026-01-12 09:28:31.284055,2026-01-12 09:30:37.016727,C1069,9.4,card,190.25,01583262733,delivered
100094,R122,Heliopolis,2026-01-12 09:04:00,2026-01-12 09:37:02.045162,2026-01-12 09:39:30.839239,C1021,6.3,wallet,153.89,01012433729,delivered
101804,R115,Zamalek,2026-01-12 09:11:00,2026-01-12 09:45:25.234972,2026-01-12 09:43:13.833065,,4.7,card,122.92,01193744896,delivered
102738,R114,Zamalek,2026-01-12 09:21:00,2026-01-12 09:57:13.935224,2026-01-12 09:56:06.875291,C1103,6.6,card,150.05,01512951198,delivered
101892,R9,El Maadi,2026-01-12 09:58:00,2026-01-12 10:14:47.674868,2026-01-12 10:09:50.225945,C1040,1.7,wallet,119.27,01008478046,delivered
100256,R42,Nasr City,2026-01-12 10:04:00,2026-01-12 10:45:23.572520,2026-01-12 10:48:45.103530,C1180,9.0,cash,405.0,01516208810,delivered
102947,R14,maadi,2026-01-12 10:40:00,2026-01-12 11:16:04.885125,2026-01-12 11:12:03.791457,C1023,6.8,card,243.17,01247629465,delivered
102221,R104,Nasr City,2026-01-12 10:45:00,2026-01-12 11:08:48.169288,2026-01-12 11:09:03.901000,C1077,5.6,cash,230.24,01253870695,delivered
102667,R148,Maadi,2026-01-12 11:17:00,2026-01-12 11:28:16.948902,2026-01-12 11:28:21.541938,C1175,1.1,wallet,133.85,01530969844,delivered
101535,R30,Maadi,2026-01-12 11:48:00,2026-01-12 12:27:49.029150,2026-01-12 12:30:53.097402,C1172,10.0,cash,392.02,01260761635,delivered
101129,R144,Nasr City,2026-01-12 12:08:00,2026-01-12 12:40:03.658867,2026-01-12 12:35:22.409762,C1004,4.2,cash,398.66,01501388760,delivered
100843,R53,Heliopolis,2026-01-12 12:39:00,2026-01-12 13:12:29.800862,2026-01-12 13:09:48.566794,,5.5,cash,387.63,01298731515,delivered
100673,R24,Nasr City,2026-01-12 12:42:00,2026-01-12 13:10:05.509609,2026-01-12 13:13:48.696292,C1050,2.5,cash,348.26,01069400425,delivered
102684,R3,Dokki,2026-01-12 12:43:00,2026-01-12 13:31:49.464756,2026-01-12 13:31:44.993928,C1166,10.4,wallet,258.25,01214013990,delivered
101899,R11,Nasr City,2026-01-12 13:25:00,2026-01-12 13:51:38.407596,,C1046,2.1,cash,213.88,01151246349,cancelled
102456,R143,El Maadi,2026-01-12 13:29:00,2026-01-12 14:00:23.332691,2026-01-12 14:02:17.918034,C1150,3.8,card,88.84,01230615617,delivered
100501,R121,Nasr City,2026-01-12 13:47:00,2026-01-12 14:19:59.562659,2026-01-12 14:18:16.340960,C1162,4.4,cash,113.65,01209461252,delivered
100711,R140,Heliopolis,2026-01-12 14:24:00,2026-01-12 14:36:02.721910,2026-01-12 14:34:00.584485,C1155,1.1,card,202.1,01108891838,delivered
101981,R119,Nasr City,2026-01-12 14:46:00,2026-01-12 14:58:20.268702,2026-01-12 15:01:50.603229,C1079,2.3,wallet,359.51,01185966527,delivered
100392,R18,Zamalek,2026-01-12 14:55:00,2026-01-12 15:32:16.578128,2026-01-12 15:28:22.032106,C1027,5.5,card,211.53,01288257469,delivered
102424,R24,Nasr City,2026-01-12 15:20:00,2026-01-12 15:59:05.795664,2026-01-12 15:58:39.061519,C1028,6.8,cash,242.13,01594720991,delivered
101878,R131,Dokki,2026-01-12 15:46:00,2026-01-12 16:07:47.888037,2026-01-12 16:10:58.434421,C1125,6.2,cash,249.31,01509870760,delivered
102875,R44,Zamalek,2026-01-12 16:24:00,2026-01-12 17:03:54.344234,,C1142,8.1,cash,79.49,01172627485,cancelled
100406,R140,Zamalek,2026-01-12 16:47:00,2026-01-12 17:30:40.597789,2026-01-12 17:29:00.064687,C1191,9.7,cash,391.34,01178940188,delivered
100634,R109,Zamalek,2026-01-12 16:57:00,2026-01-12 17:24:53.972881,2026-01-12 17:20:04.678289,C1068,6.2,cash,225.28,01564441674,delivered
100064,R3,Nasr City,2026-01-12 20:05:00,2026-01-12 20:41:23.801733,2026-01-12 20:43:01.547561,C1061,8.3,cash,363.48,01529611827,delivered
101648,R82,Heliopolis,2026-01-12 22:41:00,2026-01-12 23:24:54.468854,2026-01-12 23:22:01.745618,C1063,7.4,cash,103.3,1174637479,delivered
102161,R64,Heliopolis,2026-01-13 07:14:00,2026-01-13 07:31:30.239063,2026-01-13 07:27:11.222219,C1130,3.3,card,82.82,01037430022,delivered
100798,R22,Nasr City,2026-01-13 07:39:00,2026-01-13 08:26:57.722770,2026-01-13 08:22:18.786025,C1034,9.6,cash,339.99,01148433861,delivered
102679,R90,Dokki,2026-01-13 07:45:00,2026-01-13 08:12:25.045729,2026-01-13 08:14:52.376683,C1161,6.1,cash,300.62,015-2586-0304,delivered
100319,R107,Maadi,2026-01-13 08:14:00,2026-01-13 08:58:02.961002,2026-01-13 08:57:05.977038,C1152,9.8,cash,102.0,01252192139,delivered
101074,R36,maadi,2026-01-13 08:44:00,2026-01-13 09:29:26.872475,2026-01-13 09:31:32.768861,C1038,10.0,wallet,433.67,01588514929,delivered
102754,R96,Heliopolis,2026-01-13 08:49:00,2026-01-13 09:39:59.524479,2026-01-13 09:43:00.366502,C1080,11.6,card,81.18,01048963619,delivered
100584,R52,Maadi,2026-01-13 08:54:00,2026-01-13 09:46:05.561808,2026-01-13 09:42:54.379036,C1162,8.0,card,266.43,01069381594,delivered
100449,R45,maadi,2026-01-13 08:57:00,2026-01-13 09:40:10.393009,2026-01-13 09:38:09.322482,C1033,9.6,card,380.89,0109944,delivered
101546,R82,maadi,2026-01-13 10:06:00,2026-01-13 10:35:00.942092,2026-01-13 10:34:44.583750,C1016,6.3,wallet,260.41,1065426981,delivered
101421,R33,Maadi,2026-01-13 11:04:00,2026-01-13 11:34:29.821146,2026-01-13 11:33:30.569565,C1100,3.8,wallet,103.6,01051894665,delivered
101034,R47,Nasr City,2026-01-13 11:46:00,2026-01-13 12:05:45.275616,2026-01-13 12:07:35.550054,C1142,2.9,card,345.93,01235015974,delivered
102813,R129,Maadi,2026-01-13 11:54:00,2026-01-13 12:34:14.238686,,C1009,6.9,cash,153.51,01086538152,cancelled
101022,R104,Dokki,2026-01-13 12:33:00,2026-01-13 13:36:50.405565,2026-01-13 13:33:06.618022,C1007,11.2,cash,117.92,01539513408,delivered
102514,R107,Nasr City,2026-01-13 12:47:00,2026-01-13 13:38:42.326112,2026-01-13 13:41:33.817194,C1004,11.5,cash,288.03,01271084273,delivered
102945,R23,Dokki,2026-01-13 12:48:00,2026-01-13 13:31:33.100593,2026-01-13 13:29:29.624828,C1066,8.3,cash,216.92,01202531922,delivered
101464,R99,Zamalek,2026-01-13 12:53:00,2026-01-13 13:31:33.185110,2026-01-13 13:30:48.468066,C1081,4.8,card,198.91,01555421008,delivered
102631,R75,Heliopolis,2026-01-13 13:21:00,2026-01-13 13:54:46.361170,2026-01-13 13:58:35.369314,C1134,8.1,cash,74.7,01279166240,delivered
101309,R38,El Maadi,2026-01-13 13:59:00,2026-01-13 14:25:19.580535,2026-01-13 14:22:54.374405,C1159,2.0,card,341.01,01114981850,delivered
100197,R17,Heliopolis,2026-01-13 14:11:00,2026-01-13 14:47:51.918044,2026-01-13 14:47:15.528081,C1047,8.1,cash,124.06,01922237368,delivered
100575,R15,Zamalek,2026-01-13 15:40:00,2026-01-13 15:50:37.555223,2026-01-13 15:55:02.864096,C1105,3.7,wallet,320.27,0120175,delivered
102764,R149,El Maadi,2026-01-13 15:59:00,2026-01-13 16:48:08.655556,2026-01-13 16:53:08.344143,C1079,11.9,card,109.9,01115594054,delivered
101017,R118,Zamalek,2026-01-13 16:31:00,2026-01-13 17:08:34.343165,2026-01-13 17:11:31.804649,C1071,7.8,cash,258.9,01267750178,delivered
101496,R23,Dokki,2026-01-13 16:54:00,2026-01-13 17:12:49.057190,2026-01-13 17:17:09.354999,C1197,1.5,wallet,107.07,01992552246,delivered
101489,R60,Mohandessin,2026-01-13 17:29:00,2026-01-13 18:01:49.529493,2026-01-13 17:57:34.038394,C1087,2.0,cash,268.08,01542899987,delivered
100026,R3,Heliopolis,2026-01-13 17:37:00,2026-01-13 18:29:56.522577,2026-01-13 18:27:21.019412,C1018,10.9,card,137.3,01590001086,delivered
102779,R57,Nasr City,2026-01-13 18:40:00,2026-01-13 19:30:11.344999,2026-01-13 19:26:49.578917,C1131,9.8,wallet,199.24,01104293631,delivered
101242,R79,Nasr City,2026-01-13 18:56:00,2026-01-13 19:48:19.146881,2026-01-13 19:47:09.835466,C1056,11.5,wallet,115.03,01096960295,delivered
100203,R72,Heliopolis,2026-01-13 19:33:00,2026-01-13 20:16:20.487122,2026-01-13 20:19:49.750373,C1120,10.3,cash,428.22,01324313355,delivered
100503,R38,Maadi,2026-01-13 19:43:00,2026-01-13 20:33:32.358907,2026-01-13 20:36:12.467823,C1120,10.2,card,203.02,015-4996-5969,delivered
102169,R29,El Maadi,2026-01-13 19:46:00,2026-01-13 20:30:52.247502,2026-01-13 20:31:00.329337,C1122,11.5,cash,239.21,01137200871,delivered
100360,R84,Maadi,2026-01-13 20:26:00,2026-01-13 20:59:21.188511,2026-01-13 20:55:44.210927,C1105,1.7,cash,403.74,01252717951,delivered
100731,R12,Maadi,2026-01-13 21:24:00,2026-01-13 22:00:52.803165,2026-01-13 21:59:24.983518,C1178,10.0,cash,159.57,01190704692,delivered
101620,R72,Dokki,2026-01-13 21:31:00,2026-01-13 21:51:53.666148,,C1176,2.9,card,191.94,01175646194,cancelled
102432,R142,Mohandessin,2026-01-13 21:50:00,2026-01-13 22:28:06.366500,2026-01-13 22:31:29.604862,C1150,8.4,card,343.87,01181741971,delivered
100065,R142,Heliopolis,2026-01-13 21:54:00,2026-01-13 22:19:40.005740,2026-01-13 22:21:40.840400,C1153,3.2,cash,303.94,01295346505,delivered
101206,R28,Mohandessin,2026-01-13 22:04:00,2026-01-13 22:48:57.708057,2026-01-13 22:50:58.476618,C1026,10.3,cash,271.26,01069670976,delivered
100398,R115,Zamalek,2026-01-13 22:11:00,2026-01-13 22:34:14.248589,,C1060,1.3,wallet,334.81,01051419505,delivered
100776,R122,Zamalek,2026-01-13 22:24:00,2026-01-13 23:09:46.903116,2026-01-13 23:06:29.372373,C1068,8.9,card,389.09,01093741329,delivered
102254,R141,Maadi,2026-01-13 22:43:00,2026-01-13 23:06:39.784092,2026-01-13 23:10:07.319625,C1109,1.8,cash,84.19,01025574540,delivered
102080,R2,Zamalek,2026-01-13 22:44:00,2026-01-13 23:18:52.460493,2026-01-13 23:20:08.280502,C1065,7.1,cash,260.29,01251791047,delivered
100853,R91,Maadi,2026-01-13 22:48:00,2026-01-13 23:06:18.296046,2026-01-13 23:06:52.981481,C1167,3.4,cash,155.36,01102342597,delivered
101212,R101,Dokki,2026-01-13 22:49:00,2026-01-13 23:29:13.852964,2026-01-13 23:32:33.849613,C1027,6.2,cash,173.11,01136932754,delivered
101207,R105,Maadi,2026-01-14 07:28:00,2026-01-14 08:17:27.822650,2026-01-14 08:13:20.746198,C1017,5.3,cash,207.59,01591951604,delivered
101466,R7,El Maadi,2026-01-14 07:32:00,2026-01-14 08:22:14.291292,2026-01-14 08:19:50.544391,C1092,11.1,card,351.67,01250976564,delivered
102911,R21,Maadi,2026-01-14 07:33:00,2026-01-14 08:09:13.536357,2026-01-14 08:08:32.130862,C1012,9.1,cash,133.77,01101699757,delivered
100894,R60,Nasr City,2026-01-14 07:38:00,2026-01-14 08:08:19.099582,2026-01-14 08:04:27.294433,C1096,1.6,cash,136.12,01259308547,delivered
101198,R47,Maadi,2026-01-14 08:26:00,2026-01-14 09:26:16.375763,2026-01-14 09:23:21.969891,C1125,10.8,cash,345.24,1093499287,delivered
102505,R82,Nasr City,2026-01-14 08:42:00,2026-01-14 08:55:40.317969,2026-01-14 08:58:39.646596,C1114,3.6,cash,108.55,01980819217,delivered
101073,R55,Maadi,2026-01-14 08:53:00,2026-01-14 09:28:27.843265,2026-01-14 09:30:28.214682,C1013,6.6,cash,269.03,01123260952,delivered
100931,R100,Maadi,2026-01-14 08:58:00,2026-01-14 09:44:21.273101,2026-01-14 09:45:33.598618,C1063,9.3,cash,369.76,01588817928,delivered
101539,R140,Maadi,2026-01-14 09:41:00,2026-01-14 10:05:00.533003,2026-01-14 10:06:39.703262,C1024,4.7,card,439.7,01575669720,delivered
100332,R124,Dokki,2026-01-14 09:49:00,2026-01-14 10:23:56.215391,2026-01-14 10:21:38.539168,C1048,9.1,card,233.78,1257819965,delivered
101302,R86,Maadi,2026-01-14 09:52:00,2026-01-14 10:29:17.050860,2026-01-14 10:32:52.375180,C1161,9.0,cash,225.92,01515685194,delivered
100754,R117,El Maadi,2026-01-14 10:11:00,2026-01-14 10:26:08.179455,2026-01-14 10:23:40.868353,C1012,1.9,card,185.97,01233125775,delivered
100245,R85,Heliopolis,2026-01-14 11:15:00,2026-01-14 11:44:53.123027,2026-01-14 11:40:18.924977,C1084,2.9,cash,236.58,01682914349,delivered
100146,R89,El Maadi,2026-01-14 11:45:00,2026-01-14 12:44:09.240365,2026-01-14 12:39:52.357664,C1169,11.9,cash,64.26,01099231513,delivered
101948,R63,Maadi,2026-01-14 12:11:00,2026-01-14 12:26:38.083548,2026-01-14 12:23:46.290242,C1014,3.2,cash,272.64,01554068872,delivered
102686,R27,Nasr City,2026-01-14 12:43:00,2026-01-14 13:07:34.871651,2026-01-14 13:09:47.746800,C1115,1.9,card,222.3,01509197815,delivered
100340,R101,Nasr City,2026-01-14 12:51:00,2026-01-14 13:14:42.773903,2026-01-14 13:19:32.112401,C1119,4.6,card,332.31,01239777492,delivered
102319,R101,Nasr City,2026-01-14 13:51:00,2026-01-14 14:34:06.938858,2026-01-14 14:33:13.528631,C1029,8.2,cash,321.1,01198597734,delivered
100945,R139,Mohandessin,2026-01-14 14:24:00,2026-01-14 15:09:46.168743,2026-01-14 15:12:43.828418,C1084,12.0,cash,187.35,012-8983-6142,delivered
102375,R77,Nasr City,2026-01-14 15:07:00,2026-01-14 15:38:44.110985,2026-01-14 15:34:14.908786,C1173,7.2,wallet,193.27,01545344354,delivered
101647,R40,Nasr City,2026-01-14 15:32:00,2026-01-14 16:02:33.717746,2026-01-14 16:04:39.528028,C1199,6.0,cash,305.1,01543840673,delivered
100232,R3,Heliopolis,2026-01-14 15:38:00,2026-01-14 16:27:24.364923,2026-01-14 16:25:08.459353,C1026,9.6,cash,129.5,1046766927,delivered
102733,R95,Zamalek,2026-01-14 16:58:00,2026-01-14 17:46:54.423560,2026-01-14 17:47:41.648129,C1193,11.5,cash,62.17,1587961826,delivered
101030,R149,Zamalek,2026-01-14 17:12:00,2026-01-14 17:30:12.335520,2026-01-14 17:33:08.512044,C1147,1.8,cash,112.02,1258923124,delivered
100973,R43,Heliopolis,2026-01-14 17:12:00,2026-01-14 17:33:24.338569,2026-01-14 17:34:05.072799,C1056,2.4,wallet,195.85,01582200652,delivered
101447,R146,Heliopolis,2026-01-14 17:19:00,2026-01-14 17:39:50.798811,2026-01-14 17:41:45.143190,C1191,1.9,wallet,238.08,01589530720,delivered
100739,R27,Zamalek,2026-01-14 17:52:00,2026-01-14 18:43:23.662656,2026-01-14 18:40:09.526155,C1016,10.6,wallet,399.39,01247086743,delivered
102913,R148,Nasr City,2026-01-14 17:55:00,2026-01-14 18:28:39.263415,2026-01-14 18:30:21.989564,C1045,3.1,wallet,79.16,01585511014,delivered
100886,R147,Maadi,2026-01-14 18:34:00,2026-01-14 18:59:19.900173,,C1119,4.1,card,368.76,01567810957,cancelled
100062,R79,Zamalek,2026-01-14 21:38:00,2026-01-14 22:23:55.432984,2026-01-14 22:25:31.403765,C1063,9.0,cash,430.52,01106985094,delivered
100237,R87,maadi,2026-01-14 22:08:00,2026-01-14 22:45:24.885893,2026-01-14 22:47:32.617668,C1003,5.6,wallet,75.33,01589425186,delivered
101231,R18,Dokki,2026-01-14 22:10:00,2026-01-14 22:30:52.189549,,C1113,3.7,cash,417.68,01589772869,cancelled
100126,R109,Zamalek,2026-01-14 22:17:00,2026-01-14 22:39:57.350991,2026-01-14 22:39:59.789335,C1094,2.4,cash,422.74,01292857814,delivered
100932,R77,Maadi,2026-01-14 22:46:00,2026-01-14 23:08:41.386309,2026-01-14 23:10:56.421282,C1007,5.5,cash,102.65,01201931625,delivered
100529,R33,Zamalek,2026-01-15 07:05:00,2026-01-15 07:51:04.320404,2026-01-15 07:46:11.177867,,6.6,card,250.99,01051214225,delivered
102404,R129,Maadi,2026-01-15 07:37:00,2026-01-15 08:00:32.124481,2026-01-15 08:05:19.157221,C1066,3.2,wallet,272.36,1521352989,delivered
102896,R16,Dokki,2026-01-15 08:27:00,2026-01-15 08:58:29.398037,2026-01-15 09:00:34.031534,C1121,8.0,cash,92.45,01029954944,delivered
102393,R135,Maadi,2026-01-15 08:39:00,2026-01-15 09:15:05.593904,2026-01-15 09:10:29.876284,C1118,5.5,card,328.28,01095877057,delivered
102894,R38,Zamalek,2026-01-15 09:08:00,2026-01-15 09:56:45.864933,2026-01-15 09:55:42.980296,C1095,10.8,cash,171.66,01597146088,delivered
102457,R145,Heliopolis,2026-01-15 09:15:00,2026-01-15 09:53:59.153427,2026-01-15 09:52:28.491234,C1088,9.2,cash,400.92,01577693767,delivered
101914,R58,Maadi,2026-01-15 09:16:00,2026-01-15 09:50:03.590480,2026-01-15 09:49:39.904555,C1144,5.3,wallet,108.85,01371275014,delivered
101176,R136,Zamalek,2026-01-15 09:32:00,2026-01-15 10:00:53.280341,2026-01-15 10:03:04.926761,C1117,5.4,wallet,442.2,01025126369,delivered
101983,R34,Maadi,2026-01-15 10:03:00,2026-01-15 10:34:52.927270,2026-01-15 10:33:02.372958,C1139,4.0,card,408.28,01265937107,delivered
100293,R61,Dokki,2026-01-15 10:25:00,2026-01-15 10:49:35.246463,,C1009,6.1,card,230.14,01226853964,cancelled
101934,R49,Mohandessin,2026-01-15 11:44:00,2026-01-15 12:16:04.749932,2026-01-15 12:18:52.303753,,6.9,cash,291.09,010-6304-6947,delivered
102880,R92,Mohandessin,2026-01-15 11:52:00,2026-01-15 12:12:28.450545,2026-01-15 12:09:08.350674,C1105,1.2,card,92.03,01555469044,delivered
100518,R90,Nasr City,2026-01-15 12:00:00,2026-01-15 12:19:24.694143,2026-01-15 12:16:01.855955,C1176,1.2,cash,282.03,01095832257,delivered
101339,R12,maadi,2026-01-15 12:13:00,2026-01-15 12:46:03.668559,2026-01-15 12:48:59.015946,C1076,6.3,cash,113.91,01007051063,delivered
101853,R21,Zamalek,2026-01-15 12:48:00,2026-01-15 13:26:03.154479,2026-01-15 13:28:08.130812,,5.5,wallet,333.33,01067390528,delivered
102712,R117,Heliopolis,2026-01-15 12:58:00,2026-01-15 13:55:24.676272,2026-01-15 13:51:31.242276,C1187,10.2,wallet,336.67,012-6464-6628,delivered
102085,R20,Zamalek,2026-01-15 13:14:00,2026-01-15 13:48:46.852996,2026-01-15 13:47:03.915543,,5.5,card,244.66,01158628972,delivered
102415,R121,Nasr City,2026-01-15 13:37:00,2026-01-15 14:25:55.266612,2026-01-15 14:24:06.359280,C1124,9.4,wallet,306.75,01279986221,delivered
101141,R105,Dokki,2026-01-15 13:49:00,2026-01-15 14:41:37.800051,2026-01-15 14:43:39.106164,C1130,10.2,cash,318.35,01011889894,delivered
100239,R58,Dokki,2026-01-15 15:01:00,2026-01-15 15:48:13.326113,2026-01-15 15:47:10.873721,C1094,10.5,card,272.49,01242881329,delivered
101735,R60,Heliopolis,2026-01-15 15:20:00,2026-01-15 15:48:25.900644,2026-01-15 15:51:12.556414,C1070,4.8,cash,284.69,01516374990,delivered
102421,R30,Dokki,2026-01-15 15:23:00,2026-01-15 15:41:51.054650,2026-01-15 15:45:05.873126,C1043,6.6,cash,119.6,01287999,delivered
100818,R124,Mohandessin,2026-01-15 15:25:00,2026-01-15 15:58:00.133322,2026-01-15 15:57:50.103287,C1090,4.8,wallet,434.74,01156581463,delivered
100216,R133,Dokki,2026-01-15 16:13:00,2026-01-15 16:53:38.747694,2026-01-15 16:51:40.897285,C1068,7.5,wallet,147.85,01244499112,delivered
100452,R20,El Maadi,2026-01-15 16:37:00,2026-01-15 17:31:19.094029,2026-01-15 17:30:55.982672,C1131,10.2,cash,137.14,01117416951,delivered
100403,R39,Maadi,2026-01-15 16:51:00,2026-01-15 17:17:05.481721,2026-01-15 17:19:14.604724,C1082,3.4,cash,444.27,01418920258,delivered
102052,R133,El Maadi,2026-01-15 18:50:00,2026-01-15 19:26:03.016236,2026-01-15 19:21:48.398233,C1138,8.3,cash,253.18,01578454860,delivered
102933,R148,Zamalek,2026-01-15 19:17:00,2026-01-15 19:32:40.801545,2026-01-15 19:36:22.897819,C1074,3.3,card,148.74,01013254170,delivered
101884,R8,Nasr City,2026-01-15 19:21:00,2026-01-15 19:50:44.329564,2026-01-15 19:52:59.969587,C1064,6.7,wallet,190.64,01298963908,delivered
102846,R30,maadi,2026-01-15 19:37:00,2026-01-15 20:00:59.880171,2026-01-15 20:00:55.749774,C1122,3.8,cash,131.09,01540412184,delivered
101591,R124,Mohandessin,2026-01-15 19:43:00,2026-01-15 20:16:28.469697,2026-01-15 20:14:13.558114,C1024,4.4,cash,404.92,01154974105,delivered
100429,R13,Maadi,2026-01-15 19:44:00,2026-01-15 20:32:58.812834,2026-01-15 20:29:57.250680,C1080,10.8,wallet,435.31,01134542993,delivered
100939,R22,Nasr City,2026-01-15 19:53:00,2026-01-15 20:16:18.803041,,C1065,3.6,card,370.51,01122184781,cancelled
101470,R38,Mohandessin,2026-01-15 20:02:00,2026-01-15 20:30:47.289671,2026-01-15 20:28:00.011714,C1057,3.3,wallet,67.79,010-8841-0278,delivered
101276,R115,Nasr City,2026-01-15 20:15:00,2026-01-15 21:01:24.101484,2026-01-15 21:05:53.906473,C1134,9.9,card,261.75,01113089297,delivered
102066,R6,Maadi,2026-01-15 21:02:00,2026-01-15 21:51:30.547020,2026-01-15 21:05:00.000000,C1017,11.4,cash,320.45,01275958124,delivered
101070,R133,Maadi,2026-01-15 21:21:00,2026-01-15 21:51:24.523153,2026-01-15 21:55:13.484287,,5.4,card,96.53,01085606437,delivered
100865,R51,Nasr City,2026-01-15 21:32:00,2026-01-15 22:02:00.129739,2026-01-15 22:04:22.916472,C1031,4.6,cash,368.89,01259275123,delivered
100601,R129,Maadi,2026-01-15 21:49:00,2026-01-15 22:19:39.804071,2026-01-15 22:22:56.845801,C1134,8.2,cash,152.62,012-4332-5827,delivered
100073,R67,Dokki,2026-01-16 07:23:00,2026-01-16 08:13:31.669684,2026-01-16 08:15:03.793579,C1035,11.9,wallet,440.48,01116246922,delivered
101800,R38,Maadi,2026-01-16 07:42:00,2026-01-16 08:05:37.927910,2026-01-16 08:08:27.051903,C1165,1.7,card,446.96,01062651450,cancelled
101833,R82,El Maadi,2026-01-16 08:13:00,2026-01-16 08:54:45.246917,2026-01-16 08:56:26.141620,C1097,10.9,cash,135.73,01503605146,delivered
102452,R11,Heliopolis,2026-01-16 08:15:00,2026-01-16 08:57:39.119570,2026-01-16 09:00:55.250832,,9.2,cash,325.68,01084217265,delivered
100274,R3,Dokki,2026-01-16 08:45:00,2026-01-16 09:15:46.738337,2026-01-16 09:19:16.997048,C1057,6.9,cash,165.84,01104280740,delivered
102579,R116,Maadi,2026-01-16 08:48:00,2026-01-16 09:28:44.906926,2026-01-16 09:31:42.139074,C1021,11.8,cash,145.95,1064421874,delivered
102982,R101,Maadi,2026-01-16 08:56:00,2026-01-16 09:35:18.839172,2026-01-16 09:36:49.119629,C1061,7.0,card,156.73,01572869785,delivered
101791,R64,Nasr City,2026-01-16 09:01:00,2026-01-16 09:56:08.917768,2026-01-16 09:57:17.197444,C1116,11.9,wallet,430.76,01562113056,delivered
100381,R92,Dokki,2026-01-16 09:10:00,2026-01-16 09:31:19.207189,2026-01-16 09:35:57.320007,C1070,2.0,wallet,139.84,01132959968,delivered
101835,R112,Zamalek,2026-01-16 09:33:00,2026-01-16 10:08:49.227348,2026-01-16 10:08:47.400770,C1185,8.8,cash,290.24,01913120392,delivered
100508,R50,Nasr City,2026-01-16 10:17:00,2026-01-16 11:06:40.675449,,C1136,10.1,cash,280.94,01258253671,cancelled
102585,R3,Nasr City,2026-01-16 10:24:00,2026-01-16 11:05:08.654950,,C1087,7.6,cash,335.88,01579921840,cancelled
102587,R119,Nasr City,2026-01-16 10:56:00,2026-01-16 11:10:41.113639,,C1154,1.3,cash,123.78,01298057754,cancelled
102153,R34,El Maadi,2026-01-16 10:59:00,2026-01-16 11:43:12.953272,2026-01-16 11:39:44.692123,C1158,6.9,card,125.78,01089446181,delivered
102885,R57,Maadi,2026-01-16 11:19:00,2026-01-16 12:02:33.092922,2026-01-16 11:57:49.664867,C1124,6.6,card,194.77,015-1547-2338,delivered
100468,R136,Nasr City,2026-01-16 12:28:00,2026-01-16 12:57:56.108791,2026-01-16 13:02:34.303256,C1041,6.8,wallet,321.22,01287068743,delivered
100295,R97,Heliopolis,2026-01-16 12:40:00,2026-01-16 13:04:56.655210,2026-01-16 13:01:10.437673,C1165,1.8,wallet,225.74,01123035116,delivered
101412,R53,Heliopolis,2026-01-16 12:46:00,2026-01-16 13:28:49.502345,2026-01-16 13:30:17.793094,C1115,9.4,cash,196.32,01516121348,delivered
101811,R3,maadi,2026-01-16 13:00:00,2026-01-16 13:42:40.618216,2026-01-16 13:38:28.292681,C1056,8.5,cash,265.7,01096738672,delivered
100908,R7,Mohandessin,2026-01-16 13:50:00,2026-01-16 14:35:17.457205,2026-01-16 14:31:24.088472,C1175,5.6,wallet,217.04,011-8376-7631,delivered
100729,R50,Maadi,2026-01-16 14:15:00,2026-01-16 14:33:30.537189,2026-01-16 14:33:41.505197,C1039,2.2,cash,426.93,01019210947,delivered
102431,R37,Zamalek,2026-01-16 14:52:00,2026-01-16 15:29:35.535114,2026-01-16 15:26:15.750593,C1100,6.9,cash,265.85,01511383794,delivered
100215,R76,Dokki,2026-01-16 15:31:00,2026-01-16 16:28:54.113881,2026-01-16 16:27:42.678090,C1159,10.6,cash,119.88,01544090040,delivered
100182,R139,Dokki,2026-01-16 16:49:00,2026-01-16 17:22:30.964404,2026-01-16 17:18:10.776087,C1055,2.1,cash,274.07,01067981395,delivered
100912,R146,Dokki,2026-01-16 17:17:00,2026-01-16 17:46:56.686233,2026-01-16 17:42:29.792940,C1108,3.6,card,361.46,01274927475,delivered
100780,R124,Mohandessin,2026-01-16 17:31:00,2026-01-16 17:57:22.427822,2026-01-16 17:54:31.799628,C1020,2.6,wallet,429.98,01106408282,delivered
102831,R9,Dokki,2026-01-16 18:06:00,2026-01-16 18:55:14.430998,2026-01-16 18:53:40.682247,C1194,10.9,card,233.06,01553729898,delivered
100897,R111,Mohandessin,2026-01-16 18:11:00,2026-01-16 18:47:30.064803,2026-01-16 18:47:48.753384,,8.2,cash,402.4,01078601778,delivered
101631,R45,Heliopolis,2026-01-16 18:35:00,2026-01-16 19:03:51.999068,2026-01-16 19:03:53.545210,C1182,3.9,cash,239.83,01551182318,delivered
100425,R84,Nasr City,2026-01-16 18:46:00,2026-01-16 19:19:05.299905,2026-01-16 19:23:36.031837,,5.0,wallet,136.74,01076909523,delivered
101342,R112,Zamalek,2026-01-16 19:38:00,2026-01-16 20:13:03.892371,2026-01-16 20:16:45.599250,C1107,9.6,cash,250.75,01244698323,delivered
102264,R109,Nasr City,2026-01-16 19:54:00,2026-01-16 20:26:40.166104,2026-01-16 20:28:42.763207,,6.0,cash,287.86,01236207023,delivered
101758,R140,Mohandessin,2026-01-16 20:30:00,2026-01-16 20:42:56.777224,2026-01-16 20:40:04.397800,C1018,1.5,wallet,395.24,01207910082,delivered
102343,R56,Mohandessin,2026-01-16 22:01:00,2026-01-16 22:13:40.462794,2026-01-16 22:15:14.542742,,3.4,card,404.94,01097301106,delivered
102638,R139,El Maadi,2026-01-16 22:06:00,2026-01-16 22:36:01.297917,2026-01-16 22:36:58.260630,C1103,4.6,cash,181.47,010-5007-7300,delivered
102313,R136,Zamalek,2026-01-16 22:13:00,2026-01-16 22:47:50.496928,2026-01-16 22:43:42.765095,,5.3,cash,63.28,01041171133,delivered
101843,R93,Mohandessin,2026-01-16 22:32:00,2026-01-16 23:04:55.887472,2026-01-16 23:00:05.190478,C1112,4.7,card,427.53,01055839569,delivered
100783,R28,Heliopolis,2026-01-16 22:59:00,2026-01-16 23:23:08.169589,2026-01-16 23:24:26.546896,,3.7,cash,366.32,01288821116,delivered
101746,R64,Mohandessin,2026-01-17 07:08:00,2026-01-17 07:33:55.780548,2026-01-17 07:33:14.110081,C1004,4.1,wallet,325.82,01105760581,delivered
102628,R140,Dokki,2026-01-17 07:55:00,2026-01-17 08:25:42.966913,2026-01-17 08:28:46.936921,,7.7,card,368.22,01086631341,delivered
100736,R22,Mohandessin,2026-01-17 09:30:00,2026-01-17 10:19:21.953365,2026-01-17 10:17:36.108311,C1078,10.9,wallet,359.08,01210761572,delivered
101502,R70,Nasr City,2026-01-17 09:58:00,2026-01-17 10:57:16.075604,,C1096,11.9,card,402.8,01139153367,cancelled
100399,R141,Dokki,2026-01-17 10:09:00,2026-01-17 10:40:21.262098,2026-01-17 10:43:48.733601,,6.7,card,341.43,01132089081,delivered
100960,R75,Heliopolis,2026-01-17 11:30:00,2026-01-17 11:52:27.220473,2026-01-17 11:55:18.749012,C1024,4.9,cash,163.48,01202772222,delivered
101612,R24,Nasr City,2026-01-17 11:46:00,2026-01-17 12:24:20.612899,2026-01-17 12:21:09.086768,C1154,6.8,card,393.38,01540966179,delivered
100313,R128,Mohandessin,2026-01-17 11:55:00,2026-01-17 12:09:23.835464,2026-01-17 12:13:08.538824,C1035,3.4,cash,75.56,01076055379,delivered
100100,R147,Nasr City,2026-01-17 13:28:00,2026-01-17 14:11:43.607517,2026-01-17 14:13:37.848690,C1026,10.5,cash,420.11,01570790441,delivered
100963,R108,Heliopolis,2026-01-17 14:02:00,2026-01-17 14:39:40.592014,2026-01-17 14:43:49.045100,C1125,8.9,cash,445.33,01586800403,delivered
102425,R59,Mohandessin,2026-01-17 15:05:00,2026-01-17 15:20:00.423188,2026-01-17 15:19:41.052310,C1192,2.5,wallet,446.66,1258528490,delivered
100222,R123,Mohandessin,2026-01-17 15:35:00,2026-01-17 16:07:28.109167,2026-01-17 16:03:05.196344,C1113,5.6,wallet,268.41,01201861406,delivered
100990,R142,Mohandessin,2026-01-17 16:05:00,2026-01-17 16:48:04.105057,2026-01-17 16:44:10.699877,C1195,10.2,wallet,398.95,01473459053,delivered
100955,R10,Heliopolis,2026-01-17 16:58:00,2026-01-17 17:26:55.140916,2026-01-17 17:30:08.035532,C1162,3.7,card,125.84,01284047873,delivered
102722,R133,Heliopolis,2026-01-17 17:39:00,2026-01-17 18:13:09.141317,2026-01-17 18:11:45.167997,C1056,5.8,card,285.58,01112201889,delivered
102469,R15,Nasr City,2026-01-17 18:24:00,2026-01-17 19:04:57.476596,2026-01-17 19:06:51.372873,C1110,11.1,wallet,90.13,01278973654,delivered
101745,R44,Mohandessin,2026-01-17 19:15:00,2026-01-17 19:47:32.739426,2026-01-17 19:48:38.647474,C1171,8.0,card,403.46,01528120171,delivered
100804,R61,Zamalek,2026-01-17 19:30:00,2026-01-17 20:31:16.336385,2026-01-17 20:26:22.310183,C1061,10.6,cash,268.12,01543493580,delivered
100983,R20,Mohandessin,2026-01-17 19:33:00,2026-01-17 20:26:33.612849,2026-01-17 20:23:26.436673,C1059,11.5,card,404.62,01174406883,delivered
100670,R117,Mohandessin,2026-01-17 19:34:00,2026-01-17 20:13:12.562526,2026-01-17 20:15:37.856248,C1008,10.7,wallet,312.52,01165587672,delivered
101393,R48,Dokki,2026-01-17 19:38:00,2026-01-17 20:27:16.605581,2026-01-17 20:30:50.637415,,11.4,cash,238.36,01266372985,delivered
101573,R90,Dokki,2026-01-17 20:06:00,2026-01-17 20:39:45.957229,2026-01-17 20:38:55.456994,C1088,7.2,cash,112.68,01639360967,delivered
101805,R27,El Maadi,2026-01-17 20:28:00,2026-01-17 20:50:56.411345,2026-01-17 20:53:19.482440,C1049,3.4,cash,366.37,01078025396,delivered
101456,R44,Nasr City,2026-01-17 20:36:00,2026-01-17 21:10:02.185987,2026-01-17 21:14:02.372944,C1129,6.6,cash,137.22,01089972772,delivered
102131,R100,Mohandessin,2026-01-17 21:02:00,2026-01-17 21:30:57.661243,2026-01-17 21:33:35.747479,C1096,7.2,cash,186.47,01248190218,delivered
102283,R39,Nasr City,2026-01-17 21:26:00,2026-01-17 21:50:31.884598,2026-01-17 21:47:55.348211,C1069,1.6,cash,250.95,01290764975,delivered
102293,R111,Maadi,2026-01-17 22:13:00,2026-01-17 22:53:29.284923,2026-01-17 22:52:28.866617,C1150,8.5,cash,336.57,01592668028,delivered
102888,R109,El Maadi,2026-01-17 22:22:00,2026-01-17 23:00:22.766190,2026-01-17 22:57:17.253354,,6.9,card,216.16,01255356638,delivered
101512,R86,Maadi,2026-01-17 22:36:00,2026-01-17 23:21:28.239506,2026-01-17 23:20:09.768226,C1052,9.8,wallet,341.14,01131994441,delivered
102723,R139,Nasr City,2026-01-17 22:59:00,2026-01-17 23:26:36.778334,2026-01-17 23:31:17.895276,C1140,5.6,card,362.87,01241191071,delivered
100199,R146,Nasr City,2026-01-18 07:00:00,2026-01-18 07:37:42.779574,2026-01-18 07:37:29.029294,C1015,8.7,cash,133.62,01531993516,delivered
100288,R40,Nasr City,2026-01-18 07:30:00,2026-01-18 07:55:09.378950,2026-01-18 07:55:35.218967,C1149,2.6,cash,191.28,01120674134,delivered
101856,R40,Zamalek,2026-01-18 07:37:00,2026-01-18 07:51:11.996037,2026-01-18 07:55:50.635036,C1165,3.5,cash,112.48,01077870443,delivered
102773,R7,Zamalek,2026-01-18 07:46:00,2026-01-18 08:14:10.924018,2026-01-18 08:09:33.700781,C1067,2.3,cash,134.06,01033449124,delivered
101633,R45,Maadi,2026-01-18 07:59:00,2026-01-18 08:46:29.791899,2026-01-18 08:49:10.115516,,11.0,cash,225.42,01569715600,delivered
102181,R113,Heliopolis,2026-01-18 08:29:00,2026-01-18 09:06:41.874413,2026-01-18 09:03:30.342257,C1022,3.9,cash,379.91,01053990907,delivered
101593,R73,Nasr City,2026-01-18 08:45:00,2026-01-18 09:36:26.872099,,C1021,8.8,card,257.3,01229109153,delivered
100470,R32,Nasr City,2026-01-18 09:39:00,2026-01-18 10:11:50.371022,2026-01-18 10:11:11.264056,C1092,5.1,cash,151.95,01352877444,delivered
100101,R40,Nasr City,2026-01-18 10:17:00,2026-01-18 10:57:17.062229,2026-01-18 11:00:18.694592,C1127,9.8,cash,112.66,01249248632,delivered
102420,R72,Nasr City,2026-01-18 10:48:00,2026-01-18 11:14:38.245750,2026-01-18 11:16:21.178688,C1132,3.2,card,429.13,01089388295,delivered
100638,R95,Mohandessin,2026-01-18 11:03:00,2026-01-18 11:47:28.374373,2026-01-18 11:45:05.236127,C1175,9.8,cash,447.46,01526429648,delivered
101379,R51,Dokki,2026-01-18 11:17:00,2026-01-18 11:47:04.094090,2026-01-18 11:44:24.346725,C1127,4.4,cash,379.11,01042479755,delivered
101493,R136,maadi,2026-01-18 11:40:00,2026-01-18 12:10:11.658204,2026-01-18 12:08:58.522923,C1123,6.7,cash,386.01,01173758177,delivered
101841,R20,El Maadi,2026-01-18 12:16:00,2026-01-18 12:44:47.674594,2026-01-18 12:47:07.685231,C1147,7.3,cash,301.32,01286042091,delivered
100321,R49,Nasr City,2026-01-18 13:09:00,2026-01-18 13:46:15.270733,2026-01-18 13:41:45.113993,C1146,10.7,wallet,251.26,01285888439,delivered
102398,R135,Dokki,2026-01-18 13:51:00,2026-01-18 14:11:13.244300,2026-01-18 14:08:31.325767,C1196,3.0,wallet,242.85,01501611445,delivered
101297,R61,Nasr City,2026-01-18 14:16:00,2026-01-18 14:39:23.996800,2026-01-18 14:35:40.217715,C1192,2.3,card,163.21,01214204036,delivered
102234,R41,Nasr City,2026-01-18 15:44:00,2026-01-18 16:18:59.818596,2026-01-18 16:21:31.666697,C1093,7.0,cash,317.84,01520793180,delivered
100882,R22,Heliopolis,2026-01-18 16:18:00,2026-01-18 17:14:33.663556,2026-01-18 17:09:45.591006,,11.3,cash,370.89,01188064777,delivered
100471,R90,Maadi,2026-01-18 16:23:00,2026-01-18 17:13:09.943722,2026-01-18 17:10:49.513422,C1184,10.4,card,230.88,01220853570,delivered
100710,R26,maadi,2026-01-18 16:53:00,2026-01-18 17:30:35.205221,2026-01-18 17:33:18.431196,C1066,8.2,cash,211.24,01287683456,delivered
100812,R38,Dokki,2026-01-18 16:59:00,2026-01-18 17:28:34.514654,2026-01-18 17:32:39.354382,,8.3,card,161.54,01142314439,delivered
102547,R71,Nasr City,2026-01-18 17:21:00,2026-01-18 18:10:48.279963,2026-01-18 18:08:18.969948,C1030,10.0,wallet,217.32,01165937107,delivered
102269,R65,Heliopolis,2026-01-18 17:32:00,2026-01-18 17:57:43.209898,2026-01-18 17:59:20.543447,C1025,2.5,card,80.54,01123171,delivered
102517,R43,maadi,2026-01-18 17:44:00,2026-01-18 18:31:14.701459,2026-01-18 18:30:15.943032,C1148,11.5,cash,169.66,01019824826,delivered
100089,R34,Heliopolis,2026-01-18 17:51:00,2026-01-18 18:51:08.024800,2026-01-18 18:47:02.372235,C1094,11.4,wallet,207.54,01054163161,delivered
100675,R77,Dokki,2026-01-18 17:59:00,2026-01-18 18:30:28.949903,,C1137,3.1,card,290.26,01565829693,cancelled
100964,R72,Heliopolis,2026-01-18 18:19:00,2026-01-18 19:03:27.537161,2026-01-18 19:06:13.569234,C1088,11.7,cash,343.84,01234526634,delivered
101101,R37,Zamalek,2026-01-18 18:37:00,2026-01-18 18:55:49.805356,2026-01-18 19:00:05.513931,C1145,3.0,card,433.64,01144184484,delivered
101004,R120,Dokki,2026-01-18 18:45:00,2026-01-18 19:17:38.745959,2026-01-18 19:16:25.670525,C1197,5.0,cash,429.62,01238740733,delivered
102697,R1,Heliopolis,2026-01-18 20:29:00,2026-01-18 20:50:53.152906,,C1173,5.1,cash,84.09,01077601691,cancelled
102306,R44,Zamalek,2026-01-18 21:05:00,2026-01-18 21:52:50.369032,2026-01-18 21:55:54.512085,C1106,10.3,cash,316.61,01149505981,delivered
102262,R53,Heliopolis,2026-01-18 21:40:00,2026-01-18 22:31:26.500626,2026-01-18 22:29:25.017068,C1023,11.0,cash,151.69,0123679,cancelled
102721,R113,Maadi,2026-01-18 21:43:00,2026-01-18 22:24:28.158130,2026-01-18 22:20:34.576805,C1101,6.2,card,98.83,01044420170,delivered
101079,R108,Dokki,2026-01-18 22:24:00,2026-01-18 23:05:12.277788,2026-01-18 23:08:37.351045,C1087,7.0,cash,440.86,01163684058,delivered
100557,R130,Nasr City,2026-01-18 22:43:00,2026-01-18 23:43:59.067751,2026-01-18 23:40:03.593731,C1094,11.1,cash,186.89,01595342396,delivered
100202,R29,maadi,2026-01-19 07:28:00,2026-01-19 07:52:17.295916,2026-01-19 07:52:44.928356,C1119,1.8,cash,84.95,0107330,delivered
101577,R82,Nasr City,2026-01-19 07:55:00,2026-01-19 08:29:09.495703,2026-01-19 08:27:33.812157,C1168,9.8,cash,380.02,01519181749,delivered
101016,R39,Heliopolis,2026-01-19 08:27:00,2026-01-19 09:16:06.363419,2026-01-19 09:16:23.361414,C1147,8.1,wallet,103.67,01129188308,delivered
101830,R51,Mohandessin,2026-01-19 09:06:00,2026-01-19 10:02:29.066886,2026-01-19 10:03:46.660229,C1166,12.0,wallet,341.53,01542099608,delivered
100486,R59,Heliopolis,2026-01-19 09:29:00,2026-01-19 09:42:40.853787,2026-01-19 09:46:40.571889,C1104,1.2,wallet,412.21,01118493967,delivered
101293,R62,El Maadi,2026-01-19 10:37:00,2026-01-19 11:06:23.697350,2026-01-19 11:09:00.916122,,9.0,cash,124.52,01085045227,delivered
100533,R111,Maadi,2026-01-19 11:29:00,2026-01-19 12:08:35.797277,2026-01-19 12:04:36.766542,C1033,5.3,card,215.43,01199156091,delivered
101261,R130,Maadi,2026-01-19 11:38:00,2026-01-19 12:25:04.752209,2026-01-19 12:24:11.541469,C1172,8.3,card,422.35,01596661836,delivered
100447,R73,Zamalek,2026-01-19 11:39:00,2026-01-19 12:09:44.017508,2026-01-19 12:11:09.445959,C1193,5.3,wallet,273.26,01282033750,delivered
102193,R139,Maadi,2026-01-19 12:24:00,2026-01-19 12:46:09.898801,2026-01-19 12:43:38.313457,C1035,1.4,cash,117.66,01014982134,delivered
102077,R76,Zamalek,2026-01-19 12:28:00,2026-01-19 12:55:11.644353,2026-01-19 12:58:32.522625,C1045,7.2,cash,86.74,01129943287,delivered
102590,R129,Maadi,2026-01-19 13:04:00,2026-01-19 13:14:45.632974,2026-01-19 13:19:08.947127,C1167,1.1,wallet,162.96,01062556298,delivered
102574,R40,Mohandessin,2026-01-19 13:51:00,2026-01-19 14:08:09.848153,2026-01-19 14:09:25.989367,C1139,1.1,wallet,71.32,01265702475,delivered
102214,R48,Mohandessin,2026-01-19 13:59:00,2026-01-19 14:46:53.060415,,C1005,10.3,cash,296.06,01176458562,cancelled
102197,R142,Nasr City,2026-01-19 16:22:00,2026-01-19 17:03:21.516522,2026-01-19 16:59:22.737422,C1055,5.2,wallet,445.62,01225643099,delivered
100684,R137,Heliopolis,2026-01-19 17:27:00,2026-01-19 17:39:46.669376,2026-01-19 17:35:19.321394,C1149,1.7,card,290.79,01177611780,delivered
102280,R42,Mohandessin,2026-01-19 18:37:00,2026-01-19 19:13:51.201074,2026-01-19 19:16:18.591274,C1078,7.8,wallet,171.91,01570623917,delivered
101718,R131,Dokki,2026-01-19 18:48:00,2026-01-19 19:29:13.318511,2026-01-19 19:27:26.160509,C1097,7.8,cash,447.15,01256401562,delivered
101865,R25,Heliopolis,2026-01-19 21:13:00,2026-01-19 21:56:05.393484,2026-01-19 21:52:51.117268,C1017,9.6,card,268.63,01250645779,delivered
100309,R141,Maadi,2026-01-19 21:17:00,2026-01-19 22:02:35.611586,2026-01-19 22:02:37.517888,C1102,7.9,cash,236.57,01262344113,delivered
101445,R25,Heliopolis,2026-01-19 21:52:00,2026-01-19 22:05:43.885025,2026-01-19 22:09:42.364794,C1056,1.8,cash,268.48,01525693205,delivered
101146,R126,El Maadi,2026-01-19 22:21:00,2026-01-19 22:59:08.922324,2026-01-19 22:54:16.971234,C1154,5.6,card,355.22,01006559871,delivered
100430,R88,Nasr City,2026-01-20 07:07:00,2026-01-20 07:32:39.954317,2026-01-20 07:29:04.170918,C1188,5.2,cash,64.81,01003318875,delivered
101640,R67,Nasr City,2026-01-20 07:09:00,2026-01-20 07:33:22.270194,2026-01-20 07:38:14.805241,C1078,3.2,cash,389.73,012-4580-3939,delivered
100941,R141,Zamalek,2026-01-20 08:30:00,2026-01-20 09:27:45.385566,2026-01-20 09:25:53.149001,C1193,11.5,cash,413.54,01157439323,delivered
100775,R139,Zamalek,2026-01-20 08:41:00,2026-01-20 09:28:43.171941,2026-01-20 09:24:58.104348,C1005,11.7,card,230.07,01250326807,delivered
101080,R104,Heliopolis,2026-01-20 09:02:00,2026-01-20 09:47:24.869234,2026-01-20 09:45:07.970736,C1109,8.7,wallet,446.36,01143007413,delivered
100888,R21,Heliopolis,2026-01-20 09:04:00,2026-01-20 09:48:10.368903,2026-01-20 09:46:24.152340,C1053,11.8,cash,249.1,01080619287,delivered
100938,R83,Heliopolis,2026-01-20 09:07:00,2026-01-20 09:37:29.662929,2026-01-20 09:41:02.016412,C1168,6.2,wallet,380.93,01599252130,delivered
102016,R77,El Maadi,2026-01-20 09:13:00,2026-01-20 09:56:00.725041,2026-01-20 09:59:15.473314,C1125,11.8,card,149.15,011349238,delivered
100922,R59,Nasr City,2026-01-20 09:16:00,2026-01-20 09:44:37.626330,2026-01-20 09:48:02.109178,C1159,6.4,cash,224.11,011-7756-5256,delivered
102312,R121,Nasr City,2026-01-20 10:04:00,2026-01-20 10:22:57.479737,2026-01-20 10:27:12.300077,C1067,4.2,wallet,205.42,01147849842,delivered
102654,R145,Heliopolis,2026-01-20 10:17:00,2026-01-20 10:47:41.656299,2026-01-20 10:46:34.098225,C1098,6.8,cash,228.34,01254091,delivered
101944,R24,Dokki,2026-01-20 10:18:00,2026-01-20 11:08:03.838276,2026-01-20 11:06:54.144976,C1102,9.7,cash,206.87,1140467350,delivered
100359,R144,Zamalek,2026-01-20 10:29:00,2026-01-20 11:15:52.463785,2026-01-20 11:11:17.682170,C1157,11.6,cash,388.68,01085355850,delivered
100284,R63,Nasr City,2026-01-20 10:50:00,2026-01-20 11:38:15.690284,2026-01-20 11:34:30.359593,C1132,9.8,wallet,101.87,01112689441,delivered
100746,R79,Dokki,2026-01-20 11:51:00,2026-01-20 12:23:52.379887,2026-01-20 12:25:50.990184,C1094,7.2,cash,109.16,01502049778,delivered
101486,R6,Heliopolis,2026-01-20 12:02:00,2026-01-20 12:29:04.179896,2026-01-20 12:25:07.993720,C1032,2.3,cash,268.14,01206707798,delivered
100527,R52,Maadi,2026-01-20 12:18:00,2026-01-20 12:40:29.751514,2026-01-20 12:39:45.142738,C1041,3.1,cash,446.93,011-6444-6252,delivered
101996,R125,Heliopolis,2026-01-20 13:24:00,2026-01-20 13:54:57.231244,2026-01-20 13:58:23.554964,C1189,5.8,wallet,244.06,01524826243,delivered
102717,R89,Nasr City,2026-01-20 13:26:00,2026-01-20 13:48:00.524195,2026-01-20 13:49:19.533165,C1190,3.1,cash,270.5,01244715733,delivered
102362,R29,El Maadi,2026-01-20 13:29:00,2026-01-20 13:58:49.417961,2026-01-20 13:58:41.972530,C1119,4.4,cash,274.36,01598309591,delivered
102170,R23,Zamalek,2026-01-20 13:47:00,2026-01-20 14:21:34.717905,2026-01-20 14:24:30.104566,C1001,10.8,cash,186.56,01182851973,delivered
102599,R11,Dokki,2026-01-20 14:15:00,2026-01-20 14:35:34.193035,2026-01-20 14:39:51.702733,C1088,6.2,cash,411.16,1144640630,delivered
101984,R138,Heliopolis,2026-01-20 14:49:00,2026-01-20 15:07:13.024703,2026-01-20 15:07:22.799289,C1189,2.7,cash,196.9,01227803516,delivered
102349,R145,Nasr City,2026-01-20 15:28:00,2026-01-20 16:11:54.807139,2026-01-20 16:09:43.455336,C1138,7.4,cash,169.37,01187115621,delivered
102096,R125,Nasr City,2026-01-20 15:35:00,2026-01-20 15:59:02.746712,2026-01-20 15:59:49.991149,C1001,1.2,card,72.09,01258132810,delivered
102650,R14,Maadi,2026-01-20 15:55:00,2026-01-20 16:28:28.642791,2026-01-20 16:25:07.407176,C1027,4.9,cash,136.41,01041803937,delivered
101336,R30,Heliopolis,2026-01-20 16:23:00,2026-01-20 17:02:46.858922,2026-01-20 17:00:14.547127,C1021,6.9,cash,118.73,012645647,delivered
100113,R23,Maadi,2026-01-20 16:58:00,2026-01-20 17:46:43.353337,2026-01-20 17:44:59.096354,C1030,11.4,cash,356.26,01095174839,delivered
101537,R136,Mohandessin,2026-01-20 17:21:00,2026-01-20 18:17:54.209396,2026-01-20 18:13:10.371465,C1075,8.7,card,270.55,01276720957,delivered
102978,R124,Nasr City,2026-01-20 17:26:00,2026-01-20 18:05:22.264978,,C1106,6.4,cash,67.32,01086189749,cancelled
101994,R135,Heliopolis,2026-01-20 18:11:00,2026-01-20 18:47:34.774951,2026-01-20 18:47:25.685002,C1046,6.0,card,434.73,01520675722,delivered
100735,R138,Heliopolis,2026-01-20 18:22:00,2026-01-20 18:51:48.517673,2026-01-20 18:48:29.522700,C1158,4.6,cash,313.12,01253800599,delivered
101353,R26,Nasr City,2026-01-20 18:48:00,2026-01-20 19:24:14.812594,2026-01-20 19:27:40.495209,C1006,9.6,card,112.3,01213025362,delivered
101524,R18,Dokki,2026-01-20 19:10:00,2026-01-20 19:28:19.936833,2026-01-20 19:30:22.542787,C1031,1.8,card,422.54,01276387854,delivered
101551,R41,Heliopolis,2026-01-20 19:48:00,2026-01-20 20:00:33.442430,2026-01-20 20:05:23.833402,C1162,2.6,cash,423.52,1139962207,delivered
102229,R120,Zamalek,2026-01-20 20:03:00,2026-01-20 20:24:05.335157,2026-01-20 20:25:09.461452,C1170,3.7,card,245.68,01575169139,delivered
100083,R87,Dokki,2026-01-20 20:04:00,2026-01-20 20:45:50.485539,2026-01-20 20:41:04.867752,C1056,4.3,cash,329.15,01013761054,delivered
100774,R61,Zamalek,2026-01-20 20:04:00,2026-01-20 20:36:48.287821,2026-01-20 20:34:20.586565,C1047,2.7,cash,316.03,01282058733,delivered
100049,R25,Zamalek,2026-01-20 20:04:00,2026-01-20 20:18:47.496172,2026-01-20 20:13:58.916661,C1140,1.3,card,348.05,01081521716,delivered
102828,R46,Mohandessin,2026-01-20 21:20:00,2026-01-20 22:04:20.960565,2026-01-20 22:03:16.423305,C1177,8.0,cash,361.96,01551242454,delivered
102863,R70,Maadi,2026-01-20 21:54:00,2026-01-20 22:13:52.818691,2026-01-20 22:17:59.438739,C1080,1.6,cash,361.39,01042483821,delivered
100349,R116,Dokki,2026-01-20 22:07:00,2026-01-20 22:33:26.767436,2026-01-20 22:29:05.380005,,2.1,wallet,372.18,01593493212,delivered
102112,R97,Maadi,2026-01-21 07:22:00,2026-01-21 08:17:34.646280,2026-01-21 08:16:36.905059,C1147,11.0,wallet,216.97,01017471654,delivered
100854,R110,maadi,2026-01-21 07:50:00,2026-01-21 08:32:53.897667,2026-01-21 08:34:14.186083,C1166,10.6,cash,367.06,01554936243,delivered
101781,R95,Dokki,2026-01-21 08:17:00,2026-01-21 08:32:41.238201,2026-01-21 08:33:16.212624,C1199,1.1,cash,200.73,01586464600,delivered
101384,R48,Mohandessin,2026-01-21 08:26:00,2026-01-21 08:58:17.071145,2026-01-21 08:59:48.086707,C1077,8.3,cash,248.27,01121049955,delivered
100758,R121,Heliopolis,2026-01-21 08:28:00,2026-01-21 08:46:40.982052,2026-01-21 08:47:44.419495,C1105,2.8,cash,386.19,01177598129,delivered
102281,R18,Mohandessin,2026-01-21 09:07:00,2026-01-21 09:42:24.921370,2026-01-21 09:38:52.006082,C1151,5.9,cash,283.96,01213096870,delivered
102267,R140,Dokki,2026-01-21 10:31:00,2026-01-21 11:04:57.069391,2026-01-21 11:09:18.101240,C1182,7.6,cash,150.81,01587940834,delivered
101823,R107,Heliopolis,2026-01-21 10:41:00,2026-01-21 11:03:26.008562,2026-01-21 11:05:47.006212,C1112,3.7,card,144.29,01220272529,delivered
102817,R99,Nasr City,2026-01-21 12:12:00,2026-01-21 12:45:56.620194,2026-01-21 12:49:16.390987,C1094,6.8,card,435.82,01252923442,delivered
101723,R69,Heliopolis,2026-01-21 12:39:00,2026-01-21 13:10:11.234003,2026-01-21 13:12:00.165501,C1037,4.3,wallet,434.55,01544032718,delivered
100272,R32,Nasr City,2026-01-21 12:40:00,2026-01-21 13:08:49.129280,2026-01-21 13:12:03.830821,C1029,7.4,cash,187.6,01581513699,delivered
102236,R9,Heliopolis,2026-01-21 12:50:00,2026-01-21 13:32:34.257987,2026-01-21 13:31:42.023851,C1198,8.8,cash,422.53,012-1820-8568,delivered
102010,R89,Maadi,2026-01-21 15:29:00,2026-01-21 16:07:22.037713,2026-01-21 16:02:22.128931,C1042,5.9,cash,161.56,01130935965,delivered
100023,R32,Dokki,2026-01-21 16:08:00,2026-01-21 16:26:06.896273,2026-01-21 16:21:59.521680,C1186,2.3,cash,361.99,01278876273,delivered
100497,R30,Nasr City,2026-01-21 16:18:00,2026-01-21 17:01:55.529219,2026-01-21 16:59:20.239205,C1194,10.6,cash,275.67,01093467659,delivered
102709,R13,Heliopolis,2026-01-21 16:45:00,2026-01-21 17:46:01.586309,2026-01-21 17:41:16.434720,C1081,11.2,card,350.31,01338655583,delivered
101704,R21,Zamalek,2026-01-21 17:21:00,2026-01-21 17:38:53.914945,2026-01-21 17:36:05.547477,C1152,2.1,cash,129.49,01597077766,delivered
101392,R87,Dokki,2026-01-21 17:32:00,2026-01-21 18:13:07.851491,2026-01-21 18:15:36.120405,C1137,8.4,wallet,277.67,01114936423,delivered
101891,R90,Nasr City,2026-01-21 17:53:00,2026-01-21 18:27:55.650571,2026-01-21 18:32:54.066694,C1152,8.3,cash,71.38,01228680907,delivered
101269,R75,El Maadi,2026-01-21 18:04:00,2026-01-21 18:35:28.036392,2026-01-21 18:38:40.282441,C1120,6.3,wallet,204.2,01074605767,delivered
102739,R87,Zamalek,2026-01-21 18:04:00,2026-01-21 18:25:31.378634,2026-01-21 18:24:36.223744,C1020,1.3,card,97.37,01172247926,delivered
100459,R59,Dokki,2026-01-21 18:22:00,2026-01-21 18:40:32.506363,2026-01-21 18:36:24.783950,,2.9,cash,435.0,01181122496,delivered
101557,R12,El Maadi,2026-01-21 19:22:00,2026-01-21 20:05:02.690035,2026-01-21 20:01:31.598395,C1124,7.2,cash,179.22,01031500428,delivered
101434,R6,Nasr City,2026-01-21 19:36:00,2026-01-21 20:27:29.846752,2026-01-21 20:22:29.960544,C1176,9.7,card,433.67,01128482621,delivered
102527,R7,Zamalek,2026-01-21 21:03:00,2026-01-21 21:48:44.200403,2026-01-21 21:46:03.650697,C1003,10.3,cash,280.55,01504263185,delivered
102530,R74,Maadi,2026-01-21 21:12:00,2026-01-21 21:50:58.679366,2026-01-21 21:52:42.982464,,10.7,card,371.89,1152909114,delivered
101757,R15,Mohandessin,2026-01-21 21:55:00,2026-01-21 22:30:23.466485,2026-01-21 22:30:11.357928,C1121,7.8,wallet,388.41,1183306314,delivered
101887,R26,Heliopolis,2026-01-21 22:32:00,2026-01-21 23:19:13.012253,2026-01-21 23:15:21.563822,C1055,7.7,card,378.8,01527013934,delivered
101292,R118,Maadi,2026-01-21 22:48:00,2026-01-21 23:31:26.067890,2026-01-21 23:26:26.944074,C1065,7.7,wallet,269.52,01264760862,delivered
100763,R84,Maadi,2026-01-22 08:42:00,2026-01-22 09:03:57.642291,2026-01-22 09:00:45.836959,C1114,1.1,cash,180.47,01021528261,delivered
101116,R4,Zamalek,2026-01-22 09:35:00,2026-01-22 10:01:37.683638,2026-01-22 10:03:33.156429,C1089,3.3,cash,62.57,01253864335,delivered
100896,R91,Heliopolis,2026-01-22 09:39:00,2026-01-22 10:09:09.989683,2026-01-22 10:13:52.831935,C1166,6.1,card,66.54,1534345669,delivered
100884,R93,Mohandessin,2026-01-22 10:06:00,2026-01-22 10:41:03.347236,2026-01-22 10:44:59.171709,C1034,11.2,card,86.18,01593909166,delivered
100706,R115,Nasr City,2026-01-22 10:19:00,2026-01-22 10:59:46.431835,2026-01-22 10:57:30.718875,C1180,8.4,cash,338.39,01091929961,delivered
100270,R120,Heliopolis,2026-01-22 10:21:00,2026-01-22 10:47:44.439082,2026-01-22 10:44:07.301925,C1118,5.2,cash,180.17,01513750588,delivered
101787,R66,El Maadi,2026-01-22 10:27:00,2026-01-22 11:05:01.733754,,C1192,5.8,cash,290.84,01175888104,cancelled
102450,R128,Zamalek,2026-01-22 11:08:00,2026-01-22 11:37:29.406715,2026-01-22 11:39:21.897272,C1148,3.2,wallet,144.31,01565208893,delivered
101069,R142,Dokki,2026-01-22 11:42:00,2026-01-22 12:02:03.778314,2026-01-22 12:04:42.321930,C1171,3.1,cash,195.85,01015117551,delivered
101202,R33,Heliopolis,2026-01-22 12:19:00,2026-01-22 12:29:01.115715,2026-01-22 12:30:11.074089,C1004,1.3,wallet,305.78,01567993227,delivered
101119,R57,Maadi,2026-01-22 12:36:00,2026-01-22 13:21:18.201784,2026-01-22 13:17:45.692941,C1041,7.7,card,73.33,01062239648,delivered
100107,R71,El Maadi,2026-01-22 12:57:00,2026-01-22 13:38:47.458091,2026-01-22 13:39:06.425842,C1020,8.8,card,138.6,01580395112,delivered
100156,R131,Nasr City,2026-01-22 14:06:00,2026-01-22 14:50:49.915178,2026-01-22 14:52:45.578120,,11.5,cash,240.85,01066172566,delivered
100141,R124,Nasr City,2026-01-22 14:52:00,2026-01-22 15:23:08.908074,2026-01-22 15:22:27.598648,C1087,4.6,wallet,448.05,01001731221,delivered
100035,R55,Heliopolis,2026-01-22 15:38:00,2026-01-22 16:21:49.379450,2026-01-22 16:17:24.244539,C1144,8.4,cash,389.35,01276835493,delivered
102045,R140,Dokki,2026-01-22 15:49:00,2026-01-22 16:24:01.782936,2026-01-22 16:26:43.608830,C1160,8.8,cash,336.61,01298818071,delivered
102959,R2,Mohandessin,2026-01-22 15:50:00,2026-01-22 16:51:01.407367,2026-01-22 16:47:15.948944,C1030,11.9,wallet,227.03,01189170797,delivered
101820,R78,Heliopolis,2026-01-22 16:24:00,2026-01-22 17:06:41.155996,2026-01-22 17:05:56.504724,,10.9,wallet,444.01,01285924966,delivered
100988,R49,Zamalek,2026-01-22 16:43:00,2026-01-22 17:12:39.790521,2026-01-22 17:17:10.566781,C1075,7.2,cash,347.4,01224057768,delivered
102589,R116,Maadi,2026-01-22 17:03:00,2026-01-22 17:38:31.506996,2026-01-22 17:41:13.244141,C1002,6.8,cash,269.31,01054945994,delivered
101522,R73,Maadi,2026-01-22 17:10:00,2026-01-22 17:38:21.859020,2026-01-22 17:38:28.109049,C1158,4.7,card,310.92,011-0793-7938,delivered
102042,R71,Dokki,2026-01-22 17:12:00,2026-01-22 17:45:11.279505,2026-01-22 17:47:41.493524,C1097,9.1,cash,163.34,01116153556,delivered
101432,R58,Nasr City,2026-01-22 18:41:00,2026-01-22 19:11:31.360598,2026-01-22 19:06:34.847453,C1159,5.0,card,348.91,01140808277,delivered
101130,R19,Heliopolis,2026-01-22 18:44:00,2026-01-22 19:21:14.823194,2026-01-22 19:22:39.640524,C1159,6.9,cash,334.96,01035176087,delivered
102439,R98,Heliopolis,2026-01-22 19:09:00,2026-01-22 19:36:41.707484,2026-01-22 19:40:30.879718,C1138,5.8,cash,196.86,01198043846,delivered
101911,R90,Maadi,2026-01-22 19:37:00,2026-01-22 20:18:16.901815,2026-01-22 20:21:25.317558,C1047,9.4,card,445.85,01162262113,delivered
102729,R68,Mohandessin,2026-01-22 19:44:00,2026-01-22 19:58:19.469022,2026-01-22 20:00:08.273033,C1171,3.3,card,344.39,01012806385,delivered
101028,R131,Maadi,2026-01-22 19:48:00,2026-01-22 20:36:59.872335,2026-01-22 20:33:04.527424,C1051,9.8,cash,283.58,012976244,delivered
102392,R26,Maadi,2026-01-22 19:49:00,2026-01-22 20:25:34.389519,2026-01-22 20:21:25.580907,C1199,7.2,wallet,268.98,01286243526,delivered
100125,R144,Heliopolis,2026-01-22 19:54:00,2026-01-22 20:33:21.040415,2026-01-22 20:37:38.537994,C1056,9.7,cash,233.53,01509100,delivered
101641,R53,Heliopolis,2026-01-22 20:07:00,2026-01-22 20:32:11.929402,2026-01-22 20:32:47.624789,C1023,1.9,card,343.29,01042045778,delivered
102417,R139,Nasr City,2026-01-22 20:31:00,2026-01-22 21:25:03.396822,2026-01-22 21:24:47.022516,C1152,11.0,wallet,426.78,01173649153,delivered
101211,R18,Heliopolis,2026-01-22 20:57:00,2026-01-22 21:34:06.081874,2026-01-22 21:35:32.113096,C1152,8.0,cash,250.13,01208376721,delivered
100013,R30,Dokki,2026-01-22 21:09:00,2026-01-22 21:36:33.696063,2026-01-22 21:40:18.433288,C1008,3.0,card,439.01,01119012210,delivered
101390,R105,Nasr City,2026-01-22 21:39:00,2026-01-22 22:15:10.938841,2026-01-22 22:19:23.527521,C1134,8.0,cash,244.36,01213161439,delivered
100563,R135,Heliopolis,2026-01-22 21:46:00,2026-01-22 22:25:08.366834,2026-01-22 22:25:31.927010,C1040,10.1,cash,444.08,0128311,delivered
102839,R2,maadi,2026-01-22 22:01:00,2026-01-22 22:39:31.743133,2026-01-22 22:41:17.726794,C1114,11.1,card,221.94,01156618494,delivered
100555,R32,Heliopolis,2026-01-22 22:47:00,2026-01-22 23:14:23.120873,2026-01-22 23:18:58.207561,C1174,4.8,card,169.9,010041500,delivered
100337,R143,Heliopolis,2026-01-23 07:16:00,2026-01-23 08:09:30.327112,2026-01-23 08:06:29.234530,C1026,11.1,cash,388.16,01534837422,delivered
101398,R48,Heliopolis,2026-01-23 07:51:00,2026-01-23 08:12:57.276168,2026-01-23 08:13:39.393597,C1000,1.3,cash,219.37,01208780848,delivered
102338,R120,Zamalek,2026-01-23 08:01:00,2026-01-23 08:29:29.135044,2026-01-23 08:27:28.990424,C1150,7.9,card,251.56,01008756772,delivered
100496,R39,Nasr City,2026-01-23 08:02:00,2026-01-23 08:40:26.853869,2026-01-23 08:38:16.411516,C1059,9.5,cash,295.88,01529218805,delivered
101988,R22,Heliopolis,2026-01-23 08:06:00,2026-01-23 08:28:26.343081,2026-01-23 08:27:16.069650,C1051,4.4,card,293.58,01194114941,delivered
101174,R48,Zamalek,2026-01-23 08:32:00,2026-01-23 09:24:28.503082,2026-01-23 09:25:16.848059,,11.5,cash,89.9,01251508064,delivered
101982,R136,Mohandessin,2026-01-23 09:12:00,2026-01-23 10:04:07.806856,2026-01-23 10:03:15.488614,C1053,11.7,card,430.54,01585873801,delivered
102941,R75,Nasr City,2026-01-23 09:18:00,2026-01-23 09:39:02.263677,2026-01-23 09:42:23.979478,C1123,4.8,cash,444.55,0122144,delivered
101768,R51,Zamalek,2026-01-23 09:32:00,2026-01-23 10:13:54.548226,2026-01-23 10:18:48.111277,C1178,10.7,card,370.96,01008859316,delivered
100191,R86,maadi,2026-01-23 09:37:00,2026-01-23 10:28:00.502507,2026-01-23 10:23:59.492462,,11.4,card,356.8,010-7030-3514,delivered
101589,R85,maadi,2026-01-23 10:03:00,2026-01-23 10:45:02.472766,2026-01-23 10:42:59.798197,C1129,6.2,cash,175.67,011585337,delivered
100730,R45,Nasr City,2026-01-23 10:14:00,2026-01-23 10:44:42.804040,2026-01-23 10:41:30.041666,C1110,6.0,cash,425.84,01596258631,delivered
100691,R88,Zamalek,2026-01-23 10:16:00,2026-01-23 11:02:41.135494,2026-01-23 10:58:15.484396,C1139,6.7,wallet,80.91,01410471854,delivered
101482,R23,Nasr City,2026-01-23 10:41:00,2026-01-23 10:59:53.436188,2026-01-23 11:02:03.108791,C1152,2.8,cash,288.54,01919415637,delivered
100803,R96,Zamalek,2026-01-23 10:58:00,2026-01-23 11:29:52.450561,2026-01-23 11:26:30.850396,C1191,6.1,card,165.25,1207772297,delivered
100355,R68,Heliopolis,2026-01-23 11:25:00,2026-01-23 11:50:50.519054,2026-01-23 11:52:48.079216,C1040,4.9,card,127.86,01146723557,delivered
102812,R77,Nasr City,2026-01-23 11:40:00,2026-01-23 12:27:46.018425,2026-01-23 12:23:20.902737,C1175,11.3,cash,266.42,01537685801,delivered
102796,R105,Nasr City,2026-01-23 12:13:00,2026-01-23 12:59:53.760280,2026-01-23 12:57:27.795424,C1188,7.6,card,151.43,01538810403,delivered
101809,R117,El Maadi,2026-01-23 12:25:00,2026-01-23 12:50:03.059640,2026-01-23 12:50:28.409637,,2.6,cash,66.9,010-2530-4725,delivered
101822,R73,Heliopolis,2026-01-23 13:07:00,2026-01-23 13:37:30.800241,2026-01-23 13:39:00.958075,C1060,6.1,card,345.91,01015801962,delivered
102935,R44,maadi,2026-01-23 14:03:00,2026-01-23 14:31:42.785321,2026-01-23 14:35:15.131107,C1177,3.1,cash,145.61,01533907187,delivered
100725,R42,Mohandessin,2026-01-23 15:06:00,2026-01-23 15:35:04.538061,2026-01-23 15:32:52.743292,C1197,5.7,card,377.0,01063818391,delivered
100240,R91,Nasr City,2026-01-23 15:44:00,2026-01-23 16:04:35.541170,2026-01-23 16:04:54.398073,C1165,2.5,card,74.05,01143264470,delivered
101204,R64,Nasr City,2026-01-23 15:46:00,2026-01-23 16:24:32.021574,,C1153,7.2,cash,188.15,01003130552,cancelled
101162,R116,Heliopolis,2026-01-23 15:50:00,2026-01-23 16:37:56.771076,2026-01-23 16:37:53.458601,C1152,10.8,wallet,448.83,1244780937,delivered
102428,R97,Maadi,2026-01-23 16:19:00,2026-01-23 16:37:50.154604,2026-01-23 16:41:00.825170,C1105,1.2,wallet,210.8,01157182997,delivered
102205,R46,Zamalek,2026-01-23 16:21:00,2026-01-23 17:09:41.244114,2026-01-23 17:13:05.783790,C1148,11.1,cash,286.04,01142123939,delivered
102346,R16,El Maadi,2026-01-23 16:49:00,2026-01-23 17:14:15.796916,2026-01-23 17:12:23.548034,C1033,2.5,wallet,355.16,01214447216,delivered
102207,R122,Maadi,2026-01-23 16:50:00,2026-01-23 17:30:37.783126,2026-01-23 17:28:37.044652,C1103,7.4,wallet,216.54,01679501285,delivered
101471,R104,Dokki,2026-01-23 16:58:00,2026-01-23 17:55:02.815553,2026-01-23 17:54:08.344673,C1070,10.2,card,152.68,01131069386,delivered
100268,R117,Nasr City,2026-01-23 17:02:00,2026-01-23 17:38:14.490636,2026-01-23 17:40:48.400157,C1071,5.8,card,371.22,0127495,delivered
101062,R108,Nasr City,2026-01-23 17:56:00,2026-01-23 18:11:14.740926,2026-01-23 18:15:32.263803,C1063,1.3,cash,286.54,01171816392,delivered
100762,R24,Dokki,2026-01-23 17:56:00,2026-01-23 18:19:31.200485,2026-01-23 18:21:32.539859,C1000,3.3,card,260.02,01329485596,delivered
102865,R128,Dokki,2026-01-23 18:03:00,2026-01-23 18:26:09.332308,2026-01-23 18:21:47.245225,C1028,2.3,cash,75.07,01111075996,delivered
100628,R131,Mohandessin,2026-01-23 18:04:00,2026-01-23 18:29:19.973137,2026-01-23 18:34:04.534531,C1169,4.8,wallet,265.14,01032507231,delivered
100766,R24,Nasr City,2026-01-23 18:25:00,2026-01-23 19:13:54.479883,2026-01-23 19:13:35.840971,C1197,11.8,card,352.9,01034044457,delivered
100661,R70,Heliopolis,2026-01-23 18:31:00,2026-01-23 18:55:38.603920,2026-01-23 18:57:30.409487,C1179,4.0,cash,212.5,01532457220,delivered
102821,R53,Nasr City,2026-01-23 18:35:00,2026-01-23 19:01:44.225793,2026-01-23 19:06:23.231156,C1049,4.9,card,148.18,01234898369,delivered
102124,R71,Zamalek,2026-01-23 18:51:00,2026-01-23 19:46:00.282115,2026-01-23 19:43:03.817721,,11.7,cash,411.25,01324109848,delivered
102213,R147,Dokki,2026-01-23 20:18:00,2026-01-23 20:50:49.932630,2026-01-23 20:48:52.644330,C1070,6.4,cash,357.35,01075805633,delivered
101246,R17,Zamalek,2026-01-23 20:39:00,2026-01-23 20:57:13.742312,2026-01-23 20:53:48.706385,C1094,1.8,wallet,357.6,01507455754,delivered
101071,R88,Maadi,2026-01-23 22:40:00,2026-01-23 23:04:01.402376,2026-01-23 23:06:58.599078,C1152,6.2,wallet,64.19,01040109840,delivered
100875,R18,Dokki,2026-01-24 07:05:00,2026-01-24 07:34:16.907979,2026-01-24 07:38:36.623460,C1150,7.3,cash,435.98,01061912935,delivered
102204,R19,Zamalek,2026-01-24 07:07:00,2026-01-24 07:25:37.051408,2026-01-24 07:29:35.054474,C1006,3.1,wallet,354.63,01000829599,delivered
100320,R72,Heliopolis,2026-01-24 07:30:00,2026-01-24 07:58:47.398401,2026-01-24 08:02:00.520678,,3.2,cash,373.57,01289634845,delivered
102220,R91,maadi,2026-01-24 07:49:00,2026-01-24 08:14:45.646101,2026-01-24 08:16:06.879560,C1148,2.4,cash,184.72,010-9206-2216,delivered
101581,R116,Nasr City,2026-01-24 08:09:00,2026-01-24 08:35:24.763169,2026-01-24 08:39:11.853137,C1111,3.7,cash,445.06,01267031523,delivered
101197,R64,El Maadi,2026-01-24 09:09:00,2026-01-24 09:26:25.662793,2026-01-24 09:24:34.314454,,1.4,cash,169.72,01091566876,delivered
101558,R28,Dokki,2026-01-24 09:15:00,2026-01-24 09:44:22.363232,2026-01-24 09:43:12.128130,C1038,2.7,card,428.67,01260114517,delivered
101555,R137,Maadi,2026-01-24 09:45:00,2026-01-24 10:21:22.222246,2026-01-24 10:17:10.856441,C1137,6.8,cash,140.91,01202027121,delivered
102074,R58,Nasr City,2026-01-24 09:55:00,2026-01-24 10:25:01.005255,2026-01-24 10:20:43.567371,,5.4,cash,437.44,01121205201,delivered
102048,R135,Nasr City,2026-01-24 11:47:00,2026-01-24 12:21:10.528498,2026-01-24 12:21:50.172381,C1159,6.8,cash,348.19,01199368761,delivered
101048,R133,Maadi,2026-01-24 11:52:00,2026-01-24 12:14:29.969332,2026-01-24 12:18:33.980365,,7.3,card,119.66,01282840388,delivered
100145,R38,Zamalek,2026-01-24 12:31:00,2026-01-24 13:12:32.045318,,C1153,6.1,cash,400.12,01214698024,cancelled
102877,R86,Maadi,2026-01-24 12:34:00,2026-01-24 13:20:55.314548,2026-01-24 13:16:30.256648,C1076,12.0,cash,326.7,010-7281-8602,delivered
100574,R41,Dokki,2026-01-24 14:42:00,2026-01-24 15:22:55.433948,2026-01-24 15:25:38.589205,C1041,7.4,cash,354.21,01215195732,delivered
102917,R145,Maadi,2026-01-24 15:24:00,2026-01-24 15:52:35.620778,2026-01-24 15:55:58.458462,,6.0,cash,324.17,01222672543,delivered
102645,R19,Maadi,2026-01-24 15:29:00,2026-01-24 16:24:10.058171,2026-01-24 16:21:49.389330,C1014,9.7,card,175.65,01517433636,delivered
100726,R111,Dokki,2026-01-24 15:47:00,2026-01-24 16:37:09.892903,2026-01-24 16:36:34.830840,C1130,8.3,card,353.07,01537347570,delivered
101568,R90,Mohandessin,2026-01-24 15:49:00,2026-01-24 16:35:48.117274,,C1096,9.2,cash,236.85,01188095115,cancelled
101663,R81,Nasr City,2026-01-24 16:13:00,2026-01-24 16:51:07.875319,2026-01-24 16:50:43.879849,C1116,8.4,cash,316.03,01250967590,delivered
100401,R142,Heliopolis,2026-01-24 16:21:00,2026-01-24 17:01:38.248543,2026-01-24 17:04:12.817169,C1086,7.9,wallet,380.09,01221347250,delivered
101972,R67,Maadi,2026-01-24 16:31:00,2026-01-24 17:01:54.643126,2026-01-24 17:06:00.069497,C1168,5.3,cash,405.17,01051232907,delivered
102186,R147,maadi,2026-01-24 17:08:00,2026-01-24 17:27:46.389695,2026-01-24 17:30:14.817026,C1093,1.1,cash,190.9,01572873043,delivered
101876,R113,Dokki,2026-01-24 17:37:00,2026-01-24 18:10:53.049046,2026-01-24 18:11:11.754317,C1004,3.6,cash,421.47,01029566964,delivered
100649,R148,Dokki,2026-01-24 18:27:00,2026-01-24 18:58:13.210125,2026-01-24 19:00:14.306981,C1110,6.3,cash,303.02,01501161716,delivered
102920,R43,Dokki,2026-01-24 18:27:00,2026-01-24 18:55:28.783556,2026-01-24 18:52:07.759159,C1092,1.9,card,144.87,01146632776,delivered
101181,R103,Mohandessin,2026-01-24 19:35:00,2026-01-24 20:21:02.772433,2026-01-24 20:23:25.068658,,10.4,wallet,317.34,01103234144,delivered
101721,R40,Mohandessin,2026-01-24 19:57:00,2026-01-24 20:36:35.349357,2026-01-24 20:32:46.954488,C1170,7.7,cash,332.62,01514980225,delivered
100967,R17,Zamalek,2026-01-24 21:07:00,2026-01-24 22:01:52.475512,2026-01-24 21:57:50.375802,C1081,11.7,cash,214.08,01549806689,delivered
102768,R13,Nasr City,2026-01-25 07:02:00,2026-01-25 07:38:06.261278,2026-01-25 07:40:15.013534,C1111,7.2,cash,222.3,010425135,delivered
100826,R79,Dokki,2026-01-25 07:03:00,2026-01-25 07:59:21.904307,2026-01-25 07:55:32.967758,C1080,11.6,wallet,338.9,0107432,delivered
100164,R25,Dokki,2026-01-25 09:05:00,2026-01-25 09:41:40.650876,2026-01-25 09:39:03.922073,C1116,4.1,cash,259.35,01508294811,delivered
102883,R124,Zamalek,2026-01-25 09:09:00,2026-01-25 09:59:23.041379,2026-01-25 09:59:12.487343,C1043,11.4,card,397.85,01189108530,delivered
100187,R62,Nasr City,2026-01-25 09:14:00,2026-01-25 10:13:35.447782,2026-01-25 10:13:03.066813,C1182,10.7,card,234.9,0158570,delivered
100422,R26,Dokki,2026-01-25 09:47:00,2026-01-25 10:19:44.498457,2026-01-25 10:18:04.808367,C1044,5.6,wallet,180.5,01224795266,delivered
102479,R106,Mohandessin,2026-01-25 10:18:00,2026-01-25 10:48:23.927136,2026-01-25 10:46:17.190375,C1121,4.2,card,162.85,01588205623,delivered
102302,R132,Nasr City,2026-01-25 10:34:00,2026-01-25 11:12:12.377082,2026-01-25 11:13:38.334891,C1026,10.6,card,325.92,010-4604-4452,delivered
101629,R9,Heliopolis,2026-01-25 10:42:00,2026-01-25 11:11:44.018746,2026-01-25 11:16:40.977764,C1128,8.4,wallet,60.02,01561134170,delivered
102087,R15,El Maadi,2026-01-25 10:55:00,2026-01-25 11:40:37.544681,2026-01-25 11:43:35.847312,C1175,7.6,cash,192.81,01233181529,delivered
101688,R35,Zamalek,2026-01-25 11:19:00,2026-01-25 12:00:39.062690,,C1123,6.7,wallet,201.52,01081247397,cancelled
101588,R80,Zamalek,2026-01-25 12:13:00,2026-01-25 12:41:52.064144,2026-01-25 12:39:19.478642,C1039,4.8,wallet,319.87,01018236203,delivered
100174,R1,Zamalek,2026-01-25 13:18:00,2026-01-25 13:41:33.712106,2026-01-25 13:45:57.439010,C1163,4.5,cash,351.64,01165235144,delivered
100412,R62,Mohandessin,2026-01-25 14:26:00,2026-01-25 14:39:36.792753,2026-01-25 14:43:27.895013,C1056,1.9,cash,290.52,01566386083,delivered
100581,R143,Mohandessin,2026-01-25 14:29:00,2026-01-25 15:05:50.344588,2026-01-25 15:07:35.027449,C1104,7.6,card,117.62,010-6016-1007,delivered
102151,R6,Dokki,2026-01-25 14:45:00,2026-01-25 15:16:34.505000,2026-01-25 15:16:11.660216,C1130,7.6,cash,160.73,01276415925,delivered
101265,R36,Dokki,2026-01-25 15:25:00,2026-01-25 15:35:00.000000,2026-01-25 15:33:45.471505,C1049,2.0,wallet,106.85,01501208830,delivered
102922,R91,Maadi,2026-01-25 16:17:00,2026-01-25 16:39:42.536940,2026-01-25 16:41:25.410387,C1026,4.5,card,155.2,01108977176,delivered
102026,R111,Heliopolis,2026-01-25 18:04:00,2026-01-25 18:39:48.063428,2026-01-25 18:37:46.235151,C1090,7.5,cash,220.87,01577589712,delivered
100291,R1,Nasr City,2026-01-25 18:12:00,2026-01-25 18:52:11.180849,2026-01-25 18:51:09.581180,C1129,8.8,cash,89.25,01107276536,delivered
102710,R86,Mohandessin,2026-01-25 18:18:00,2026-01-25 18:50:13.419191,2026-01-25 18:46:40.063898,C1008,5.8,cash,356.71,01281491124,delivered
101858,R57,Zamalek,2026-01-25 19:18:00,2026-01-25 19:39:20.558904,2026-01-25 19:38:56.617948,C1084,5.1,card,404.64,01544403372,delivered
102095,R13,Mohandessin,2026-01-25 19:26:00,2026-01-25 19:58:59.093721,2026-01-25 19:54:59.472563,C1071,6.7,cash,410.4,010578303,delivered
102024,R92,Zamalek,2026-01-25 19:57:00,2026-01-25 20:34:19.418084,2026-01-25 20:30:02.121887,C1021,2.8,cash,79.54,01204445752,delivered
101680,R91,Nasr City,2026-01-25 20:32:00,2026-01-25 21:17:59.339197,2026-01-25 21:15:48.037743,C1085,9.9,wallet,301.14,01019906617,delivered
102663,R145,Nasr City,2026-01-25 20:50:00,2026-01-25 21:22:16.520479,2026-01-25 21:17:55.706616,C1183,7.1,cash,384.82,01128507009,delivered
100063,R134,Heliopolis,2026-01-25 22:27:00,2026-01-25 23:06:46.645323,2026-01-25 23:11:15.166683,C1106,8.3,card,217.22,01255793416,delivered
102968,R49,Nasr City,2026-01-26 09:52:00,2026-01-26 10:07:33.705260,2026-01-26 10:09:53.901763,C1157,3.2,wallet,438.23,01131441710,delivered
102524,R136,Zamalek,2026-01-26 13:14:00,2026-01-26 14:03:18.898224,2026-01-26 14:06:47.705275,C1163,10.6,cash,413.14,01248003801,delivered
102955,R138,Heliopolis,2026-01-26 14:05:00,2026-01-26 14:44:07.024942,2026-01-26 14:45:47.630603,C1134,6.6,card,398.52,01083638731,delivered
101968,R91,Dokki,2026-01-26 14:06:00,2026-01-26 14:41:14.877131,2026-01-26 14:38:15.574654,C1076,4.3,cash,411.46,1245281903,delivered
100616,R44,Nasr City,2026-01-26 14:26:00,2026-01-26 14:45:16.011933,2026-01-26 14:41:10.286979,C1062,1.8,cash,177.79,01061239871,delivered
100059,R125,Nasr City,2026-01-26 14:27:00,2026-01-26 15:05:13.266301,2026-01-26 15:01:32.319201,C1105,6.9,wallet,247.99,01535921280,delivered
101050,R126,Nasr City,2026-01-26 14:56:00,2026-01-26 15:41:09.221640,2026-01-26 15:44:59.072179,C1051,9.7,card,87.23,01055300222,delivered
100845,R53,Zamalek,2026-01-26 15:12:00,2026-01-26 15:50:32.918818,2026-01-26 15:50:00.753217,C1172,6.0,cash,108.74,01261892334,delivered
102890,R44,Zamalek,2026-01-26 15:13:00,2026-01-26 15:40:57.873969,,C1005,5.4,card,376.58,01230836931,cancelled
100043,R98,El Maadi,2026-01-26 15:19:00,2026-01-26 16:03:28.737515,2026-01-26 16:04:23.184391,C1123,11.0,cash,185.77,01180205275,delivered
100282,R96,Nasr City,2026-01-26 15:26:00,2026-01-26 16:01:11.221936,2026-01-26 16:05:34.388338,C1150,6.6,cash,302.91,01534112321,delivered
102695,R19,Zamalek,2026-01-26 16:11:00,2026-01-26 16:28:17.995375,2026-01-26 16:27:24.459386,C1110,2.8,wallet,90.63,01211064626,delivered
100873,R110,Maadi,2026-01-26 16:20:00,2026-01-26 16:58:20.850309,2026-01-26 17:00:14.580064,C1143,7.8,cash,239.27,01231799142,delivered
101659,R77,Maadi,2026-01-26 18:12:00,2026-01-26 18:28:46.106678,2026-01-26 18:33:44.837814,C1097,2.9,card,243.09,01231561,delivered
102070,R46,Nasr City,2026-01-26 18:21:00,2026-01-26 19:07:06.068986,2026-01-26 19:05:19.802498,C1104,10.4,card,255.94,01360968471,delivered
102046,R23,Dokki,2026-01-26 18:38:00,2026-01-26 19:11:08.237663,2026-01-26 19:15:50.456077,C1164,7.5,cash,168.44,01092041183,delivered
101403,R27,Nasr City,2026-01-26 18:49:00,2026-01-26 19:21:29.738269,2026-01-26 19:18:32.320911,C1127,6.0,card,169.57,01561911511,delivered
100172,R9,Maadi,2026-01-26 19:35:00,2026-01-26 20:08:48.140593,2026-01-26 20:10:35.627815,C1121,5.8,wallet,348.24,01028857128,delivered
100027,R17,El Maadi,2026-01-26 20:14:00,2026-01-26 20:54:59.662310,2026-01-26 20:56:58.534780,C1011,9.8,cash,138.7,01057560841,delivered
101097,R75,Nasr City,2026-01-26 20:22:00,2026-01-26 20:34:31.590436,2026-01-26 20:39:24.501990,C1062,2.5,wallet,357.39,01521612728,delivered
102285,R98,Zamalek,2026-01-26 20:48:00,2026-01-26 21:08:09.467917,,C1132,4.0,wallet,181.27,01017488521,cancelled
102189,R50,Nasr City,2026-01-26 21:37:00,2026-01-26 22:05:14.229923,2026-01-26 22:07:03.546518,C1014,4.8,wallet,329.6,01261077736,delivered
101488,R44,Dokki,2026-01-26 21:53:00,2026-01-26 22:38:44.867591,2026-01-26 22:40:44.473228,C1059,11.4,cash,224.37,01186491636,delivered
100709,R60,Mohandessin,2026-01-26 22:22:00,2026-01-26 22:39:30.666119,2026-01-26 22:40:35.947541,C1145,1.8,cash,287.35,01148547595,delivered
102857,R57,Heliopolis,2026-01-26 22:22:00,2026-01-26 22:58:59.224946,2026-01-26 23:03:27.190670,C1160,7.2,card,190.16,01182211758,delivered
101066,R36,Mohandessin,2026-01-27 07:15:00,2026-01-27 07:36:15.130882,2026-01-27 07:38:44.925296,C1108,3.8,card,363.78,01042292721,delivered
100676,R136,Dokki,2026-01-27 07:41:00,2026-01-27 07:59:20.159593,2026-01-27 08:02:55.614588,C1134,2.7,card,298.92,01517247403,delivered
101105,R54,Mohandessin,2026-01-27 08:32:00,2026-01-27 09:11:18.681518,2026-01-27 09:08:07.785987,C1010,7.2,cash,178.28,01244346941,delivered
100613,R2,El Maadi,2026-01-27 08:38:00,2026-01-27 09:32:06.165827,2026-01-27 09:28:47.684186,C1104,11.0,card,128.26,01235926109,delivered
102633,R90,Nasr City,2026-01-27 09:18:00,2026-01-27 09:36:07.955949,2026-01-27 09:40:32.744886,C1000,3.9,cash,443.37,01169663568,delivered
102132,R71,Nasr City,2026-01-27 09:26:00,2026-01-27 10:14:09.107499,2026-01-27 10:15:04.117539,,11.9,cash,250.38,01284922271,delivered
101413,R129,Zamalek,2026-01-27 09:39:00,2026-01-27 10:13:36.958844,2026-01-27 10:12:40.853550,C1156,7.3,cash,247.93,01930268925,delivered
101410,R70,Heliopolis,2026-01-27 09:44:00,2026-01-27 10:35:18.549880,2026-01-27 10:34:48.646108,C1025,9.1,wallet,107.46,01166745279,delivered
101357,R125,Zamalek,2026-01-27 09:51:00,2026-01-27 10:42:45.844099,,,11.1,wallet,358.27,01576739427,cancelled
100051,R38,Dokki,2026-01-27 10:01:00,2026-01-27 10:40:21.434023,2026-01-27 10:44:05.767122,C1167,7.6,card,214.5,01277527791,delivered
102704,R98,Zamalek,2026-01-27 10:42:00,2026-01-27 11:10:44.250770,2026-01-27 11:05:58.023216,C1193,2.7,cash,280.6,1006897710,delivered
102620,R128,Dokki,2026-01-27 10:53:00,2026-01-27 11:29:02.422957,2026-01-27 11:24:48.506510,C1113,6.5,cash,140.83,01073770399,delivered
102927,R52,Heliopolis,2026-01-27 12:42:00,2026-01-27 13:35:42.561421,2026-01-27 13:34:29.885778,,9.9,cash,398.82,01556205115,delivered
100794,R57,Maadi,2026-01-27 12:43:00,2026-01-27 13:00:47.958207,2026-01-27 13:05:06.728472,C1023,2.4,cash,445.96,01531874917,delivered
100324,R52,Zamalek,2026-01-27 13:25:00,2026-01-27 13:53:46.902987,2026-01-27 13:55:09.827030,C1138,3.8,cash,418.0,01534076883,delivered
102609,R56,Maadi,2026-01-27 14:02:00,2026-01-27 14:45:20.531863,2026-01-27 14:40:59.047382,C1184,9.4,cash,245.11,01596370704,delivered
100481,R23,Heliopolis,2026-01-27 14:39:00,2026-01-27 15:17:32.922039,2026-01-27 15:13:34.805351,C1139,6.9,card,287.79,015-8333-7679,delivered
102442,R118,Maadi,2026-01-27 15:06:00,2026-01-27 15:35:46.829294,2026-01-27 15:32:11.915191,C1113,3.3,card,103.23,01122790168,delivered
101618,R43,El Maadi,2026-01-27 15:12:00,2026-01-27 15:57:52.987243,2026-01-27 16:02:35.860068,C1099,9.6,cash,173.6,01290190312,delivered
100765,R53,Zamalek,2026-01-27 15:16:00,2026-01-27 15:31:31.095599,2026-01-27 15:35:55.175539,C1131,4.7,cash,197.22,01540679961,delivered
102558,R15,Heliopolis,2026-01-27 15:47:00,2026-01-27 16:16:42.242864,2026-01-27 16:18:34.507606,C1124,6.2,cash,313.26,01556371301,delivered
101145,R138,Heliopolis,2026-01-27 16:00:00,2026-01-27 16:54:52.083922,2026-01-27 16:54:46.486277,C1115,11.8,wallet,168.54,01518329930,delivered
101005,R66,Dokki,2026-01-27 16:52:00,2026-01-27 17:45:58.398779,2026-01-27 17:47:10.291106,C1043,11.7,card,206.44,01657641322,delivered
101926,R123,El Maadi,2026-01-27 17:07:00,2026-01-27 17:54:30.444927,2026-01-27 17:55:17.351584,,10.7,wallet,176.91,015-3123-7540,delivered
102086,R84,Nasr City,2026-01-27 17:56:00,2026-01-27 18:24:30.015593,2026-01-27 18:19:42.310094,C1100,4.1,cash,310.89,01152283276,delivered
101626,R38,Heliopolis,2026-01-27 17:59:00,2026-01-27 18:32:20.148830,2026-01-27 18:30:41.070892,C1186,4.3,card,339.78,01013572982,delivered
101254,R104,Maadi,2026-01-27 19:22:00,2026-01-27 19:45:09.843174,2026-01-27 19:41:15.265359,C1104,2.5,cash,291.08,0104330,delivered
100531,R89,Maadi,2026-01-27 19:40:00,2026-01-27 20:29:38.789463,2026-01-27 20:25:54.307948,C1101,11.2,cash,267.09,01197027573,delivered
101187,R87,Maadi,2026-01-27 20:38:00,2026-01-27 21:25:09.204150,2026-01-27 21:28:02.513585,C1139,6.5,wallet,395.31,01116965149,delivered
101623,R17,Mohandessin,2026-01-27 20:38:00,2026-01-27 21:04:02.378721,2026-01-27 21:06:50.548827,C1004,5.9,wallet,335.12,01070632233,delivered
101697,R139,Mohandessin,2026-01-27 20:49:00,2026-01-27 21:42:17.902245,2026-01-27 21:37:44.799556,C1057,10.5,cash,269.28,01914712662,delivered
100937,R6,Maadi,2026-01-27 20:56:00,2026-01-27 21:24:54.575122,2026-01-27 21:29:26.555955,C1135,4.6,wallet,166.88,01080861650,delivered
102513,R134,Maadi,2026-01-27 20:58:00,2026-01-27 21:34:01.037525,2026-01-27 21:35:21.444347,C1130,8.5,cash,81.71,01555978874,delivered
102735,R4,Zamalek,2026-01-27 21:32:00,2026-01-27 22:01:36.092821,2026-01-27 22:05:15.029949,,7.8,cash,409.33,1088731312,delivered
102912,R51,El Maadi,2026-01-27 21:32:00,2026-01-27 22:10:38.517034,2026-01-27 22:08:49.248043,C1196,7.4,card,275.33,01604024307,delivered
100544,R135,Nasr City,2026-01-27 21:39:00,2026-01-27 21:59:39.291977,2026-01-27 22:02:18.302777,C1027,2.3,card,80.78,01241220543,delivered
100587,R75,Maadi,2026-01-27 21:53:00,2026-01-27 22:09:10.315223,,C1005,2.1,cash,391.39,01115608480,cancelled
101724,R3,Heliopolis,2026-01-27 22:31:00,2026-01-27 23:09:16.708267,2026-01-27 23:04:46.151439,C1034,8.1,card,248.27,01519519349,delivered
101313,R80,Maadi,2026-01-28 07:11:00,2026-01-28 07:39:20.200395,2026-01-28 07:38:16.615017,C1115,1.5,card,438.14,010-0621-1196,delivered
100446,R6,Dokki,2026-01-28 07:58:00,2026-01-28 08:39:44.316915,2026-01-28 08:35:12.806161,C1145,6.0,wallet,344.98,01093412645,delivered
101125,R117,Nasr City,2026-01-28 08:16:00,2026-01-28 08:49:57.569972,2026-01-28 08:49:37.292396,C1088,5.2,cash,94.09,01147437282,delivered
102534,R112,Zamalek,2026-01-28 08:37:00,2026-01-28 09:08:45.288493,2026-01-28 09:07:16.127720,C1134,3.1,cash,63.67,01222564896,delivered
101959,R131,Zamalek,2026-01-28 08:49:00,2026-01-28 09:14:45.466815,2026-01-28 09:15:53.692855,C1017,4.4,card,224.85,01180252702,delivered
102597,R116,Dokki,2026-01-28 08:55:00,2026-01-28 09:11:00.785316,2026-01-28 09:12:41.050957,C1043,2.1,wallet,400.48,1080682509,delivered
102413,R36,Zamalek,2026-01-28 09:58:00,2026-01-28 10:22:47.224219,2026-01-28 10:27:19.459702,C1004,4.8,cash,351.82,01287900637,delivered
101872,R105,Zamalek,2026-01-28 10:40:00,2026-01-28 11:13:37.671357,2026-01-28 11:09:19.789099,C1138,6.5,cash,369.94,01204387264,delivered
102212,R110,Heliopolis,2026-01-28 10:46:00,2026-01-28 11:31:48.187901,2026-01-28 11:27:42.417263,,9.3,wallet,412.78,01086383976,delivered
102887,R128,Nasr City,2026-01-28 11:05:00,2026-01-28 11:47:46.793210,2026-01-28 11:52:30.961858,C1127,11.1,cash,385.34,01586315949,delivered
102588,R43,Heliopolis,2026-01-28 11:07:00,2026-01-28 11:53:01.891971,,C1118,10.4,cash,193.78,01252580104,cancelled
100560,R116,Nasr City,2026-01-28 12:01:00,2026-01-28 12:47:46.320646,2026-01-28 12:46:56.163739,C1005,10.3,card,428.74,01411077899,delivered
101009,R32,El Maadi,2026-01-28 12:28:00,2026-01-28 12:49:41.615726,2026-01-28 12:45:33.296633,C1141,3.5,cash,65.6,01035095395,delivered
100176,R132,Nasr City,2026-01-28 12:28:00,2026-01-28 12:50:16.855305,2026-01-28 12:54:41.675446,C1109,3.4,cash,117.15,01566597039,delivered
100478,R138,Heliopolis,2026-01-28 12:55:00,2026-01-28 13:24:10.039424,2026-01-28 13:25:09.960130,C1175,4.0,cash,257.8,01107256815,delivered
102807,R66,Dokki,2026-01-28 13:29:00,2026-01-28 14:13:11.944838,2026-01-28 14:08:17.722858,C1132,10.3,cash,303.58,01186283277,delivered
101774,R61,El Maadi,2026-01-28 13:37:00,2026-01-28 14:16:02.326957,2026-01-28 14:12:14.797829,,7.4,cash,438.82,01085068889,delivered
101400,R47,Maadi,2026-01-28 13:50:00,2026-01-28 14:17:33.331300,2026-01-28 14:14:43.890482,C1129,2.4,cash,68.6,01537962908,delivered
101679,R92,Maadi,2026-01-28 14:17:00,2026-01-28 15:06:20.510536,2026-01-28 15:04:19.646491,C1117,8.6,cash,306.6,01108392481,delivered
101669,R86,Mohandessin,2026-01-28 14:18:00,2026-01-28 14:35:49.591248,2026-01-28 14:35:08.803427,C1196,1.9,cash,86.17,01174115135,delivered
102996,R117,Zamalek,2026-01-28 14:34:00,2026-01-28 15:01:41.041414,2026-01-28 14:59:09.915334,C1140,6.0,card,201.65,01066772748,delivered
101027,R16,Zamalek,2026-01-28 14:39:00,2026-01-28 15:27:18.997698,2026-01-28 15:24:51.843207,C1078,10.0,cash,362.59,01000677830,delivered
101200,R119,Heliopolis,2026-01-28 15:27:00,2026-01-28 15:54:06.631647,2026-01-28 15:49:09.668948,,4.1,card,135.09,01250831697,delivered
101317,R33,Maadi,2026-01-28 15:31:00,2026-01-28 16:02:33.674774,2026-01-28 16:02:18.740431,C1037,6.0,cash,362.85,1595974749,delivered
102930,R48,Mohandessin,2026-01-28 15:51:00,2026-01-28 16:30:59.184677,2026-01-28 16:30:30.825735,C1053,6.2,cash,375.81,01261935061,delivered
100712,R148,Zamalek,2026-01-28 16:24:00,2026-01-28 16:59:14.827904,2026-01-28 16:56:14.806036,C1131,3.2,cash,389.94,01248389367,delivered
101664,R91,maadi,2026-01-28 16:39:00,2026-01-28 17:30:57.568249,2026-01-28 17:28:13.518926,C1003,10.3,wallet,328.06,01155079959,delivered
101624,R128,maadi,2026-01-28 16:49:00,2026-01-28 17:20:02.840191,2026-01-28 17:24:39.490047,C1099,6.8,cash,184.6,01537430071,delivered
100591,R61,Dokki,2026-01-28 16:55:00,2026-01-28 17:31:12.026004,2026-01-28 17:34:19.965753,C1100,9.7,card,60.67,01026068000,delivered
101977,R132,Heliopolis,2026-01-28 17:03:00,2026-01-28 17:33:20.762536,2026-01-28 17:35:53.186321,,7.7,wallet,82.58,01097771821,delivered
101506,R25,Dokki,2026-01-28 17:12:00,2026-01-28 17:52:29.704149,2026-01-28 17:52:58.333788,C1118,10.0,card,122.03,01043928168,delivered
102746,R133,Heliopolis,2026-01-28 17:25:00,2026-01-28 17:47:03.906648,2026-01-28 17:48:32.407186,C1145,2.1,card,290.05,0158772,delivered
100606,R84,Nasr City,2026-01-28 17:37:00,2026-01-28 18:19:20.635686,2026-01-28 18:18:48.446283,C1095,9.2,cash,235.68,01060500366,delivered
102177,R33,Nasr City,2026-01-28 17:58:00,2026-01-28 18:56:51.033859,2026-01-28 18:52:12.315229,C1064,9.6,cash,97.38,01290536806,delivered
101848,R130,Mohandessin,2026-01-28 18:00:00,2026-01-28 18:56:14.654809,2026-01-28 18:52:00.430509,C1102,10.5,cash,336.52,01277531043,delivered
102683,R117,Nasr City,2026-01-28 18:05:00,2026-01-28 18:32:59.653716,2026-01-28 18:34:31.785843,C1022,4.3,cash,118.65,01046481535,delivered
101883,R42,Dokki,2026-01-28 19:00:00,2026-01-28 19:44:40.951874,2026-01-28 19:41:56.629378,C1023,9.7,cash,226.02,01188795501,delivered
101842,R136,Heliopolis,2026-01-28 19:09:00,2026-01-28 19:42:37.384525,2026-01-28 19:43:50.249248,C1191,7.6,card,216.26,01195218559,delivered
100510,R34,Maadi,2026-01-28 19:32:00,2026-01-28 19:54:46.957509,2026-01-28 19:51:50.534492,C1066,2.3,card,284.81,01244346415,delivered
101690,R63,Dokki,2026-01-28 19:35:00,2026-01-28 20:03:27.089922,2026-01-28 20:05:55.423181,C1061,5.8,cash,376.19,01532352313,delivered
101360,R17,Zamalek,2026-01-28 19:48:00,2026-01-28 20:29:54.940707,2026-01-28 20:33:34.765550,C1014,7.9,card,239.86,01245650534,delivered
101472,R43,Heliopolis,2026-01-28 20:13:00,2026-01-28 20:52:44.220435,2026-01-28 20:50:27.674753,,7.7,cash,293.01,01598742954,delivered
102194,R23,Nasr City,2026-01-28 20:17:00,2026-01-28 20:53:11.399210,2026-01-28 20:55:31.480728,C1178,6.7,cash,245.39,01125002524,delivered
100648,R75,Dokki,2026-01-28 21:47:00,2026-01-28 22:39:13.905829,2026-01-28 22:37:26.641088,C1180,11.7,cash,150.25,01142851638,delivered
100977,R22,Heliopolis,2026-01-28 22:14:00,2026-01-28 22:53:51.975685,2026-01-28 22:56:52.950326,C1128,11.6,card,253.85,01591731258,delivered
102824,R35,Zamalek,2026-01-28 22:21:00,2026-01-28 23:01:31.957414,2026-01-28 22:56:34.439617,C1168,6.9,card,400.01,01553690940,delivered
102601,R48,Dokki,2026-01-28 22:48:00,2026-01-28 23:22:35.149839,2026-01-28 23:24:38.515298,C1034,5.8,cash,269.44,01070554869,delivered
102705,R111,Maadi,2026-01-29 08:50:00,2026-01-29 09:17:32.704332,,,5.0,cash,233.5,01419228732,cancelled
102948,R70,Mohandessin,2026-01-29 09:34:00,2026-01-29 10:03:05.498882,2026-01-29 10:07:16.531178,C1190,7.2,cash,187.22,01233994287,delivered
101281,R62,Heliopolis,2026-01-29 09:59:00,2026-01-29 10:26:02.700572,2026-01-29 10:26:18.873805,C1008,2.4,card,371.15,01298830078,delivered
102284,R134,Nasr City,2026-01-29 10:33:00,2026-01-29 10:57:41.779803,2026-01-29 10:59:50.437098,C1046,4.8,card,305.5,01037741181,delivered
102311,R80,Mohandessin,2026-01-29 10:47:00,2026-01-29 11:31:26.855176,2026-01-29 11:27:12.201918,C1044,11.8,card,96.37,01244395803,delivered
102656,R83,Dokki,2026-01-29 10:57:00,2026-01-29 11:20:45.236789,2026-01-29 11:24:19.184341,C1169,5.1,wallet,343.65,01118461606,delivered
102677,R68,Nasr City,2026-01-29 11:26:00,2026-01-29 11:55:47.687808,2026-01-29 11:54:36.009454,C1028,7.9,wallet,342.63,01118338141,delivered
101007,R127,Maadi,2026-01-29 11:36:00,2026-01-29 12:13:52.330983,2026-01-29 12:15:30.647346,C1113,7.4,wallet,83.98,01159180700,delivered
102243,R26,Maadi,2026-01-29 11:49:00,2026-01-29 12:40:06.143041,2026-01-29 12:38:17.920698,C1055,11.3,card,270.63,01696671194,delivered
101946,R49,Nasr City,2026-01-29 11:50:00,2026-01-29 12:19:53.715259,2026-01-29 12:24:28.178148,C1197,7.7,cash,284.51,01225951747,delivered
101685,R105,Heliopolis,2026-01-29 12:21:00,2026-01-29 12:47:48.252993,2026-01-29 12:49:27.608237,C1084,3.2,cash,448.22,01179761946,delivered
101788,R113,Maadi,2026-01-29 12:49:00,2026-01-29 13:20:12.902628,2026-01-29 13:22:14.985232,C1180,5.2,cash,177.71,01051967892,delivered
101128,R60,Mohandessin,2026-01-29 13:34:00,2026-01-29 14:17:13.867250,2026-01-29 14:14:31.601829,C1114,6.6,card,437.01,01236360197,delivered
101440,R115,Nasr City,2026-01-29 13:43:00,2026-01-29 14:38:31.125540,2026-01-29 14:36:10.710320,C1196,11.9,card,287.56,01503999901,delivered
101372,R126,Heliopolis,2026-01-29 14:27:00,2026-01-29 14:55:19.231024,2026-01-29 15:00:11.458273,C1052,5.2,cash,358.19,01275706247,delivered
101605,R8,Heliopolis,2026-01-29 14:53:00,2026-01-29 15:31:52.813659,2026-01-29 15:28:54.665187,C1004,5.9,cash,100.0,01530367136,delivered
100617,R132,Dokki,2026-01-29 15:15:00,2026-01-29 16:01:21.118206,2026-01-29 15:56:48.895303,,9.1,wallet,185.41,01029700044,delivered
101933,R5,Maadi,2026-01-29 15:16:00,2026-01-29 15:29:25.862789,2026-01-29 15:29:16.704769,C1091,1.9,cash,121.69,01083266610,delivered
102308,R57,Maadi,2026-01-29 15:18:00,2026-01-29 15:52:44.060445,2026-01-29 15:54:16.843970,C1006,6.8,cash,439.84,01009340054,delivered
100764,R13,El Maadi,2026-01-29 15:32:00,2026-01-29 16:06:44.797264,2026-01-29 16:03:44.567177,C1080,5.7,card,206.95,01254994903,delivered
100829,R34,Zamalek,2026-01-29 15:37:00,2026-01-29 16:20:06.281428,2026-01-29 16:19:19.981606,C1040,7.8,card,64.45,01536289242,delivered
101549,R56,Nasr City,2026-01-29 16:21:00,2026-01-29 16:41:45.987890,2026-01-29 16:43:10.108107,,2.6,cash,202.88,01522757192,delivered
100817,R137,Heliopolis,2026-01-29 16:28:00,2026-01-29 16:57:04.114877,2026-01-29 16:54:25.215071,C1023,3.2,cash,151.66,01193922563,delivered
101052,R111,Heliopolis,2026-01-29 16:37:00,2026-01-29 17:12:11.643628,2026-01-29 17:12:58.588401,C1081,4.5,cash,170.1,01172014449,delivered
102519,R51,Maadi,2026-01-29 17:03:00,2026-01-29 17:29:10.730434,2026-01-29 17:32:17.470723,C1130,5.5,wallet,357.89,01069771284,delivered
102118,R113,Zamalek,2026-01-29 17:19:00,2026-01-29 17:48:17.824296,2026-01-29 17:48:04.897973,C1034,3.4,cash,264.12,01267419789,delivered
101090,R57,El Maadi,2026-01-29 17:22:00,2026-01-29 17:50:16.831958,2026-01-29 17:53:46.689041,C1001,6.3,cash,435.59,01514999111,delivered
102816,R140,Zamalek,2026-01-29 17:23:00,2026-01-29 18:13:42.455683,2026-01-29 18:14:06.187013,C1191,11.3,cash,115.8,01185296515,delivered
100594,R37,Heliopolis,2026-01-29 17:26:00,2026-01-29 18:11:44.082106,2026-01-29 18:07:29.976367,C1147,9.2,cash,347.3,01540592963,delivered
101919,R61,Dokki,2026-01-29 17:39:00,2026-01-29 18:19:35.560752,2026-01-29 18:24:20.786657,C1150,9.0,card,203.23,01164966980,delivered
101055,R136,Dokki,2026-01-29 17:55:00,2026-01-29 18:42:56.149781,2026-01-29 18:39:53.286457,C1180,8.8,wallet,341.01,01537990279,delivered
102757,R33,Heliopolis,2026-01-29 18:43:00,2026-01-29 19:01:55.505129,2026-01-29 19:06:52.009673,C1125,4.2,card,132.95,01191691981,delivered
100612,R14,Maadi,2026-01-29 18:48:00,2026-01-29 19:30:29.600932,2026-01-29 19:29:22.450342,C1082,10.2,wallet,404.63,01140256903,delivered
102041,R102,Maadi,2026-01-29 19:09:00,2026-01-29 19:56:08.082619,2026-01-29 19:53:47.935057,C1116,7.9,cash,84.75,01071495821,delivered
101259,R138,Heliopolis,2026-01-29 19:19:00,2026-01-29 19:54:05.985672,2026-01-29 19:51:31.626085,C1032,4.6,wallet,436.17,01135620698,delivered
102794,R117,Nasr City,2026-01-29 19:49:00,2026-01-29 20:29:59.258298,2026-01-29 20:26:55.125900,C1193,9.7,card,321.86,01024462222,delivered
102615,R22,Zamalek,2026-01-29 20:27:00,2026-01-29 20:59:44.820068,2026-01-29 20:56:32.195607,C1003,4.2,cash,104.02,0119909,delivered
102022,R30,Mohandessin,2026-01-29 20:48:00,2026-01-29 21:14:55.720446,2026-01-29 21:13:04.572383,C1001,3.5,card,271.91,01051612196,delivered
101516,R47,Nasr City,2026-01-29 21:29:00,2026-01-29 21:52:12.234726,2026-01-29 21:54:57.872151,C1044,5.2,wallet,126.76,01262703107,delivered
100461,R45,Dokki,2026-01-29 21:54:00,2026-01-29 22:12:50.348735,,C1017,4.2,cash,307.21,01191619602,cancelled
101484,R60,Nasr City,2026-01-29 22:05:00,2026-01-29 22:44:51.767449,2026-01-29 22:48:54.258804,C1028,11.4,card,387.64,011-4819-1973,delivered
102937,R14,El Maadi,2026-01-29 22:40:00,2026-01-29 23:16:31.335307,2026-01-29 23:17:18.188328,C1037,6.0,card,256.44,01556065476,delivered
102361,R86,Dokki,2026-01-29 22:54:00,2026-01-29 23:09:29.258261,2026-01-29 23:12:49.192276,C1082,2.4,cash,253.51,01176216322,delivered
102451,R84,Mohandessin,2026-01-30 07:09:00,2026-01-30 07:42:18.525593,2026-01-30 07:42:02.352452,C1193,6.8,wallet,208.85,01247596773,delivered
101014,R139,maadi,2026-01-30 07:37:00,2026-01-30 08:12:31.979701,2026-01-30 08:15:37.196317,C1026,7.2,cash,228.08,01116163367,delivered
102152,R138,Maadi,2026-01-30 07:41:00,2026-01-30 08:24:50.453124,2026-01-30 08:23:48.088884,C1191,5.9,cash,108.2,01259271454,delivered
100190,R68,El Maadi,2026-01-30 07:56:00,2026-01-30 08:21:51.365688,2026-01-30 08:23:25.234919,C1000,4.3,cash,322.6,01526193837,delivered
102358,R136,El Maadi,2026-01-30 08:21:00,2026-01-30 08:46:44.590031,2026-01-30 08:50:52.977265,C1061,6.5,cash,253.75,01550469858,delivered
100999,R74,Maadi,2026-01-30 08:27:00,2026-01-30 09:01:07.165425,2026-01-30 09:02:37.932292,C1122,4.9,wallet,247.94,01002224358,delivered
101980,R73,Zamalek,2026-01-30 09:02:00,2026-01-30 09:44:46.567500,2026-01-30 09:41:54.740985,C1180,9.3,card,438.08,01027820770,delivered
100009,R89,Maadi,2026-01-30 09:35:00,2026-01-30 09:55:35.905335,2026-01-30 09:54:04.027218,,2.9,wallet,248.1,01002464491,delivered
100178,R18,Nasr City,2026-01-30 09:49:00,2026-01-30 10:34:19.702428,2026-01-30 10:36:25.019675,C1048,10.4,cash,122.81,01026454,delivered
100068,R149,Dokki,2026-01-30 10:08:00,2026-01-30 10:47:01.577357,2026-01-30 10:45:55.614911,C1090,9.5,cash,224.89,01592960915,delivered
102184,R127,Maadi,2026-01-30 10:34:00,2026-01-30 11:13:04.571865,2026-01-30 11:08:56.944606,C1025,6.6,cash,101.07,01569638289,delivered
102304,R21,Heliopolis,2026-01-30 10:39:00,2026-01-30 11:31:27.478473,2026-01-30 11:27:49.975132,C1127,11.9,cash,416.13,01248807073,delivered
100535,R89,Dokki,2026-01-30 10:51:00,2026-01-30 11:15:37.763269,2026-01-30 11:16:13.457721,C1075,4.6,card,112.91,01019271923,delivered
100942,R52,Dokki,2026-01-30 11:06:00,2026-01-30 11:20:26.081834,,C1098,3.3,cash,322.78,01572018205,cancelled
102395,R31,Maadi,2026-01-30 11:12:00,2026-01-30 11:30:55.271731,2026-01-30 11:34:39.631302,C1014,6.8,cash,255.38,01257036244,delivered
102849,R128,Dokki,2026-01-30 12:11:00,2026-01-30 12:42:41.163772,2026-01-30 12:45:46.428846,C1156,7.3,wallet,201.44,01544558975,delivered
102515,R112,Mohandessin,2026-01-30 12:50:00,2026-01-30 13:38:11.129542,,C1008,11.7,wallet,65.07,01578000638,cancelled
102202,R123,Zamalek,2026-01-30 12:52:00,2026-01-30 13:16:52.878632,2026-01-30 13:12:54.270059,C1109,3.1,wallet,266.47,01574278896,delivered
101224,R127,Heliopolis,2026-01-30 13:29:00,2026-01-30 13:49:41.590631,2026-01-30 13:45:11.750031,C1032,1.2,cash,198.13,015-2379-2605,delivered
100703,R6,Maadi,2026-01-30 13:42:00,2026-01-30 14:17:29.817377,2026-01-30 14:15:58.142547,C1169,5.0,card,112.11,01591976472,delivered
100940,R59,Heliopolis,2026-01-30 14:12:00,2026-01-30 14:48:52.708732,2026-01-30 14:48:58.018645,C1159,7.0,card,74.05,01079699786,delivered
100021,R43,Dokki,2026-01-30 14:39:00,2026-01-30 15:20:35.278136,2026-01-30 15:21:55.028714,C1014,9.8,cash,330.97,01519660675,delivered
100915,R45,Nasr City,2026-01-30 14:47:00,2026-01-30 15:08:15.574728,2026-01-30 15:11:07.294113,C1030,4.4,wallet,208.3,012-3981-9972,delivered
100835,R15,Zamalek,2026-01-30 15:14:00,2026-01-30 15:41:21.962384,2026-01-30 15:39:25.311049,C1115,1.7,cash,361.51,011951728,delivered
102991,R92,Maadi,2026-01-30 15:14:00,2026-01-30 15:40:37.866909,2026-01-30 15:44:53.572387,C1125,6.0,card,97.82,01084985419,delivered
100402,R134,Dokki,2026-01-30 15:40:00,2026-01-30 16:22:35.394098,2026-01-30 16:25:37.403818,C1050,8.6,cash,155.32,01335081923,delivered
100550,R1,Mohandessin,2026-01-30 15:52:00,2026-01-30 16:06:44.195064,2026-01-30 16:03:07.781261,C1072,1.5,card,179.96,01004496340,delivered
100489,R58,Maadi,2026-01-30 16:15:00,2026-01-30 17:02:10.123190,2026-01-30 17:02:02.388138,C1143,11.4,wallet,290.78,01231583407,delivered
100205,R48,Zamalek,2026-01-30 16:33:00,2026-01-30 17:09:04.403832,2026-01-30 17:10:44.581130,C1172,6.3,card,292.61,01235636313,delivered
100210,R131,Maadi,2026-01-30 16:35:00,2026-01-30 16:58:24.885815,2026-01-30 16:57:03.502761,C1020,3.9,card,355.05,01580685600,delivered
102906,R7,Maadi,2026-01-30 17:08:00,2026-01-30 17:26:39.129036,2026-01-30 17:28:53.666630,C1069,2.3,cash,260.66,01207864631,delivered
100081,R127,Maadi,2026-01-30 18:09:00,2026-01-30 18:44:36.761769,2026-01-30 18:47:28.751597,C1170,6.5,wallet,205.49,01261471425,delivered
100694,R107,Heliopolis,2026-01-30 20:25:00,2026-01-30 21:06:40.591402,2026-01-30 21:10:03.683431,C1055,10.6,wallet,366.77,01512196944,delivered
102939,R44,Dokki,2026-01-30 20:33:00,2026-01-30 21:04:54.134274,2026-01-30 21:00:39.015656,C1185,3.8,cash,388.65,01564553860,delivered
101072,R107,Mohandessin,2026-01-30 20:51:00,2026-01-30 21:20:46.439317,2026-01-30 21:17:14.880043,C1113,1.8,cash,277.25,01038089016,delivered
101945,R139,Dokki,2026-01-30 21:28:00,2026-01-30 22:14:56.546382,2026-01-30 22:10:01.127553,C1122,7.1,cash,104.79,01274648528,delivered
101236,R57,Dokki,2026-01-30 22:47:00,2026-01-30 23:19:13.987443,2026-01-30 23:20:31.976645,C1100,5.4,cash,158.05,01593901395,delivered
100576,R89,Dokki,2026-01-31 07:06:00,2026-01-31 07:38:13.824987,2026-01-31 07:35:35.191128,C1054,2.7,card,276.91,01090107093,delivered
101354,R5,El Maadi,2026-01-31 07:09:00,2026-01-31 07:44:31.557279,2026-01-31 07:39:45.815034,C1057,4.0,card,217.15,01525830651,delivered
101728,R53,Nasr City,2026-01-31 07:26:00,2026-01-31 08:03:56.147694,2026-01-31 08:00:21.357737,,6.4,cash,296.5,01536422516,delivered
102248,R133,Heliopolis,2026-01-31 07:51:00,2026-01-31 08:50:00.525621,2026-01-31 08:46:34.360409,C1176,11.1,cash,230.54,01113260466,delivered
102611,R87,Maadi,2026-01-31 07:52:00,2026-01-31 08:42:17.224784,2026-01-31 08:39:02.729903,C1123,11.9,card,373.46,01095760635,delivered
102861,R10,El Maadi,2026-01-31 07:53:00,2026-01-31 08:33:13.497177,2026-01-31 08:37:34.777086,C1164,10.4,wallet,418.64,01169821672,delivered
102401,R35,Zamalek,2026-01-31 09:04:00,2026-01-31 09:40:45.924910,2026-01-31 09:35:49.060591,,6.4,wallet,373.21,015-7878-9884,delivered
102397,R149,Mohandessin,2026-01-31 09:04:00,2026-01-31 09:47:12.993056,2026-01-31 09:47:13.799358,,10.6,card,273.13,01583810035,delivered
102368,R87,Heliopolis,2026-01-31 09:06:00,2026-01-31 09:37:03.067134,2026-01-31 09:37:32.058485,,6.4,wallet,224.49,01127808799,delivered
101672,R144,Nasr City,2026-01-31 09:50:00,2026-01-31 10:11:24.990750,2026-01-31 10:11:19.900138,C1199,2.0,cash,332.77,01564510748,delivered
102753,R24,Heliopolis,2026-01-31 10:52:00,2026-01-31 11:38:01.690103,2026-01-31 11:39:35.548899,C1120,9.0,wallet,140.43,01287001378,delivered
101065,R6,Dokki,2026-01-31 10:57:00,2026-01-31 11:23:35.792462,2026-01-31 11:24:47.112686,C1192,4.3,card,350.0,01256549081,delivered
101481,R110,El Maadi,2026-01-31 11:17:00,2026-01-31 11:43:36.613213,2026-01-31 11:44:23.333724,C1134,3.7,cash,263.75,01197760971,delivered
102928,R40,Maadi,2026-01-31 11:18:00,2026-01-31 11:38:47.470279,2026-01-31 11:40:43.162698,,2.0,cash,146.2,01183676371,delivered
101962,R100,Heliopolis,2026-01-31 11:21:00,2026-01-31 11:56:54.163368,2026-01-31 11:57:33.033654,C1077,6.4,cash,407.71,01284158008,delivered
100271,R74,Zamalek,2026-01-31 11:27:00,2026-01-31 11:51:31.519283,2026-01-31 11:55:38.711871,C1008,4.5,cash,208.73,01170185966,delivered
100448,R86,Zamalek,2026-01-31 12:07:00,2026-01-31 12:19:13.708595,2026-01-31 12:23:45.476503,C1139,1.4,cash,336.28,1136547778,delivered
100530,R58,Zamalek,2026-01-31 14:08:00,2026-01-31 14:35:53.640438,2026-01-31 14:31:14.915674,C1084,2.4,card,111.19,01530603150,delivered
101082,R37,Zamalek,2026-01-31 14:24:00,2026-01-31 15:10:22.355997,2026-01-31 15:14:14.322535,,9.6,card,258.22,01245143136,delivered
102057,R115,Dokki,2026-01-31 14:36:00,2026-01-31 14:54:22.175450,2026-01-31 14:58:24.630981,C1191,2.2,card,298.89,01190188531,delivered
102701,R77,El Maadi,2026-01-31 14:40:00,2026-01-31 15:39:45.126589,2026-01-31 15:36:46.686506,C1117,10.8,cash,149.05,01064904953,delivered
102784,R145,Maadi,2026-01-31 16:23:00,2026-01-31 16:44:46.883790,2026-01-31 16:47:31.775221,C1137,3.1,wallet,377.26,01598378127,delivered
100150,R16,Nasr City,2026-01-31 17:37:00,2026-01-31 18:11:33.876457,2026-01-31 18:12:48.732838,C1144,8.1,card,99.47,01198563035,delivered
102583,R80,Zamalek,2026-01-31 18:17:00,2026-01-31 19:01:28.007653,2026-01-31 19:06:01.945613,C1129,10.3,cash,406.71,01531217449,delivered
100326,R112,Dokki,2026-01-31 18:34:00,2026-01-31 19:04:17.647685,2026-01-31 19:06:31.693386,C1150,4.3,cash,416.15,01266679296,delivered
102785,R10,Mohandessin,2026-01-31 18:57:00,2026-01-31 19:21:10.808252,2026-01-31 19:20:58.892557,C1051,2.8,cash,150.8,01123707570,delivered
102488,R141,Maadi,2026-01-31 19:39:00,2026-01-31 20:27:45.543088,2026-01-31 20:28:40.227037,C1002,10.6,cash,347.19,1231351578,delivered
100433,R85,Nasr City,2026-01-31 20:03:00,2026-01-31 20:24:48.040388,2026-01-31 20:26:12.891130,C1196,4.0,cash,433.59,01260578585,delivered
101699,R80,Zamalek,2026-01-31 20:04:00,2026-01-31 20:19:39.026855,2026-01-31 20:20:16.422163,C1148,2.7,cash,214.52,01534577969,delivered
100971,R130,Heliopolis,2026-01-31 20:04:00,2026-01-31 20:47:15.394323,2026-01-31 20:43:55.237771,C1164,8.5,cash,90.4,01560191587,delivered
102554,R102,Dokki,2026-01-31 20:21:00,2026-01-31 20:53:07.916907,2026-01-31 20:56:19.082888,C1152,6.5,card,346.26,01058046156,delivered
101651,R15,Heliopolis,2026-01-31 21:33:00,2026-01-31 21:53:14.444244,2026-01-31 21:56:27.567621,C1067,2.7,cash,238.26,012940857,delivered
102815,R69,Nasr City,2026-01-31 21:44:00,2026-01-31 22:23:34.935132,2026-01-31 22:19:04.836194,C1158,6.9,cash,153.2,01192123209,delivered
100092,R76,Heliopolis,2026-01-31 21:57:00,2026-01-31 22:26:28.638010,2026-01-31 22:29:35.911787,C1073,5.1,cash,144.04,01113136172,delivered
100748,R91,Nasr City,2026-01-31 22:41:00,2026-01-31 23:20:21.072287,2026-01-31 23:15:45.327517,C1132,6.8,wallet,167.69,01225171963,delivered
101223,R107,Maadi,2026-01-31 22:59:00,2026-01-31 23:27:28.978080,2026-01-31 23:23:08.861478,C1068,3.5,card,150.08,01157991347,delivered
101812,R119,Mohandessin,2026-02-01 07:14:00,2026-02-01 08:06:58.031669,2026-02-01 08:05:56.476357,C1054,11.3,card,298.59,01243441951,delivered
100158,R129,Maadi,2026-02-01 07:36:00,2026-02-01 08:03:21.982450,2026-02-01 08:02:23.404980,C1089,4.7,wallet,314.5,01079403499,delivered
100949,R33,Dokki,2026-02-01 07:40:00,2026-02-01 08:28:07.225924,2026-02-01 08:30:38.337390,C1050,11.5,cash,446.53,01024901246,delivered
101183,R41,Dokki,2026-02-01 08:02:00,2026-02-01 08:35:36.489396,2026-02-01 08:37:24.189027,C1087,6.7,cash,191.38,01568895904,delivered
102011,R109,Nasr City,2026-02-01 08:16:00,2026-02-01 08:52:51.604453,2026-02-01 08:52:32.129541,C1037,9.3,cash,67.16,01090436604,delivered
101492,R145,Zamalek,2026-02-01 08:21:00,2026-02-01 08:43:19.994104,2026-02-01 08:43:56.685712,C1109,4.5,card,97.45,01533607024,delivered
102526,R38,Mohandessin,2026-02-01 08:57:00,2026-02-01 09:26:27.876455,2026-02-01 09:30:33.714022,C1188,5.5,card,89.98,01227423472,delivered
102844,R44,Nasr City,2026-02-01 09:13:00,2026-02-01 09:40:10.390264,2026-02-01 09:40:50.061833,C1043,2.1,card,343.49,01127876752,delivered
102749,R22,Heliopolis,2026-02-01 09:16:00,2026-02-01 09:51:00.886141,2026-02-01 09:52:13.873940,C1041,7.7,cash,311.99,01145678310,delivered
101136,R52,Mohandessin,2026-02-01 09:43:00,2026-02-01 10:25:44.393240,2026-02-01 10:26:49.333174,C1014,8.7,cash,408.37,01006673812,delivered
101352,R47,Heliopolis,2026-02-01 10:14:00,2026-02-01 10:30:22.619396,2026-02-01 10:34:25.855626,C1001,1.8,cash,96.08,01569114571,delivered
101511,R26,Heliopolis,2026-02-01 10:19:00,2026-02-01 10:39:36.020953,2026-02-01 10:37:36.815658,C1121,3.2,card,201.6,01005228231,delivered
100482,R65,Mohandessin,2026-02-01 10:22:00,2026-02-01 11:08:08.901255,2026-02-01 11:06:46.205460,C1123,10.1,cash,220.26,01579785089,delivered
100130,R44,Maadi,2026-02-01 11:16:00,2026-02-01 11:48:35.371439,2026-02-01 11:46:52.125769,C1038,5.2,cash,138.82,01539057593,delivered
102495,R117,Mohandessin,2026-02-01 11:17:00,2026-02-01 11:55:29.917377,2026-02-01 11:56:29.812283,C1189,5.0,cash,356.75,01271084696,delivered
100114,R60,Zamalek,2026-02-01 11:40:00,2026-02-01 12:15:37.139250,2026-02-01 12:20:31.306102,C1052,7.4,card,395.39,01535682394,delivered
102874,R66,Nasr City,2026-02-01 11:45:00,2026-02-01 12:11:33.949474,2026-02-01 12:15:38.144080,C1015,4.5,card,415.8,01169899786,delivered
100298,R148,Heliopolis,2026-02-01 12:42:00,2026-02-01 13:18:27.543865,2026-02-01 13:20:24.566898,C1171,10.3,wallet,147.76,01152662402,delivered
100456,R126,Zamalek,2026-02-01 13:21:00,2026-02-01 13:53:10.089039,2026-02-01 13:55:51.379415,C1181,6.5,card,163.09,01010194927,delivered
101063,R97,Nasr City,2026-02-01 13:27:00,2026-02-01 14:19:52.575093,,C1029,10.6,card,372.45,01132352373,cancelled
100571,R146,Nasr City,2026-02-01 13:58:00,2026-02-01 14:41:09.812084,2026-02-01 14:41:18.587880,C1098,11.2,wallet,153.49,01048251217,delivered
101201,R39,Zamalek,2026-02-01 14:00:00,2026-02-01 14:48:31.169729,2026-02-01 14:44:45.798511,C1127,7.7,wallet,435.06,01547843434,delivered
100737,R133,Zamalek,2026-02-01 14:12:00,2026-02-01 14:34:18.569181,2026-02-01 14:37:57.923432,C1078,5.3,cash,225.31,01116960601,delivered
102859,R85,Zamalek,2026-02-01 14:44:00,2026-02-01 15:12:27.225355,2026-02-01 15:12:26.093166,C1064,4.5,cash,422.92,01189304151,delivered
100846,R62,Dokki,2026-02-01 15:06:00,2026-02-01 15:25:41.057902,2026-02-01 15:28:29.434341,C1055,2.9,card,136.13,01155055958,delivered
100408,R109,Dokki,2026-02-01 15:27:00,2026-02-01 15:59:07.092595,2026-02-01 16:03:02.518857,C1095,6.0,cash,168.98,01475592264,delivered
100462,R39,Mohandessin,2026-02-01 15:54:00,2026-02-01 16:16:08.407214,2026-02-01 16:14:48.588910,C1028,1.3,cash,368.35,01530169763,delivered
101151,R91,Nasr City,2026-02-01 16:09:00,2026-02-01 16:55:26.832062,2026-02-01 16:51:06.356503,C1132,8.5,cash,411.64,01176889353,delivered
102196,R108,Mohandessin,2026-02-01 16:34:00,2026-02-01 17:13:59.864609,2026-02-01 17:18:20.649021,C1082,8.8,wallet,436.98,01160966333,delivered
101013,R52,Dokki,2026-02-01 17:44:00,2026-02-01 18:18:08.789423,,C1175,7.8,card,318.81,01062752130,cancelled
100173,R114,Dokki,2026-02-01 17:57:00,2026-02-01 18:41:43.024855,2026-02-01 18:37:10.422226,C1129,4.0,cash,230.91,01035825007,delivered
101444,R74,Nasr City,2026-02-01 18:15:00,2026-02-01 18:44:22.096317,2026-02-01 18:41:52.587630,C1130,5.0,cash,106.96,01581588737,delivered
102889,R74,Heliopolis,2026-02-01 18:36:00,2026-02-01 19:27:42.389145,2026-02-01 19:24:18.960968,C1026,11.1,cash,174.74,01035312600,delivered
100476,R20,maadi,2026-02-01 18:41:00,2026-02-01 19:36:21.610177,2026-02-01 19:31:39.976542,C1158,9.6,card,157.77,01230536396,delivered
101459,R31,Dokki,2026-02-01 19:01:00,2026-02-01 19:27:30.466718,2026-02-01 19:23:34.128183,C1042,3.6,cash,297.91,01343197573,delivered
101528,R87,Maadi,2026-02-01 20:26:00,2026-02-01 20:51:07.719902,2026-02-01 20:53:57.222500,C1101,4.5,card,120.44,01542754064,delivered
102300,R28,Dokki,2026-02-01 20:35:00,2026-02-01 21:26:38.038198,2026-02-01 21:24:11.963708,C1166,9.7,cash,342.71,01083278860,delivered
101815,R2,Zamalek,2026-02-01 20:43:00,2026-02-01 21:29:11.090498,2026-02-01 21:31:56.731825,C1017,9.6,cash,222.53,01184366499,delivered
101686,R9,Zamalek,2026-02-01 20:43:00,2026-02-01 21:27:30.355548,2026-02-01 21:26:30.216713,C1097,8.8,wallet,186.48,1111874524,delivered
101742,R62,Nasr City,2026-02-01 21:35:00,2026-02-01 21:58:08.105689,2026-02-01 22:02:09.692956,C1052,6.3,cash,345.84,01572295884,delivered
100123,R103,Maadi,2026-02-01 21:41:00,2026-02-01 22:07:08.737468,2026-02-01 22:02:37.160972,C1097,2.6,cash,232.02,01122406633,delivered
101632,R66,Nasr City,2026-02-01 21:43:00,2026-02-01 22:23:36.371526,,C1052,6.3,cash,299.93,01159332695,cancelled
100611,R16,Mohandessin,2026-02-01 21:56:00,2026-02-01 22:40:43.516141,,C1124,6.8,card,316.9,01176349907,cancelled
100893,R131,Dokki,2026-02-01 21:59:00,2026-02-01 22:47:08.177310,2026-02-01 22:46:29.910045,C1130,7.6,cash,103.47,01523825634,delivered
101915,R43,Nasr City,2026-02-01 22:00:00,2026-02-01 22:46:41.996161,2026-02-01 22:47:59.664479,C1109,11.9,wallet,355.69,01075119149,delivered
102942,R52,Nasr City,2026-02-01 22:14:00,2026-02-01 22:44:48.608950,2026-02-01 22:49:04.597482,C1053,7.6,wallet,132.85,01590844465,delivered
102497,R39,Nasr City,2026-02-01 22:50:00,2026-02-01 23:00:00.000000,2026-02-01 23:01:37.419423,C1151,1.7,cash,306.59,01277524198,delivered
101603,R35,Zamalek,2026-02-02 07:00:00,2026-02-02 07:40:20.796502,2026-02-02 07:43:11.645036,C1059,6.1,cash,443.65,01144017048,delivered
101368,R147,Zamalek,2026-02-02 07:09:00,2026-02-02 07:41:57.394449,2026-02-02 07:37:56.031201,C1095,2.4,cash,447.22,01265288107,delivered
100891,R49,Dokki,2026-02-02 07:19:00,2026-02-02 08:06:52.591675,2026-02-02 08:03:19.029825,C1071,8.8,card,442.92,01211678517,delivered
101363,R97,Dokki,2026-02-02 08:50:00,2026-02-02 09:29:07.200651,2026-02-02 09:26:53.357998,C1026,6.2,cash,389.41,01153327447,delivered
101985,R97,maadi,2026-02-02 09:03:00,2026-02-02 10:03:03.618772,2026-02-02 09:58:31.905201,C1152,10.6,cash,319.44,01130899514,delivered
100674,R19,Zamalek,2026-02-02 10:03:00,2026-02-02 10:52:43.269434,2026-02-02 10:51:53.966844,C1069,10.9,wallet,105.75,01569438085,delivered
102407,R62,Maadi,2026-02-02 10:49:00,2026-02-02 11:16:21.988460,2026-02-02 11:20:05.788201,C1069,6.7,card,131.36,01539724351,delivered
100840,R108,Dokki,2026-02-02 11:09:00,2026-02-02 11:40:42.029742,2026-02-02 11:45:33.504677,,7.5,wallet,334.24,01222126946,delivered
100927,R47,Dokki,2026-02-02 11:13:00,2026-02-02 11:47:19.712140,2026-02-02 11:50:55.481816,C1101,8.3,card,153.29,01063244842,cancelled
102477,R37,Zamalek,2026-02-02 12:09:00,2026-02-02 12:36:25.133340,2026-02-02 12:31:54.055324,C1107,2.8,wallet,348.2,01071243299,delivered
102993,R143,Heliopolis,2026-02-02 12:55:00,2026-02-02 13:32:54.183149,2026-02-02 13:34:09.572229,C1029,9.7,card,270.29,01159423578,delivered
100623,R123,Dokki,2026-02-02 13:20:00,2026-02-02 13:50:23.281000,,C1124,4.0,cash,216.42,01102273235,cancelled
101819,R118,Heliopolis,2026-02-02 13:23:00,2026-02-02 13:45:12.193309,,C1063,1.3,cash,394.97,01068243713,cancelled
102405,R146,Nasr City,2026-02-02 13:39:00,2026-02-02 14:38:25.721024,2026-02-02 14:36:39.311087,C1114,12.0,card,371.09,01156306486,delivered
100582,R94,Nasr City,2026-02-02 14:40:00,2026-02-02 15:23:51.231991,2026-02-02 15:19:25.634433,C1090,8.4,card,155.85,01100661063,delivered
102972,R100,Maadi,2026-02-02 15:12:00,2026-02-02 16:04:41.713905,2026-02-02 16:02:54.224426,C1023,9.7,wallet,355.18,01569535095,delivered
100179,R71,Nasr City,2026-02-02 16:12:00,2026-02-02 16:47:15.276926,2026-02-02 16:48:55.376897,C1157,7.2,cash,155.4,1582189162,delivered
101510,R8,Zamalek,2026-02-02 16:54:00,2026-02-02 17:29:53.855675,2026-02-02 17:31:07.431597,C1048,6.4,cash,116.13,01157874938,delivered
101262,R146,Mohandessin,2026-02-02 17:33:00,2026-02-02 17:57:50.194902,,C1173,5.7,cash,218.86,01510528402,cancelled
101844,R95,Maadi,2026-02-02 17:47:00,2026-02-02 18:28:26.030343,2026-02-02 18:28:56.562450,C1006,11.3,cash,246.72,01585514308,delivered
100851,R56,Mohandessin,2026-02-02 17:49:00,2026-02-02 18:23:13.831739,2026-02-02 18:19:48.013307,C1045,5.3,cash,401.63,01159744602,delivered
102985,R3,Mohandessin,2026-02-02 18:39:00,2026-02-02 19:34:59.895631,2026-02-02 19:31:41.470180,C1182,10.2,card,414.33,01084686470,delivered
102038,R81,Nasr City,2026-02-02 18:57:00,2026-02-02 19:13:07.705632,2026-02-02 19:17:15.146925,C1143,2.3,card,322.31,01114526912,delivered
102435,R132,maadi,2026-02-02 19:04:00,2026-02-02 19:39:59.712298,2026-02-02 19:39:28.293972,C1074,5.5,cash,223.94,01204472575,delivered
101966,R133,Maadi,2026-02-02 19:41:00,2026-02-02 20:08:48.657565,2026-02-02 20:10:08.382362,C1154,1.5,cash,161.7,01238657737,delivered
102662,R122,Zamalek,2026-02-02 20:03:00,2026-02-02 20:37:03.543481,2026-02-02 20:35:45.236503,C1072,6.7,card,255.91,01559307703,delivered
102402,R113,Dokki,2026-02-02 20:29:00,2026-02-02 21:12:49.918077,2026-02-02 21:12:42.435156,C1054,7.4,cash,237.31,01456384619,delivered
101153,R29,maadi,2026-02-02 22:26:00,2026-02-02 23:11:09.729752,2026-02-02 23:08:06.442726,C1140,11.2,wallet,295.46,01032805157,delivered
101306,R24,Dokki,2026-02-02 22:52:00,2026-02-02 23:29:00.343566,2026-02-02 23:25:06.047298,C1018,9.0,cash,386.34,01324410069,delivered
102487,R70,Nasr City,2026-02-03 07:53:00,2026-02-03 08:31:07.320432,2026-02-03 08:26:08.495992,C1119,6.5,card,111.88,01537892295,delivered
102548,R60,Zamalek,2026-02-03 07:55:00,2026-02-03 08:27:50.466436,2026-02-03 08:29:09.957590,,7.4,wallet,104.81,01269520966,delivered
101918,R142,Nasr City,2026-02-03 10:12:00,2026-02-03 10:53:46.009241,2026-02-03 10:52:42.312080,C1169,7.4,wallet,103.79,01509850413,delivered
100828,R117,Heliopolis,2026-02-03 10:38:00,2026-02-03 11:07:38.988153,2026-02-03 11:07:22.353326,C1043,6.7,card,76.42,01268157849,delivered
102445,R63,El Maadi,2026-02-03 11:40:00,2026-02-03 12:22:48.397981,,C1045,10.7,cash,274.62,01058033644,cancelled
101430,R39,Nasr City,2026-02-03 11:52:00,2026-02-03 12:33:08.212492,2026-02-03 12:30:38.206450,C1130,9.3,wallet,113.98,01210252281,delivered
100418,R33,Nasr City,2026-02-03 12:08:00,2026-02-03 12:42:54.955344,2026-02-03 12:41:11.802276,C1119,4.7,cash,413.25,1145332560,delivered
102406,R38,Dokki,2026-02-03 12:12:00,2026-02-03 12:53:45.013101,2026-02-03 12:49:16.301814,,7.7,cash,246.27,01535681582,delivered
101717,R24,Zamalek,2026-02-03 13:00:00,2026-02-03 13:11:08.742320,2026-02-03 13:12:45.213781,C1198,1.2,card,120.08,01190452652,delivered
101649,R18,Dokki,2026-02-03 13:20:00,2026-02-03 13:57:36.512512,2026-02-03 13:57:29.591149,C1098,9.5,wallet,339.21,01299229053,delivered
102929,R140,Nasr City,2026-02-03 13:25:00,2026-02-03 14:06:53.116703,2026-02-03 14:05:53.385942,C1158,9.7,cash,255.6,01093603954,delivered
101169,R130,El Maadi,2026-02-03 14:20:00,2026-02-03 15:02:28.771371,2026-02-03 15:03:54.844631,C1175,8.5,wallet,265.54,01159246196,delivered
101601,R22,El Maadi,2026-02-03 14:51:00,2026-02-03 15:09:37.234593,2026-02-03 15:05:30.310847,C1091,1.3,cash,398.24,01240271327,delivered
102245,R50,Mohandessin,2026-02-03 15:12:00,2026-02-03 15:48:14.053564,2026-02-03 15:50:57.392694,C1147,8.6,card,330.79,01502731853,delivered
101995,R5,Maadi,2026-02-03 15:22:00,2026-02-03 16:22:05.854367,2026-02-03 16:21:52.516075,C1178,11.2,card,363.65,01195810592,delivered
101407,R9,Heliopolis,2026-02-03 15:45:00,2026-02-03 16:09:30.295870,2026-02-03 16:08:34.087346,C1134,3.6,cash,392.94,01221693912,delivered
102756,R89,Nasr City,2026-02-03 16:00:00,2026-02-03 16:36:36.318747,,C1165,5.5,cash,115.29,01169216127,cancelled
102988,R61,Nasr City,2026-02-03 16:06:00,2026-02-03 16:22:53.577668,2026-02-03 16:26:10.203074,C1005,2.7,cash,445.39,01140277081,delivered
100985,R136,Maadi,2026-02-03 16:29:00,2026-02-03 16:53:37.578238,2026-02-03 16:57:29.834532,C1066,6.0,cash,155.84,01516040367,delivered
102123,R46,Nasr City,2026-02-03 16:38:00,2026-02-03 17:08:43.256880,2026-02-03 17:04:15.673765,C1057,1.6,card,218.93,01228750265,delivered
101673,R107,Dokki,2026-02-03 17:05:00,2026-02-03 17:57:26.717307,2026-02-03 17:53:41.956718,C1105,7.7,wallet,258.04,1548631103,delivered
102518,R94,Heliopolis,2026-02-03 17:06:00,2026-02-03 17:55:31.358734,2026-02-03 17:53:20.839046,C1081,10.4,card,281.95,01055920850,delivered
101702,R46,Heliopolis,2026-02-03 17:09:00,2026-02-03 17:34:59.778039,2026-02-03 17:37:32.740270,C1165,3.1,cash,156.53,01284341020,delivered
100054,R61,Dokki,2026-02-03 17:23:00,2026-02-03 18:06:35.062480,2026-02-03 18:07:23.656104,C1076,4.5,wallet,242.38,01133371313,delivered
101906,R33,Zamalek,2026-02-03 17:29:00,2026-02-03 18:06:23.705561,2026-02-03 18:10:50.968242,C1063,9.3,card,271.87,01131395653,delivered
102567,R82,maadi,2026-02-03 17:49:00,2026-02-03 18:22:39.840531,2026-02-03 18:17:51.771889,C1028,4.2,wallet,145.53,01576035921,delivered
101203,R42,Maadi,2026-02-03 18:12:00,2026-02-03 18:38:22.266376,2026-02-03 18:37:05.398206,C1003,3.5,cash,348.11,01099416212,delivered
101108,R76,Maadi,2026-02-03 19:26:00,2026-02-03 20:09:27.109142,2026-02-03 20:07:28.076117,C1187,10.2,card,114.52,01050528999,delivered
100160,R107,maadi,2026-02-03 20:33:00,2026-02-03 21:23:38.815703,2026-02-03 21:20:55.817442,C1164,10.9,card,224.77,01202629054,delivered
101068,R130,Nasr City,2026-02-03 20:49:00,2026-02-03 21:28:35.337957,2026-02-03 21:27:55.863716,C1139,6.1,wallet,402.01,01037607115,delivered
102315,R117,Heliopolis,2026-02-03 21:37:00,2026-02-03 22:13:52.230022,2026-02-03 22:14:28.428312,C1146,7.1,cash,446.16,01592596451,cancelled
100269,R143,Zamalek,2026-02-03 21:45:00,2026-02-03 22:14:33.380899,2026-02-03 22:16:58.874474,C1032,5.1,cash,362.34,0116523,delivered
101171,R42,Mohandessin,2026-02-03 21:45:00,2026-02-03 22:34:20.656378,2026-02-03 22:31:40.058329,,11.8,cash,295.03,01110435761,delivered
100020,R55,Zamalek,2026-02-04 07:08:00,2026-02-04 07:46:12.856681,2026-02-04 07:43:32.398645,C1067,6.3,cash,207.99,01027969847,delivered
102433,R7,Maadi,2026-02-04 07:14:00,2026-02-04 07:32:32.951410,2026-02-04 07:37:11.587242,C1126,6.6,cash,373.7,01218181279,delivered
102603,R128,Dokki,2026-02-04 09:16:00,2026-02-04 09:40:54.040272,2026-02-04 09:41:12.262887,,5.3,cash,277.52,011-5075-7929,delivered
102541,R29,Mohandessin,2026-02-04 09:38:00,2026-02-04 10:04:57.415113,2026-02-04 10:05:49.220086,C1008,7.1,wallet,207.93,01024755620,delivered
100744,R75,Zamalek,2026-02-04 09:42:00,2026-02-04 09:53:18.042117,2026-02-04 09:56:56.718233,C1159,1.6,cash,227.08,01186373517,delivered
102079,R28,Zamalek,2026-02-04 09:46:00,2026-02-04 10:17:39.176839,2026-02-04 10:19:02.485177,C1036,7.5,cash,142.79,1038431639,delivered
101643,R123,Zamalek,2026-02-04 09:57:00,2026-02-04 10:21:36.808449,2026-02-04 10:24:16.733200,C1000,6.1,card,151.23,01226244600,delivered
101817,R129,Heliopolis,2026-02-04 09:57:00,2026-02-04 10:42:33.996728,2026-02-04 10:39:54.074843,C1165,9.3,cash,223.03,01546201358,delivered
102241,R127,Dokki,2026-02-04 10:00:00,2026-02-04 10:42:26.627687,2026-02-04 10:45:53.373581,C1054,10.2,wallet,322.97,01148470899,delivered
102043,R81,Maadi,2026-02-04 10:32:00,2026-02-04 10:55:34.960772,2026-02-04 10:56:30.116225,C1155,2.1,wallet,101.1,010531234,delivered
100596,R24,Maadi,2026-02-04 10:40:00,2026-02-04 11:04:17.752566,2026-02-04 10:59:44.724649,C1180,3.6,card,66.88,01343056160,delivered
102503,R87,Heliopolis,2026-02-04 10:53:00,2026-02-04 11:10:01.279548,2026-02-04 11:12:53.328768,,1.0,wallet,313.66,01276563627,delivered
101590,R71,Dokki,2026-02-04 11:37:00,2026-02-04 11:52:51.919498,2026-02-04 11:56:36.738230,C1122,1.8,cash,150.39,01521360282,delivered
100434,R44,maadi,2026-02-04 11:39:00,2026-02-04 12:07:11.812565,2026-02-04 12:10:52.877492,C1043,5.4,cash,238.95,01139446919,delivered
100034,R27,Maadi,2026-02-04 12:04:00,2026-02-04 12:51:41.064863,2026-02-04 12:48:11.468647,C1061,9.3,cash,150.81,01049574002,delivered
102509,R64,El Maadi,2026-02-04 12:04:00,2026-02-04 12:16:31.062491,2026-02-04 12:20:52.052612,C1123,1.6,cash,379.22,01220083430,delivered
102759,R12,Dokki,2026-02-04 12:09:00,2026-02-04 12:34:40.745438,2026-02-04 12:36:15.301011,C1054,4.8,card,202.8,01024599271,delivered
101473,R98,Nasr City,2026-02-04 13:06:00,2026-02-04 13:32:38.265435,2026-02-04 13:29:22.652952,C1024,3.4,card,444.04,01528830610,delivered
102763,R138,Dokki,2026-02-04 13:57:00,2026-02-04 14:34:14.745617,2026-02-04 14:38:23.825231,C1195,7.3,cash,150.66,0114155,delivered
102493,R115,Maadi,2026-02-04 13:58:00,2026-02-04 14:16:05.739805,2026-02-04 14:16:00.441563,C1096,2.8,card,259.17,011-7948-4088,delivered
100460,R17,Mohandessin,2026-02-04 14:33:00,2026-02-04 15:03:37.303916,2026-02-04 14:59:10.086236,,4.4,wallet,321.8,01226689025,delivered
101304,R85,El Maadi,2026-02-04 15:11:00,2026-02-04 15:33:21.821913,2026-02-04 15:28:55.741670,C1120,1.9,card,257.15,01385798494,delivered
102305,R116,Nasr City,2026-02-04 15:13:00,2026-02-04 15:59:18.480994,2026-02-04 15:54:37.271753,C1170,6.7,cash,265.02,01547807720,delivered
102268,R81,Heliopolis,2026-02-04 15:32:00,2026-02-04 16:30:12.410967,,C1124,10.8,wallet,395.16,01226719921,cancelled
102952,R74,Zamalek,2026-02-04 15:35:00,2026-02-04 16:06:12.195905,2026-02-04 16:04:45.799974,C1014,6.2,wallet,432.8,01059628871,delivered
100369,R82,Nasr City,2026-02-04 16:05:00,2026-02-04 16:32:38.674822,2026-02-04 16:31:57.783623,C1030,3.9,cash,70.79,010-6528-1876,delivered
102800,R9,Zamalek,2026-02-04 17:06:00,2026-02-04 17:49:43.510803,2026-02-04 17:46:56.852867,C1041,9.3,card,145.75,01299439867,delivered
102665,R123,Nasr City,2026-02-04 17:12:00,2026-02-04 17:31:32.222949,2026-02-04 17:35:43.167134,C1091,2.8,card,416.63,01065328994,delivered
101556,R40,Zamalek,2026-02-04 17:28:00,2026-02-04 18:05:57.077185,2026-02-04 18:08:51.832989,C1179,10.5,cash,326.84,01079126300,delivered
101462,R28,Dokki,2026-02-04 18:01:00,2026-02-04 18:46:55.739068,2026-02-04 18:45:29.164224,C1131,10.1,cash,232.75,01591414393,delivered
102891,R3,El Maadi,2026-02-04 19:08:00,2026-02-04 19:41:58.959181,2026-02-04 19:37:23.424227,C1036,3.7,cash,372.69,01144178847,delivered
100868,R31,maadi,2026-02-04 19:35:00,2026-02-04 19:55:19.074985,2026-02-04 19:56:10.347962,C1040,3.2,cash,82.08,01092633665,delivered
102247,R126,El Maadi,2026-02-04 19:58:00,2026-02-04 20:14:53.606404,2026-02-04 20:19:39.228490,C1162,1.6,card,331.8,01216312860,delivered
102498,R66,Maadi,2026-02-04 20:22:00,2026-02-04 21:15:13.103711,2026-02-04 21:10:21.453025,,9.8,cash,264.87,010798118,delivered
100163,R47,Dokki,2026-02-04 21:36:00,2026-02-04 22:03:25.020510,2026-02-04 22:04:33.589620,C1014,7.3,cash,244.03,01214786703,delivered
102351,R38,Dokki,2026-02-04 21:38:00,2026-02-04 22:16:06.536292,2026-02-04 22:15:42.517500,C1092,6.3,wallet,162.12,01104208586,delivered
101215,R101,Heliopolis,2026-02-04 22:07:00,2026-02-04 22:31:39.954437,2026-02-04 22:33:11.790742,,4.7,cash,412.11,01151409471,delivered
102031,R147,Maadi,2026-02-04 22:29:00,2026-02-04 23:05:19.091709,2026-02-04 23:02:49.920499,C1158,6.4,wallet,258.72,01551668922,delivered
102147,R124,Zamalek,2026-02-05 07:01:00,2026-02-05 07:29:43.063073,2026-02-05 07:28:47.711480,C1163,3.5,card,421.18,01139105935,delivered
101969,R77,Nasr City,2026-02-05 07:05:00,2026-02-05 07:26:00.468448,2026-02-05 07:25:29.576854,C1005,2.2,wallet,142.92,01507181155,delivered
100532,R1,Heliopolis,2026-02-05 07:43:00,2026-02-05 08:16:10.190551,2026-02-05 08:16:50.593751,C1132,2.9,card,394.07,01557448728,delivered
102504,R129,Heliopolis,2026-02-05 07:51:00,2026-02-05 08:01:57.184758,2026-02-05 08:04:02.150372,C1136,1.8,cash,127.12,01551657,delivered
100759,R117,Maadi,2026-02-05 08:48:00,2026-02-05 09:14:14.302077,2026-02-05 09:17:40.119308,C1123,4.9,cash,156.42,01075272705,delivered
100778,R52,Heliopolis,2026-02-05 09:33:00,2026-02-05 10:08:55.657580,2026-02-05 10:04:12.615201,C1110,4.0,cash,188.9,01067513765,delivered
100086,R15,Maadi,2026-02-05 09:58:00,2026-02-05 10:19:39.470126,2026-02-05 10:24:18.094042,C1039,4.4,card,383.71,01283961973,delivered
100946,R47,Nasr City,2026-02-05 10:33:00,2026-02-05 11:01:16.548163,2026-02-05 11:00:31.967532,C1150,2.0,card,322.49,01135421919,delivered
100417,R108,El Maadi,2026-02-05 10:38:00,2026-02-05 11:22:37.985694,2026-02-05 11:27:32.344452,C1019,11.8,card,91.11,01045239398,delivered
101244,R138,Mohandessin,2026-02-05 11:03:00,2026-02-05 11:37:45.619601,2026-02-05 11:40:32.655181,C1186,7.7,wallet,313.49,01506507288,delivered
101961,R57,Heliopolis,2026-02-05 11:29:00,2026-02-05 11:57:28.538516,2026-02-05 11:57:55.686076,C1008,4.8,cash,147.34,01199051994,delivered
102157,R138,Nasr City,2026-02-05 11:33:00,2026-02-05 12:08:32.311985,,,5.8,card,422.3,01084670364,cancelled
100066,R82,Heliopolis,2026-02-05 12:26:00,2026-02-05 13:20:03.891006,2026-02-05 13:18:17.220411,C1171,11.3,card,190.3,01199938990,delivered
102034,R74,Nasr City,2026-02-05 12:31:00,2026-02-05 13:05:24.462134,2026-02-05 13:07:38.790288,C1180,5.7,card,119.31,01672251853,delivered
100859,R148,Heliopolis,2026-02-05 12:44:00,2026-02-05 13:14:03.681374,2026-02-05 13:10:56.778676,C1001,1.9,card,424.04,01227027,delivered
101941,R107,Zamalek,2026-02-05 14:29:00,2026-02-05 15:07:57.907306,2026-02-05 15:09:21.625477,C1040,10.1,cash,125.09,01198185132,delivered
102175,R83,Zamalek,2026-02-05 15:16:00,2026-02-05 15:58:54.432645,2026-02-05 15:58:29.674026,C1085,11.5,card,280.44,01540497087,delivered
102576,R62,Nasr City,2026-02-05 15:45:00,2026-02-05 16:11:33.374845,2026-02-05 16:15:31.814884,C1059,5.9,cash,390.01,01112691687,delivered
102806,R27,Dokki,2026-02-05 16:07:00,2026-02-05 16:30:53.068935,2026-02-05 16:34:55.496546,C1011,6.1,cash,68.65,01176202927,delivered
102466,R85,Nasr City,2026-02-05 16:35:00,2026-02-05 16:59:58.234416,2026-02-05 16:57:36.968165,C1097,1.3,card,133.3,01165338824,delivered
100281,R128,Mohandessin,2026-02-05 17:59:00,2026-02-05 18:37:52.838041,2026-02-05 18:36:05.935542,C1187,8.2,cash,439.57,01130674835,delivered
102218,R66,Nasr City,2026-02-05 18:08:00,2026-02-05 18:24:11.965362,2026-02-05 18:20:33.356992,C1051,1.6,cash,254.96,01209790099,delivered
102954,R63,Heliopolis,2026-02-05 19:03:00,2026-02-05 19:40:00.672298,2026-02-05 19:42:15.233933,C1194,8.1,cash,163.52,01213593540,delivered
100391,R18,Maadi,2026-02-05 19:31:00,2026-02-05 20:17:50.700464,2026-02-05 20:17:20.565129,C1086,11.4,wallet,329.45,01166472090,delivered
101038,R138,Maadi,2026-02-05 19:41:00,2026-02-05 20:01:05.201199,2026-02-05 20:01:54.630497,C1024,1.2,card,78.18,01233471901,delivered
101376,R35,Maadi,2026-02-05 20:52:00,2026-02-05 21:34:31.025513,,C1189,10.0,cash,243.57,01010266361,cancelled
100019,R92,Dokki,2026-02-05 21:41:00,2026-02-05 22:24:22.583693,2026-02-05 22:29:10.326101,C1019,10.3,card,310.57,015-5359-8847,delivered
102233,R106,Nasr City,2026-02-05 22:24:00,2026-02-05 22:53:18.376663,2026-02-05 22:51:51.559441,C1073,4.6,card,227.75,01986588469,delivered
102419,R143,Zamalek,2026-02-05 22:25:00,2026-02-05 22:51:17.414250,2026-02-05 22:50:04.993587,C1037,3.7,card,171.18,01067923256,delivered
100495,R54,Zamalek,2026-02-05 22:34:00,2026-02-05 23:19:38.262652,2026-02-05 23:24:04.807544,C1008,8.8,card,297.43,01569908188,delivered
100537,R27,Heliopolis,2026-02-05 22:52:00,2026-02-05 23:39:25.434973,2026-02-05 23:43:59.570639,C1100,10.6,cash,276.69,012330562,delivered
100492,R147,Mohandessin,2026-02-06 07:25:00,2026-02-06 07:57:08.700238,2026-02-06 07:56:38.175912,C1159,6.9,cash,154.59,01296266306,delivered
100124,R95,El Maadi,2026-02-06 07:27:00,2026-02-06 08:02:04.484937,,C1049,6.0,card,68.51,01284710789,cancelled
102569,R52,Dokki,2026-02-06 07:31:00,2026-02-06 08:07:12.601197,2026-02-06 08:11:20.694925,C1089,7.1,cash,434.47,01506144719,delivered
100543,R57,El Maadi,2026-02-06 08:20:00,2026-02-06 08:44:50.751493,2026-02-06 08:49:28.435949,C1165,5.8,card,169.69,01584992,cancelled
101600,R125,Heliopolis,2026-02-06 08:22:00,2026-02-06 09:21:53.725609,2026-02-06 09:21:55.171959,C1136,11.8,card,235.57,01191819367,delivered
102023,R112,Maadi,2026-02-06 08:41:00,2026-02-06 09:07:29.629566,2026-02-06 09:04:21.893072,C1190,2.7,cash,442.52,01258155244,delivered
101348,R7,Nasr City,2026-02-06 10:04:00,2026-02-06 10:37:39.784553,2026-02-06 10:40:36.406745,C1016,4.2,cash,224.71,01051694107,delivered
100039,R56,El Maadi,2026-02-06 10:33:00,2026-02-06 11:24:44.157047,2026-02-06 11:20:06.339483,,9.8,cash,323.37,01270877383,delivered
102244,R27,El Maadi,2026-02-06 10:55:00,2026-02-06 11:13:18.575936,,C1146,1.9,cash,104.57,01108505907,cancelled
101662,R75,Maadi,2026-02-06 10:58:00,2026-02-06 11:33:59.606524,2026-02-06 11:33:17.709055,C1059,8.1,cash,265.66,01178704394,delivered
101003,R32,Maadi,2026-02-06 11:18:00,2026-02-06 11:58:02.214112,2026-02-06 11:54:00.406290,C1153,9.0,card,408.47,01532488110,delivered
102767,R49,Mohandessin,2026-02-06 12:45:00,2026-02-06 13:29:28.719455,,,7.9,card,156.53,01547034026,cancelled
102367,R43,Mohandessin,2026-02-06 13:56:00,2026-02-06 14:50:21.535461,2026-02-06 14:45:45.697676,,8.2,cash,352.37,01561472148,delivered
100742,R84,Zamalek,2026-02-06 14:02:00,2026-02-06 14:33:24.435528,2026-02-06 14:31:26.906814,C1177,4.7,wallet,306.13,01210411121,delivered
101761,R31,Heliopolis,2026-02-06 14:22:00,2026-02-06 15:07:11.123404,2026-02-06 15:02:36.080479,C1068,8.0,cash,241.92,011618058,delivered
102324,R122,Zamalek,2026-02-06 14:30:00,2026-02-06 15:09:21.373183,2026-02-06 15:04:26.127303,C1001,4.3,card,178.34,01236387380,delivered
100910,R91,Heliopolis,2026-02-06 14:45:00,2026-02-06 15:21:59.060017,2026-02-06 15:19:58.371267,C1161,6.0,wallet,97.13,010-5807-7020,delivered
100053,R129,Dokki,2026-02-06 15:05:00,2026-02-06 15:48:16.819871,2026-02-06 15:48:58.780162,C1148,9.0,wallet,397.57,010-2474-0299,delivered
100105,R45,Zamalek,2026-02-06 15:47:00,2026-02-06 16:05:46.466386,2026-02-06 16:09:36.584287,C1155,5.2,cash,296.48,01589042973,delivered
100310,R122,Maadi,2026-02-06 16:26:00,2026-02-06 16:40:31.211446,2026-02-06 16:43:21.567367,C1083,1.6,wallet,173.28,01183431905,delivered
102156,R20,Dokki,2026-02-06 16:57:00,2026-02-06 17:41:38.815998,2026-02-06 17:39:47.863835,C1104,11.3,cash,83.17,01173963284,delivered
101554,R60,Nasr City,2026-02-06 19:06:00,2026-02-06 19:37:32.755624,2026-02-06 19:40:23.478604,C1085,7.0,cash,326.98,01015388196,delivered
102391,R1,Mohandessin,2026-02-06 19:08:00,2026-02-06 19:55:05.526963,2026-02-06 19:56:25.235513,C1036,8.8,cash,239.43,01576785828,delivered
100254,R5,Maadi,2026-02-06 21:02:00,2026-02-06 21:34:03.339601,2026-02-06 21:31:51.477666,C1014,6.0,cash,309.11,1543564892,delivered
101759,R79,Nasr City,2026-02-06 21:21:00,2026-02-06 21:58:55.770540,2026-02-06 21:56:29.913452,C1056,8.6,wallet,408.03,01094340607,delivered
100335,R38,Zamalek,2026-02-06 21:39:00,2026-02-06 21:58:26.737537,2026-02-06 22:02:02.995326,C1070,3.6,cash,69.18,01516561463,delivered
101654,R95,Zamalek,2026-02-06 22:21:00,2026-02-06 23:12:55.838851,2026-02-06 23:11:23.640322,C1111,11.9,cash,180.44,01187711854,delivered
101011,R58,Dokki,2026-02-06 22:47:00,2026-02-06 23:38:24.382185,2026-02-06 23:41:22.653337,C1006,9.0,wallet,336.09,01145335391,delivered
100133,R123,Nasr City,2026-02-07 07:09:00,2026-02-07 07:36:56.823220,2026-02-07 07:36:04.868166,C1096,4.9,wallet,366.04,01281195512,delivered
100244,R51,Zamalek,2026-02-07 07:14:00,2026-02-07 07:24:58.616658,2026-02-07 07:24:30.531819,C1143,1.2,card,199.28,01123551047,delivered
100052,R59,Maadi,2026-02-07 07:47:00,2026-02-07 08:15:41.018825,2026-02-07 08:19:34.812678,C1131,6.7,cash,435.0,01219899223,delivered
102892,R75,Zamalek,2026-02-07 08:14:00,2026-02-07 09:05:04.598983,2026-02-07 09:00:28.162111,,9.2,card,441.19,01110911735,delivered
100583,R107,Maadi,2026-02-07 08:33:00,2026-02-07 08:57:13.234048,2026-02-07 08:52:57.384042,,2.6,cash,381.65,01180315879,delivered
100842,R131,Mohandessin,2026-02-07 08:42:00,2026-02-07 09:24:16.393119,2026-02-07 09:24:26.081524,C1140,8.6,card,386.94,01129096308,delivered
101765,R60,Maadi,2026-02-07 09:24:00,2026-02-07 10:04:18.214382,2026-02-07 10:04:35.718425,C1003,10.5,cash,322.24,01558423648,delivered
101675,R125,Dokki,2026-02-07 10:28:00,2026-02-07 11:04:50.111958,2026-02-07 11:03:34.998192,C1080,5.7,card,324.25,01160640815,delivered
101093,R24,Mohandessin,2026-02-07 10:47:00,2026-02-07 11:08:15.142787,2026-02-07 11:07:09.668057,C1098,2.3,card,110.5,01027381305,delivered
102073,R145,Nasr City,2026-02-07 11:32:00,2026-02-07 11:57:07.826007,2026-02-07 11:53:54.200725,C1057,1.3,card,216.72,01082626003,delivered
102613,R16,Maadi,2026-02-07 11:39:00,2026-02-07 12:09:57.754354,2026-02-07 12:06:21.670154,C1026,2.9,cash,303.79,01513479890,delivered
100033,R70,Dokki,2026-02-07 11:46:00,2026-02-07 12:24:30.269810,2026-02-07 12:25:54.802991,,8.8,cash,264.78,01048999528,delivered
101322,R36,Maadi,2026-02-07 13:09:00,2026-02-07 13:57:33.740280,2026-02-07 13:54:27.325992,C1099,9.4,wallet,129.11,01579835638,delivered
100437,R97,Maadi,2026-02-07 14:32:00,2026-02-07 14:48:24.995834,2026-02-07 14:50:46.263035,C1037,1.2,cash,105.04,01595342843,delivered
101458,R125,Nasr City,2026-02-07 14:46:00,2026-02-07 15:25:03.046421,2026-02-07 15:24:30.354320,C1066,10.9,card,323.08,01041653876,delivered
100588,R125,Mohandessin,2026-02-07 15:23:00,2026-02-07 15:56:26.079523,2026-02-07 15:54:04.462852,,5.0,card,436.66,01198852295,delivered
101364,R113,Maadi,2026-02-07 15:49:00,2026-02-07 16:10:30.895946,2026-02-07 16:14:15.843114,C1127,1.9,cash,348.3,01098257214,delivered
100435,R63,Heliopolis,2026-02-07 16:08:00,2026-02-07 16:45:51.192347,2026-02-07 16:42:24.926968,C1120,3.6,card,97.0,01271337373,delivered
100578,R109,Dokki,2026-02-07 16:40:00,2026-02-07 17:00:58.442760,2026-02-07 16:57:03.238629,C1016,2.8,cash,329.43,01222958645,delivered
101315,R67,Heliopolis,2026-02-07 17:10:00,2026-02-07 17:32:20.650983,2026-02-07 17:37:18.709966,C1017,5.9,cash,202.81,01489534739,delivered
101132,R50,Nasr City,2026-02-07 17:30:00,2026-02-07 18:13:57.629324,,C1080,8.1,card,150.18,01044210606,cancelled
100129,R52,Heliopolis,2026-02-07 18:41:00,2026-02-07 19:11:34.358414,2026-02-07 19:11:45.858755,C1198,4.8,cash,299.11,01062209172,delivered
100267,R77,Maadi,2026-02-07 18:43:00,2026-02-07 19:36:19.792331,2026-02-07 19:34:31.855190,C1039,10.9,cash,388.39,01551871552,delivered
102810,R43,Maadi,2026-02-07 19:12:00,2026-02-07 20:02:53.872477,2026-02-07 20:06:41.719740,C1124,11.9,card,189.42,01593089030,delivered
102776,R44,Maadi,2026-02-07 19:42:00,2026-02-07 20:17:17.297828,2026-02-07 20:14:24.410112,C1008,5.7,cash,211.6,01201353252,delivered
102793,R123,Heliopolis,2026-02-07 20:17:00,2026-02-07 20:47:40.284745,,C1052,6.5,cash,166.19,01166993336,delivered
101507,R32,Zamalek,2026-02-07 20:22:00,2026-02-07 20:41:12.525673,2026-02-07 20:39:15.893423,C1165,2.2,card,63.32,01285516825,delivered
100635,R35,Maadi,2026-02-07 20:37:00,2026-02-07 21:12:48.969088,2026-02-07 21:17:46.725535,C1043,4.1,wallet,224.19,01230936956,delivered
101956,R36,Maadi,2026-02-07 21:48:00,2026-02-07 22:16:48.747177,2026-02-07 22:18:31.002946,C1158,5.3,wallet,357.45,01574426291,delivered
100615,R52,Dokki,2026-02-07 21:55:00,2026-02-07 22:39:43.806393,2026-02-07 22:37:59.935258,C1161,8.2,wallet,200.2,01183484004,delivered
100839,R99,Nasr City,2026-02-07 22:16:00,2026-02-07 22:45:51.582165,2026-02-07 22:47:04.658656,C1003,4.4,cash,197.1,01533685787,delivered
100252,R8,Zamalek,2026-02-07 22:36:00,2026-02-07 23:11:05.426423,2026-02-07 23:14:04.485737,C1030,6.7,card,304.46,01115301508,delivered
102029,R67,Dokki,2026-02-07 22:36:00,2026-02-07 23:03:00.227003,2026-02-07 23:04:56.939745,C1180,3.2,card,328.03,01376524991,delivered
102838,R125,Mohandessin,2026-02-07 22:37:00,2026-02-07 23:02:16.138287,2026-02-07 22:57:31.662482,C1067,1.1,cash,387.3,01363098424,delivered
102467,R98,Heliopolis,2026-02-08 07:06:00,2026-02-08 07:25:47.990377,2026-02-08 07:28:07.539742,C1193,1.9,cash,310.64,01573692576,delivered
102787,R93,Mohandessin,2026-02-08 07:22:00,2026-02-08 07:50:05.804863,2026-02-08 07:46:34.020222,C1079,3.0,cash,386.32,01584962093,delivered
100372,R108,Zamalek,2026-02-08 08:03:00,2026-02-08 08:42:07.217513,2026-02-08 08:42:38.934697,C1107,8.0,wallet,385.71,01129010396,delivered
101140,R74,Zamalek,2026-02-08 08:32:00,2026-02-08 08:55:20.556709,2026-02-08 08:58:19.864918,C1089,3.5,cash,269.39,01184551112,delivered
102623,R132,Zamalek,2026-02-08 09:32:00,2026-02-08 09:59:21.998119,2026-02-08 09:56:44.140120,,1.3,card,354.92,01127132390,delivered
100388,R42,Nasr City,2026-02-08 09:56:00,2026-02-08 10:24:46.294196,2026-02-08 10:21:49.694430,C1173,4.9,card,403.65,01037826232,delivered
100333,R22,Heliopolis,2026-02-08 10:08:00,2026-02-08 10:47:08.223362,2026-02-08 10:43:11.953831,C1012,8.5,cash,375.81,015-5603-6606,delivered
101617,R92,Nasr City,2026-02-08 10:22:00,2026-02-08 11:11:03.002388,2026-02-08 11:08:58.478883,C1157,10.6,cash,179.31,01208949689,delivered
102602,R32,Dokki,2026-02-08 11:07:00,2026-02-08 11:48:21.172731,2026-02-08 11:50:41.578910,C1199,8.7,cash,185.54,01541499412,delivered
102692,R54,El Maadi,2026-02-08 11:18:00,2026-02-08 12:11:00.004853,2026-02-08 12:08:22.607642,C1136,10.5,cash,369.92,01277249278,delivered
100477,R67,Nasr City,2026-02-08 11:34:00,2026-02-08 12:00:22.980667,2026-02-08 11:56:50.933102,C1197,3.3,cash,437.19,011364322,delivered
101356,R2,Heliopolis,2026-02-08 11:49:00,2026-02-08 12:05:28.010899,2026-02-08 12:10:11.071927,C1008,2.2,card,318.88,01512745481,delivered
102128,R61,Heliopolis,2026-02-08 13:35:00,2026-02-08 14:09:14.962050,2026-02-08 14:12:50.791028,C1070,8.5,cash,242.8,01180461397,delivered
102762,R33,Heliopolis,2026-02-08 13:42:00,2026-02-08 14:11:11.669730,2026-02-08 14:12:36.124255,,4.5,card,124.6,01198747,delivered
101084,R97,El Maadi,2026-02-08 13:43:00,2026-02-08 14:39:24.806514,2026-02-08 14:34:52.356743,C1036,10.2,cash,327.25,01223901735,delivered
100913,R4,El Maadi,2026-02-08 13:44:00,2026-02-08 14:07:27.108178,2026-02-08 14:08:30.119914,C1057,5.0,wallet,310.38,01287813840,delivered
101937,R105,El Maadi,2026-02-08 14:37:00,2026-02-08 15:20:54.303843,2026-02-08 15:17:58.260783,C1071,6.6,wallet,387.42,01546608742,delivered
101039,R16,Heliopolis,2026-02-08 14:59:00,2026-02-08 15:17:21.072315,2026-02-08 15:19:19.832760,C1159,2.6,cash,397.09,01359276126,delivered
100512,R129,Dokki,2026-02-08 15:36:00,2026-02-08 16:11:39.737772,2026-02-08 16:15:59.186210,C1033,7.5,cash,337.9,01596153662,delivered
101395,R33,Zamalek,2026-02-08 16:31:00,2026-02-08 17:06:43.175214,2026-02-08 17:06:13.093381,C1020,6.6,cash,102.66,01011528148,delivered
100734,R140,Heliopolis,2026-02-08 16:44:00,2026-02-08 17:15:43.798264,2026-02-08 17:15:46.484141,C1076,6.9,cash,231.15,01523799345,delivered
101453,R59,Dokki,2026-02-08 16:46:00,2026-02-08 17:12:15.648572,,,1.4,cash,181.34,01447454476,cancelled
100246,R121,Mohandessin,2026-02-08 17:41:00,2026-02-08 18:17:08.391912,2026-02-08 18:17:14.918202,C1132,6.3,card,272.99,01063885308,delivered
101829,R126,Heliopolis,2026-02-08 18:21:00,2026-02-08 19:15:43.103844,2026-02-08 19:15:25.587921,C1109,10.3,card,296.0,01106555666,delivered
100994,R127,El Maadi,2026-02-08 18:53:00,2026-02-08 19:24:35.884919,2026-02-08 19:24:47.809951,C1087,5.6,wallet,433.02,01258794049,delivered
101935,R102,Heliopolis,2026-02-08 20:11:00,2026-02-08 21:00:34.048294,2026-02-08 21:02:25.592388,C1014,12.0,cash,331.43,01047932728,delivered
102365,R86,Heliopolis,2026-02-08 20:32:00,2026-02-08 20:42:00.000000,2026-02-08 20:40:00.000000,C1136,2.3,cash,382.66,01150651229,delivered
102113,R67,Nasr City,2026-02-08 20:37:00,2026-02-08 20:54:39.066638,2026-02-08 20:59:13.526907,,1.6,card,116.62,01204408211,delivered
101024,R74,Heliopolis,2026-02-08 21:34:00,2026-02-08 22:16:27.646259,2026-02-08 22:15:45.666972,C1029,7.1,cash,142.04,01518926505,delivered
100753,R93,Maadi,2026-02-08 21:55:00,2026-02-08 22:46:04.363886,,C1158,11.9,wallet,420.69,01055228717,cancelled
101849,R144,Nasr City,2026-02-08 22:06:00,2026-02-08 22:47:12.967387,2026-02-08 22:48:01.641828,C1171,9.7,card,205.29,01033076923,delivered
100030,R48,Heliopolis,2026-02-08 22:24:00,2026-02-08 22:46:40.146003,2026-02-08 22:47:33.129752,,5.5,cash,244.91,01053557565,delivered
100816,R116,Dokki,2026-02-08 22:29:00,2026-02-08 23:14:32.601364,2026-02-08 23:18:14.128084,C1105,11.9,cash,416.88,01416920214,delivered
101290,R65,El Maadi,2026-02-09 07:25:00,2026-02-09 07:53:08.697687,2026-02-09 07:53:30.500745,C1137,3.6,cash,406.08,0151285,delivered
102740,R145,Heliopolis,2026-02-09 07:30:00,2026-02-09 07:55:11.552027,2026-02-09 07:55:23.415511,C1173,5.1,cash,220.83,01279198062,delivered
102463,R146,Zamalek,2026-02-09 08:08:00,2026-02-09 08:36:23.988250,2026-02-09 08:40:19.274047,C1074,8.4,card,282.84,01132242936,delivered
102560,R2,Maadi,2026-02-09 08:26:00,2026-02-09 09:18:39.134599,2026-02-09 09:14:21.111845,C1001,10.1,wallet,76.12,01579334853,delivered
100186,R133,Mohandessin,2026-02-09 09:27:00,2026-02-09 10:05:45.765543,2026-02-09 10:03:14.970340,C1041,8.1,card,365.31,01544611825,delivered
100084,R87,maadi,2026-02-09 09:34:00,2026-02-09 09:58:58.573759,2026-02-09 09:58:01.570196,C1037,4.8,wallet,91.49,01286341430,delivered
102226,R13,Heliopolis,2026-02-09 09:39:00,2026-02-09 10:05:08.526371,2026-02-09 10:02:53.673127,C1130,2.8,cash,203.41,01205742206,delivered
101328,R147,Maadi,2026-02-09 12:00:00,2026-02-09 12:44:01.344907,2026-02-09 12:41:11.395310,C1110,9.0,cash,254.28,01227805716,delivered
101465,R140,maadi,2026-02-09 12:23:00,2026-02-09 13:10:08.804566,2026-02-09 13:05:45.921451,C1071,8.5,cash,183.83,01139046109,delivered
101816,R119,Nasr City,2026-02-09 13:50:00,2026-02-09 14:13:41.619045,2026-02-09 14:13:54.246627,C1116,5.7,cash,170.5,01072275672,delivered
100970,R56,Zamalek,2026-02-09 13:52:00,2026-02-09 14:30:41.986031,2026-02-09 14:32:07.662936,C1188,8.0,cash,378.24,01018304770,delivered
100038,R112,Heliopolis,2026-02-09 13:58:00,2026-02-09 14:47:18.458738,2026-02-09 14:49:38.710837,C1194,11.8,cash,75.97,01548984392,delivered
102731,R106,Maadi,2026-02-09 14:46:00,2026-02-09 15:32:04.459578,2026-02-09 15:35:32.610901,C1145,11.6,card,417.72,01162840693,delivered
101078,R84,Maadi,2026-02-09 14:48:00,2026-02-09 15:10:10.095532,,C1171,4.1,wallet,197.16,01576407893,cancelled
102758,R70,Zamalek,2026-02-09 14:49:00,2026-02-09 15:28:00.302589,2026-02-09 15:24:50.854838,C1088,8.6,cash,262.53,012-8231-7120,delivered
100472,R118,Nasr City,2026-02-09 15:30:00,2026-02-09 16:02:39.422881,2026-02-09 16:06:45.933690,C1044,6.0,card,311.4,01284872195,delivered
101199,R143,Heliopolis,2026-02-09 16:12:00,2026-02-09 16:38:24.847712,2026-02-09 16:42:16.739161,C1124,4.1,cash,221.2,01074818426,delivered
101500,R121,Nasr City,2026-02-09 16:54:00,2026-02-09 17:25:59.615162,2026-02-09 17:25:00.039144,C1128,3.2,cash,297.07,1251406500,delivered
100889,R66,Nasr City,2026-02-09 17:27:00,2026-02-09 17:52:51.206625,2026-02-09 17:50:42.847068,C1157,4.4,cash,421.38,01529210661,delivered
101881,R145,Zamalek,2026-02-09 18:09:00,2026-02-09 18:39:02.177796,2026-02-09 18:41:30.064615,C1007,6.4,cash,184.73,01196135485,delivered
102682,R32,Maadi,2026-02-09 18:18:00,2026-02-09 18:58:49.342250,2026-02-09 18:56:23.773869,C1139,6.4,cash,429.14,01200549486,delivered
100283,R27,Zamalek,2026-02-09 18:38:00,2026-02-09 19:03:03.591955,2026-02-09 19:04:57.443134,C1034,1.6,cash,60.36,01103259691,delivered
100287,R13,Dokki,2026-02-09 19:20:00,2026-02-09 19:51:25.860723,2026-02-09 19:49:24.023966,C1162,5.1,cash,195.1,01122649450,delivered
101713,R81,Nasr City,2026-02-09 20:27:00,2026-02-09 20:54:58.918599,2026-02-09 20:50:16.256700,C1074,3.1,cash,85.68,01023608349,delivered
102490,R121,Nasr City,2026-02-09 20:43:00,2026-02-09 21:17:55.902449,2026-02-09 21:19:14.750679,C1174,5.0,card,266.18,01260107830,delivered
100206,R137,Maadi,2026-02-09 20:51:00,2026-02-09 21:18:59.645481,2026-02-09 21:14:05.723084,C1131,2.8,wallet,171.83,01196552569,delivered
100789,R57,Zamalek,2026-02-09 20:57:00,2026-02-09 21:13:09.411853,2026-02-09 21:13:30.160733,C1077,2.4,cash,163.11,01178119627,delivered
102651,R63,Dokki,2026-02-09 20:59:00,2026-02-09 21:27:18.780257,2026-02-09 21:32:00.121771,C1148,7.5,wallet,103.87,01290328767,delivered
100721,R137,Dokki,2026-02-09 21:31:00,2026-02-09 22:25:23.118153,2026-02-09 22:20:32.590711,C1120,11.2,card,268.56,01248735213,delivered
100463,R45,Mohandessin,2026-02-09 21:49:00,2026-02-09 22:15:58.564084,2026-02-09 22:19:51.338034,C1132,9.9,cash,294.0,01090545480,delivered
100323,R40,Heliopolis,2026-02-09 22:45:00,2026-02-09 23:20:00.205216,2026-02-09 23:17:25.051256,C1063,7.4,card,299.21,01231036095,delivered
101194,R123,El Maadi,2026-02-09 22:56:00,2026-02-09 23:26:57.600975,2026-02-09 23:26:31.686596,C1060,4.2,card,248.35,01139457075,delivered
101192,R69,Dokki,2026-02-17 07:17:00,2026-02-17 08:00:36.197833,2026-02-17 08:00:17.597181,C1011,9.6,card,449.35,01058798788,delivered
102961,R57,Nasr City,2026-02-17 07:22:00,2026-02-17 07:32:00.000000,2026-02-17 07:33:38.927398,C1083,1.1,wallet,370.81,01573524603,delivered
100898,R111,Mohandessin,2026-02-17 07:29:00,2026-02-17 08:05:58.916130,2026-02-17 08:02:21.226056,C1156,9.2,cash,351.05,01535746158,delivered
102298,R108,El Maadi,2026-02-17 08:20:00,2026-02-17 09:07:55.626562,2026-02-17 09:03:33.278230,C1052,8.8,cash,182.07,01211582596,delivered
101578,R120,Mohandessin,2026-02-17 08:37:00,2026-02-17 09:03:21.052292,2026-02-17 09:05:43.464696,C1095,7.1,cash,286.76,01001092715,delivered
101387,R99,Heliopolis,2026-02-17 09:54:00,2026-02-17 10:37:53.625435,2026-02-17 10:36:27.491437,C1102,10.0,wallet,238.33,01528092408,delivered
101438,R44,Dokki,2026-02-17 11:26:00,2026-02-17 12:16:26.777340,2026-02-17 12:17:03.607272,C1112,11.4,cash,222.34,01269749921,delivered
100664,R40,Maadi,2026-02-17 11:41:00,2026-02-17 12:01:13.195525,2026-02-17 12:02:59.709380,,6.2,wallet,422.37,01236969919,delivered
101711,R95,Heliopolis,2026-02-17 12:05:00,2026-02-17 12:47:17.154372,2026-02-17 12:44:22.772004,C1178,10.2,card,424.82,01520464720,delivered
101283,R42,Dokki,2026-02-17 12:36:00,2026-02-17 12:46:00.000000,2026-02-17 12:47:24.401534,C1154,1.6,cash,422.91,01249583977,delivered
101001,R108,Nasr City,2026-02-17 12:40:00,2026-02-17 13:07:53.609364,2026-02-17 13:12:45.619306,C1146,5.8,cash,337.46,011-3121-0027,delivered
102551,R47,Dokki,2026-02-17 12:46:00,2026-02-17 13:30:15.390012,2026-02-17 13:25:28.121317,C1025,8.5,cash,381.2,01074467422,delivered
100363,R120,Heliopolis,2026-02-17 12:46:00,2026-02-17 13:20:14.243265,2026-02-17 13:19:49.019871,,4.8,cash,310.02,011338001,delivered
101863,R137,Zamalek,2026-02-17 12:53:00,2026-02-17 13:42:29.023168,2026-02-17 13:40:21.957896,C1006,11.3,cash,193.25,01271552728,delivered
101475,R60,Maadi,2026-02-17 14:06:00,2026-02-17 14:24:17.925601,2026-02-17 14:28:03.541103,C1157,3.4,cash,274.75,01035809650,delivered
100078,R147,Nasr City,2026-02-17 14:17:00,2026-02-17 14:48:23.251339,2026-02-17 14:49:14.102961,C1194,5.2,cash,135.35,01005536444,delivered
102333,R147,Dokki,2026-02-17 15:17:00,2026-02-17 15:49:52.234430,2026-02-17 15:54:33.006281,C1063,9.0,wallet,364.62,01082726078,delivered
102224,R78,Dokki,2026-02-17 15:41:00,2026-02-17 16:01:43.497920,2026-02-17 16:06:42.126521,,5.8,cash,253.44,01562154285,delivered
102921,R93,Zamalek,2026-02-17 15:47:00,2026-02-17 15:59:07.309595,2026-02-17 16:00:06.815747,C1181,2.2,cash,228.46,01018390442,delivered
101747,R109,Dokki,2026-02-17 15:53:00,2026-02-17 16:42:25.786286,2026-02-17 16:39:09.622450,C1173,9.2,cash,277.85,01048184248,delivered
101054,R60,maadi,2026-02-17 15:59:00,2026-02-17 16:23:54.652341,2026-02-17 16:23:12.128961,C1065,3.2,cash,163.18,01056408899,delivered
102864,R132,Heliopolis,2026-02-17 17:05:00,2026-02-17 17:37:43.941126,2026-02-17 17:39:55.627732,C1124,6.6,card,195.18,01124342815,delivered
102995,R99,Mohandessin,2026-02-17 17:30:00,2026-02-17 18:20:42.783881,2026-02-17 18:21:59.519040,C1070,11.5,wallet,363.45,01007579450,delivered
102994,R89,El Maadi,2026-02-17 17:46:00,2026-02-17 18:05:46.673537,2026-02-17 18:08:37.109110,C1070,2.7,wallet,187.28,1057987895,delivered
102908,R31,Nasr City,2026-02-17 18:54:00,2026-02-17 19:14:26.336588,2026-02-17 19:14:48.271596,C1041,2.7,cash,219.83,01144636440,delivered
101337,R29,Dokki,2026-02-17 18:58:00,2026-02-17 19:23:04.648579,2026-02-17 19:25:59.718209,C1156,6.9,wallet,132.65,012-1555-6137,delivered
100180,R30,Zamalek,2026-02-17 19:01:00,2026-02-17 19:46:33.026864,2026-02-17 19:49:19.040070,C1191,10.6,wallet,261.97,01150326917,delivered
100805,R28,Heliopolis,2026-02-17 19:21:00,2026-02-17 19:52:35.514272,2026-02-17 19:55:52.658839,C1043,6.4,card,298.59,01258636228,delivered
101886,R6,Nasr City,2026-02-17 19:23:00,2026-02-17 19:49:14.163814,2026-02-17 19:49:11.411832,C1159,4.9,cash,412.98,01272868680,delivered
101343,R14,El Maadi,2026-02-17 20:25:00,2026-02-17 20:49:44.072374,2026-02-17 20:54:03.624680,C1015,4.7,cash,237.75,01041299887,delivered
101743,R59,Heliopolis,2026-02-17 20:44:00,2026-02-17 21:14:19.293509,2026-02-17 21:13:28.994595,C1164,4.9,cash,70.09,01055162861,delivered
101257,R48,Maadi,2026-02-17 22:58:00,2026-02-17 23:45:11.810939,2026-02-17 23:45:32.780590,C1072,9.2,cash,330.59,01018185181,delivered
100540,R26,El Maadi,2026-02-18 07:46:00,2026-02-18 08:00:38.614520,2026-02-18 08:02:32.863023,C1120,1.2,card,425.56,01001471702,delivered
100640,R89,Maadi,2026-02-18 08:24:00,2026-02-18 09:08:06.238148,2026-02-18 09:09:38.318578,C1050,11.1,wallet,352.28,0118347,delivered
102652,R53,Mohandessin,2026-02-18 08:25:00,2026-02-18 09:08:35.048106,2026-02-18 09:05:42.803273,C1135,8.1,card,294.03,01153527566,delivered
101491,R72,Mohandessin,2026-02-18 08:27:00,2026-02-18 09:05:52.997129,2026-02-18 09:09:21.554279,C1189,8.7,card,270.56,01577853598,delivered
101420,R38,Zamalek,2026-02-18 08:31:00,2026-02-18 09:10:58.422298,2026-02-18 09:11:47.575648,C1031,9.5,card,105.64,01295085493,delivered
102884,R49,Maadi,2026-02-18 09:10:00,2026-02-18 09:40:38.448530,2026-02-18 09:43:09.373194,C1117,8.8,card,349.92,01202223250,delivered
100207,R5,Nasr City,2026-02-18 09:16:00,2026-02-18 09:39:11.770615,2026-02-18 09:43:56.236386,C1129,2.5,wallet,89.16,1246805845,delivered
100122,R77,Mohandessin,2026-02-18 09:27:00,2026-02-18 10:06:56.522447,2026-02-18 10:02:39.269133,C1017,8.4,card,171.2,01175380489,delivered
102109,R89,Zamalek,2026-02-18 10:30:00,2026-02-18 10:54:24.324483,2026-02-18 10:54:36.369812,C1017,2.5,cash,179.02,010-4429-0557,delivered
100087,R58,Dokki,2026-02-18 10:58:00,2026-02-18 11:25:30.041199,2026-02-18 11:25:03.883514,C1172,8.8,cash,95.0,015419860,delivered
102621,R149,maadi,2026-02-18 12:00:00,2026-02-18 12:18:50.991446,2026-02-18 12:21:07.804405,C1009,2.4,cash,330.85,01580512876,delivered
101726,R115,Zamalek,2026-02-18 12:20:00,2026-02-18 13:01:48.830548,2026-02-18 12:57:07.206872,C1159,8.4,cash,435.0,01096532317,delivered
100848,R75,Nasr City,2026-02-18 14:59:00,2026-02-18 15:28:19.499103,2026-02-18 15:23:27.849721,C1091,5.0,cash,449.89,01153096,delivered
101253,R36,Dokki,2026-02-18 15:01:00,2026-02-18 15:46:06.376631,2026-02-18 15:47:01.012994,C1198,10.1,card,426.9,01447773408,delivered
100631,R75,Heliopolis,2026-02-18 15:04:00,2026-02-18 15:26:53.494078,2026-02-18 15:26:14.536164,C1005,3.4,cash,67.63,1027877532,delivered
101645,R116,Mohandessin,2026-02-18 15:24:00,2026-02-18 16:00:12.706198,2026-02-18 15:56:50.489654,,5.4,cash,253.68,01295115466,delivered
102960,R138,Mohandessin,2026-02-18 15:48:00,2026-02-18 16:22:00.105733,2026-02-18 16:23:19.453183,C1144,6.1,card,396.5,01072260903,delivered
101964,R30,Heliopolis,2026-02-18 16:27:00,2026-02-18 17:13:29.379015,2026-02-18 17:15:10.343258,C1168,9.6,card,205.87,01115007064,delivered
102535,R146,Dokki,2026-02-18 18:03:00,2026-02-18 18:50:30.166411,2026-02-18 18:46:07.172561,C1152,10.2,wallet,224.02,01138317706,delivered
101235,R23,Dokki,2026-02-18 18:07:00,2026-02-18 18:33:12.620239,2026-02-18 18:29:28.308747,C1000,3.2,cash,103.47,010-5666-0366,delivered
101085,R76,Nasr City,2026-02-18 18:22:00,2026-02-18 19:07:13.471762,2026-02-18 19:10:31.352139,C1034,12.0,card,395.89,01564689506,delivered
100614,R18,Dokki,2026-02-18 18:53:00,2026-02-18 19:06:27.505288,2026-02-18 19:08:07.780150,C1165,2.8,cash,307.25,01570899132,delivered
102653,R136,Nasr City,2026-02-18 19:02:00,2026-02-18 19:32:18.918108,2026-02-18 19:36:25.075417,C1183,5.7,card,285.12,01171901278,delivered
101255,R82,Nasr City,2026-02-18 19:34:00,2026-02-18 20:31:18.814367,2026-02-18 20:34:07.486682,C1148,11.1,wallet,60.27,01542684928,delivered
102438,R53,Maadi,2026-02-18 19:51:00,2026-02-18 20:36:01.208428,2026-02-18 20:36:31.150742,C1034,7.7,wallet,239.62,0111792,delivered
101559,R67,El Maadi,2026-02-18 19:52:00,2026-02-18 20:25:36.631889,2026-02-18 20:25:58.769698,C1155,6.9,cash,103.97,01286678285,delivered
100857,R139,Mohandessin,2026-02-18 20:07:00,2026-02-18 20:26:50.625270,2026-02-18 20:25:36.454775,C1079,1.6,cash,119.68,01053542539,delivered
100144,R86,El Maadi,2026-02-18 20:44:00,2026-02-18 21:21:57.468437,2026-02-18 21:21:50.807418,C1046,7.0,wallet,118.55,011-4081-6967,delivered
102167,R106,Dokki,2026-02-18 21:06:00,2026-02-18 21:32:15.726199,2026-02-18 21:33:28.970316,C1019,3.4,wallet,401.27,01090277807,delivered
102110,R42,Nasr City,2026-02-18 21:23:00,2026-02-18 21:45:47.335837,2026-02-18 21:47:55.719821,C1069,6.1,card,147.56,01288208719,delivered
101266,R26,Dokki,2026-02-18 21:55:00,2026-02-18 22:34:05.977042,2026-02-18 22:36:53.743740,C1153,10.8,card,325.1,01264561572,delivered
101041,R119,Zamalek,2026-02-18 22:04:00,2026-02-18 22:45:05.642612,2026-02-18 22:42:13.538959,C1000,9.7,cash,425.19,01239412855,delivered
102648,R70,Nasr City,2026-02-18 22:07:00,2026-02-18 22:17:00.000000,2026-02-18 22:19:12.685166,C1075,4.9,cash,200.09,01158149238,delivered
101000,R45,Dokki,2026-02-18 22:16:00,2026-02-18 22:58:12.290434,2026-02-18 22:58:06.584724,C1008,10.0,cash,357.77,01011796394,delivered
101698,R7,Zamalek,2026-02-18 22:23:00,2026-02-18 23:16:18.079580,2026-02-18 23:15:10.132868,C1031,10.7,cash,252.0,01068348242,delivered
101094,R112,Dokki,2026-02-18 22:45:00,2026-02-18 23:04:52.573976,2026-02-18 23:09:46.877385,C1150,2.0,card,426.04,01515293349,delivered
101762,R5,Heliopolis,2026-02-18 22:47:00,2026-02-18 23:11:29.462476,2026-02-18 23:08:55.775357,,3.4,cash,169.27,010-8100-7348,delivered
102511,R86,Dokki,2026-02-19 07:02:00,2026-02-19 07:47:28.122029,2026-02-19 07:45:31.640290,C1122,6.9,cash,305.93,01241500570,delivered
101975,R30,Heliopolis,2026-02-19 07:25:00,2026-02-19 07:55:11.651729,2026-02-19 07:55:25.844894,C1179,3.3,cash,146.0,01506142439,delivered
100980,R99,Maadi,2026-02-19 07:50:00,2026-02-19 08:32:50.351996,2026-02-19 08:32:41.557663,,6.0,cash,99.77,01007360837,delivered
101359,R8,Zamalek,2026-02-19 08:06:00,2026-02-19 08:54:26.192844,2026-02-19 08:56:15.318691,C1193,11.3,card,367.48,01188068266,delivered
102464,R138,Zamalek,2026-02-19 08:16:00,2026-02-19 08:51:25.353058,,C1195,4.6,cash,413.34,01048736295,delivered
101417,R19,Heliopolis,2026-02-19 08:59:00,2026-02-19 09:35:46.910358,2026-02-19 09:39:30.531864,C1143,5.0,wallet,325.64,01182804525,delivered
101866,R110,Zamalek,2026-02-19 09:26:00,2026-02-19 09:57:42.730199,2026-02-19 09:54:32.983921,,3.5,cash,252.19,01185917623,delivered
100777,R83,Nasr City,2026-02-19 09:29:00,2026-02-19 10:28:50.646021,2026-02-19 10:26:49.312982,C1185,9.8,cash,378.76,01287845111,delivered
100749,R80,Heliopolis,2026-02-19 10:53:00,2026-02-19 11:26:32.581722,2026-02-19 11:31:32.550076,,8.2,cash,116.58,01098647613,delivered
102691,R42,El Maadi,2026-02-19 12:17:00,2026-02-19 12:36:32.630430,2026-02-19 12:36:20.783106,C1154,7.1,cash,93.11,01180247558,delivered
101287,R41,Nasr City,2026-02-19 13:18:00,2026-02-19 13:47:37.765926,2026-02-19 13:42:44.909882,C1049,3.6,cash,426.66,01179564003,delivered
101870,R34,Heliopolis,2026-02-19 14:39:00,2026-02-19 15:03:03.696468,2026-02-19 15:03:53.434394,C1012,4.0,cash,104.33,01539144851,delivered
102179,R13,Maadi,2026-02-19 15:09:00,2026-02-19 15:40:20.690837,2026-02-19 15:36:57.479061,C1106,6.3,cash,217.87,1540676507,delivered
101943,R47,Heliopolis,2026-02-19 15:46:00,2026-02-19 16:16:15.910356,2026-02-19 16:12:44.667183,C1068,3.7,wallet,438.48,01576965632,delivered
100428,R78,Maadi,2026-02-19 15:59:00,2026-02-19 16:59:45.453165,2026-02-19 16:55:45.726648,C1042,11.8,cash,298.72,01506222415,delivered
100604,R112,Nasr City,2026-02-19 16:43:00,2026-02-19 16:59:42.820708,2026-02-19 17:01:21.528112,,2.1,card,258.33,01044022812,delivered
102006,R125,Heliopolis,2026-02-19 17:16:00,2026-02-19 18:12:09.111134,2026-02-19 18:12:51.894462,C1078,11.8,card,291.62,01514716359,delivered
100858,R79,Heliopolis,2026-02-19 18:27:00,2026-02-19 19:15:49.934883,2026-02-19 19:16:30.043131,C1143,8.6,cash,165.6,01135542163,delivered
102612,R138,Nasr City,2026-02-19 18:37:00,2026-02-19 19:07:00.214077,2026-02-19 19:04:37.720857,C1197,7.1,wallet,156.83,01093298957,delivered
100147,R83,Dokki,2026-02-19 18:45:00,2026-02-19 19:29:00.084376,2026-02-19 19:26:28.444626,C1105,10.8,cash,423.46,01594415943,delivered
100200,R16,Heliopolis,2026-02-19 20:10:00,2026-02-19 20:55:10.193951,2026-02-19 20:51:13.348508,C1096,6.9,cash,167.5,01086061400,delivered
101637,R24,Heliopolis,2026-02-19 20:42:00,2026-02-19 21:12:16.067081,2026-02-19 21:14:01.285206,C1069,7.6,card,268.52,01076753834,delivered
100867,R6,Zamalek,2026-02-19 21:06:00,2026-02-19 21:50:02.927581,2026-02-19 21:49:19.434783,C1132,9.1,wallet,432.01,01170738713,delivered
102246,R126,Mohandessin,2026-02-19 22:38:00,2026-02-19 23:05:16.589391,2026-02-19 23:08:01.603446,C1085,3.5,cash,310.53,01538415211,delivered
102489,R28,Dokki,2026-02-19 22:49:00,2026-02-19 23:38:12.180541,2026-02-19 23:34:23.062068,C1016,10.9,cash,405.32,01283379009,delivered
102449,R39,Heliopolis,2026-02-20 07:16:00,2026-02-20 07:37:37.938590,2026-02-20 07:34:05.432439,C1052,2.4,cash,221.56,01008630704,delivered
100622,R120,Nasr City,2026-02-20 07:41:00,2026-02-20 08:01:47.276989,2026-02-20 08:03:46.354454,C1085,1.0,card,335.88,01178760401,delivered
100225,R15,Maadi,2026-02-20 07:44:00,2026-02-20 08:07:59.976275,2026-02-20 08:04:50.659226,C1152,2.9,wallet,299.9,01202660752,delivered
101655,R10,Maadi,2026-02-20 08:02:00,2026-02-20 08:30:20.174401,2026-02-20 08:34:00.354079,C1135,3.8,cash,345.95,01001405360,delivered
101044,R11,Zamalek,2026-02-20 08:10:00,2026-02-20 08:30:41.305053,2026-02-20 08:26:43.289148,C1187,2.8,wallet,316.83,01091889015,delivered
100743,R39,Maadi,2026-02-20 08:44:00,2026-02-20 09:10:47.970525,2026-02-20 09:08:21.693949,C1076,3.7,card,392.58,01549251604,delivered
101331,R100,Maadi,2026-02-20 10:21:00,2026-02-20 11:04:36.412470,2026-02-20 11:03:52.225490,C1054,11.0,wallet,417.94,01009962863,delivered
102130,R76,Maadi,2026-02-20 10:27:00,2026-02-20 10:53:31.444465,2026-02-20 10:52:38.855018,C1095,4.4,wallet,394.0,01014599622,delivered
101195,R94,Mohandessin,2026-02-20 10:39:00,2026-02-20 10:59:53.875650,2026-02-20 10:59:47.908685,C1038,2.7,cash,167.41,01522979667,delivered
101974,R142,maadi,2026-02-20 11:39:00,2026-02-20 12:19:28.796902,2026-02-20 12:17:10.044688,C1070,6.1,card,180.97,01035081358,delivered
100419,R4,Nasr City,2026-02-20 12:26:00,2026-02-20 12:50:37.006177,2026-02-20 12:50:37.046813,C1188,4.9,card,102.4,012-4308-7979,delivered
100177,R89,Heliopolis,2026-02-20 13:07:00,2026-02-20 13:51:46.960284,2026-02-20 13:56:45.201691,C1076,11.2,card,437.48,01035678155,delivered
102719,R85,Zamalek,2026-02-20 13:33:00,2026-02-20 14:14:14.827771,2026-02-20 14:12:47.113458,C1085,8.7,card,180.85,01235779194,delivered
102641,R79,Nasr City,2026-02-20 13:46:00,2026-02-20 14:34:05.177925,2026-02-20 14:33:13.832196,C1160,11.6,cash,216.74,1179367702,delivered
100106,R8,Maadi,2026-02-20 14:20:00,2026-02-20 15:03:17.295296,2026-02-20 15:07:44.384268,C1173,10.5,cash,397.98,01282255477,delivered
102334,R124,Nasr City,2026-02-20 14:31:00,2026-02-20 14:57:42.027559,2026-02-20 15:01:37.262687,C1024,5.8,cash,333.75,0103108,delivered
100866,R17,Nasr City,2026-02-20 15:37:00,2026-02-20 16:14:28.819186,2026-02-20 16:18:18.170568,C1183,10.6,card,436.6,01027659092,delivered
101803,R148,Zamalek,2026-02-20 15:49:00,2026-02-20 16:23:05.088481,2026-02-20 16:26:10.327251,C1056,7.1,card,400.34,01138999116,delivered
101191,R30,Heliopolis,2026-02-20 16:07:00,2026-02-20 16:48:36.594182,2026-02-20 16:48:45.529352,C1033,10.6,cash,348.77,01051124240,delivered
100305,R103,Zamalek,2026-02-20 16:20:00,2026-02-20 17:04:35.618646,2026-02-20 17:01:15.600332,,8.3,cash,361.87,01284226502,delivered
100810,R39,Dokki,2026-02-20 16:31:00,2026-02-20 17:23:13.374582,2026-02-20 17:18:19.994155,C1186,8.2,cash,260.47,01564889081,delivered
100630,R84,Dokki,2026-02-20 17:21:00,2026-02-20 18:05:37.559933,2026-02-20 18:05:32.904765,C1051,10.1,cash,325.31,01161687485,delivered
102983,R26,Maadi,2026-02-20 17:29:00,2026-02-20 18:20:49.652034,2026-02-20 18:19:32.162179,C1095,10.2,card,104.48,01229188548,delivered
100653,R108,Zamalek,2026-02-20 18:02:00,2026-02-20 18:14:06.005260,2026-02-20 18:19:05.118917,C1003,2.9,card,409.66,01203799524,delivered
101247,R128,Heliopolis,2026-02-20 18:16:00,2026-02-20 19:04:58.480687,2026-02-20 19:07:20.056116,C1044,11.5,cash,415.86,01599063416,delivered
102255,R28,Zamalek,2026-02-20 18:48:00,2026-02-20 19:31:29.147431,2026-02-20 19:35:52.323223,C1119,11.4,cash,73.49,01192854707,delivered
100466,R10,Maadi,2026-02-20 18:54:00,2026-02-20 19:22:23.164194,2026-02-20 19:19:55.494091,C1093,4.6,cash,333.1,01524590422,delivered
100911,R73,Heliopolis,2026-02-20 19:10:00,2026-02-20 19:56:27.241635,2026-02-20 19:51:35.147678,C1090,9.8,cash,355.79,01040397038,delivered
102799,R98,Mohandessin,2026-02-20 19:23:00,2026-02-20 20:02:43.277361,2026-02-20 20:01:03.850339,C1012,7.9,cash,114.39,01049330182,delivered
100368,R26,Maadi,2026-02-20 21:12:00,2026-02-20 21:55:37.401511,2026-02-20 21:50:49.782084,C1034,5.1,wallet,415.81,01184447077,delivered
101903,R67,Dokki,2026-02-20 21:15:00,2026-02-20 21:50:56.504095,2026-02-20 21:55:18.279454,C1065,8.6,card,160.58,01246240517,delivered
100847,R71,Maadi,2026-02-20 21:33:00,2026-02-20 22:23:10.897483,2026-02-20 22:25:43.539412,C1178,10.8,cash,212.4,01206565590,delivered
101851,R133,Dokki,2026-02-20 21:38:00,2026-02-20 22:10:25.286489,2026-02-20 22:09:37.556662,C1124,8.6,cash,324.41,01501862389,delivered
101495,R70,Nasr City,2026-02-20 21:56:00,2026-02-20 22:37:48.516385,2026-02-20 22:37:48.562933,C1000,7.7,card,164.63,01045455166,delivered
102355,R11,maadi,2026-02-20 22:02:00,2026-02-20 22:39:50.057230,2026-02-20 22:42:41.699948,C1031,9.7,wallet,104.64,01531158075,delivered
102237,R106,Mohandessin,2026-02-20 22:16:00,2026-02-20 22:26:26.677920,2026-02-20 22:31:07.999367,C1015,2.4,wallet,145.51,01586146724,delivered
100010,R124,Zamalek,2026-02-20 22:19:00,2026-02-20 22:55:49.403712,2026-02-20 22:51:02.370960,C1072,6.7,cash,276.07,0122267,delivered
100341,R2,Nasr City,2026-02-20 22:36:00,2026-02-20 23:11:45.001394,2026-02-20 23:12:35.769322,C1114,5.7,card,416.95,01055495402,delivered
102520,R111,Nasr City,2026-02-20 22:37:00,2026-02-20 23:05:56.165948,,C1057,4.8,wallet,383.42,01299428849,cancelled
100214,R102,Heliopolis,2026-02-20 22:43:00,2026-02-20 23:30:34.372352,2026-02-20 23:33:40.334236,C1122,7.2,wallet,335.83,01094987968,delivered
100668,R65,Nasr City,2026-02-20 22:49:00,2026-02-20 23:19:34.251989,2026-02-20 23:23:25.939042,C1120,5.5,cash,297.14,01192459503,delivered
102727,R132,Nasr City,2026-02-21 07:10:00,2026-02-21 07:58:16.012586,2026-02-21 07:55:05.214616,C1110,9.9,cash,267.19,01218259696,delivered
100689,R21,Dokki,2026-02-21 07:10:00,2026-02-21 07:33:34.663419,2026-02-21 07:34:11.191011,C1045,5.4,cash,146.71,01368263438,delivered
101725,R96,Zamalek,2026-02-21 08:02:00,2026-02-21 08:44:51.919308,2026-02-21 08:49:22.423505,,7.3,wallet,188.57,01526799407,delivered
101180,R37,Mohandessin,2026-02-21 08:36:00,2026-02-21 08:51:50.543363,2026-02-21 08:55:30.299990,C1024,3.5,wallet,304.85,01194716447,delivered
100396,R11,Dokki,2026-02-21 09:19:00,2026-02-21 09:36:20.250464,,C1169,1.1,card,416.79,01158971089,cancelled
101498,R79,Heliopolis,2026-02-21 09:30:00,2026-02-21 10:07:17.522483,2026-02-21 10:12:14.982692,C1141,9.0,cash,71.23,01130556977,delivered
101785,R39,Heliopolis,2026-02-21 10:28:00,2026-02-21 10:48:53.539011,2026-02-21 10:52:50.227974,C1100,6.1,wallet,72.38,01269983030,delivered
100523,R66,Nasr City,2026-02-21 11:00:00,2026-02-21 11:39:41.919314,2026-02-21 11:36:06.014375,C1047,10.3,card,264.58,01934203796,delivered
101157,R21,Maadi,2026-02-21 11:49:00,2026-02-21 12:26:03.026075,2026-02-21 12:26:06.838737,C1175,6.2,card,295.11,01547804741,delivered
101163,R82,Heliopolis,2026-02-21 12:13:00,2026-02-21 13:00:02.309794,2026-02-21 13:01:01.498863,C1096,10.2,cash,389.93,01504711045,delivered
100358,R71,Heliopolis,2026-02-21 12:22:00,2026-02-21 13:06:54.608109,2026-02-21 13:03:51.694641,C1165,8.9,cash,106.58,01014564107,delivered
102155,R74,maadi,2026-02-21 13:24:00,2026-02-21 14:09:05.026765,2026-02-21 14:06:26.257802,C1056,8.9,card,75.24,01296451301,delivered
101895,R81,Nasr City,2026-02-21 13:49:00,2026-02-21 14:32:57.166763,2026-02-21 14:31:48.701994,C1070,8.7,card,323.3,01557215873,delivered
102900,R48,Heliopolis,2026-02-21 15:27:00,2026-02-21 16:02:18.194123,2026-02-21 16:05:31.985980,C1037,8.0,cash,160.14,01090656327,delivered
102829,R65,Heliopolis,2026-02-21 15:38:00,2026-02-21 16:00:25.628846,2026-02-21 15:58:07.432763,C1071,3.2,cash,74.32,01031948399,delivered
102149,R79,Dokki,2026-02-21 16:15:00,2026-02-21 16:34:04.388342,2026-02-21 16:37:31.008481,C1125,3.2,cash,285.43,01329315147,delivered
101460,R64,Nasr City,2026-02-21 16:49:00,2026-02-21 17:02:59.660957,2026-02-21 17:04:26.571707,C1053,3.2,card,330.05,01126424953,delivered
101790,R111,Nasr City,2026-02-21 17:18:00,2026-02-21 17:56:01.997094,2026-02-21 17:56:41.783971,C1050,4.5,cash,290.77,01583443834,delivered
100005,R148,Dokki,2026-02-21 17:33:00,2026-02-21 18:18:15.513470,2026-02-21 18:13:34.004171,C1110,7.2,cash,219.33,01580829246,delivered
100647,R25,Heliopolis,2026-02-21 18:14:00,2026-02-21 18:42:47.990253,2026-02-21 18:43:52.347274,C1124,1.7,wallet,307.43,01106908859,delivered
101411,R104,Dokki,2026-02-21 19:18:00,2026-02-21 19:43:12.758812,2026-02-21 19:40:48.419108,C1172,1.2,cash,211.83,01123720336,cancelled
102538,R68,El Maadi,2026-02-21 20:05:00,2026-02-21 20:37:47.102488,2026-02-21 20:37:08.676327,C1175,6.1,card,211.07,01248503362,delivered
100723,R103,Dokki,2026-02-21 20:10:00,2026-02-21 20:28:03.460646,2026-02-21 20:29:08.824450,,3.4,card,206.98,01001076458,delivered
101358,R144,Maadi,2026-02-21 20:19:00,2026-02-21 20:57:37.359266,2026-02-21 20:55:33.489158,C1022,8.9,wallet,401.46,01068805134,delivered
100806,R83,Heliopolis,2026-02-21 20:32:00,2026-02-21 20:42:00.000000,2026-02-21 20:40:51.593231,C1144,3.0,card,352.08,01213622316,delivered
102035,R62,Mohandessin,2026-02-21 20:38:00,2026-02-21 21:21:02.123274,2026-02-21 21:21:33.205109,C1134,11.2,cash,145.66,01283130312,delivered
101083,R120,Nasr City,2026-02-21 20:54:00,2026-02-21 21:26:53.435887,2026-02-21 21:24:10.775039,C1174,5.7,card,177.1,01452288219,delivered
100493,R51,Dokki,2026-02-21 21:56:00,2026-02-21 22:31:55.884951,2026-02-21 22:27:57.110750,,2.9,cash,446.19,1540853429,delivered
102374,R93,Maadi,2026-02-21 22:30:00,2026-02-21 23:08:37.567681,2026-02-21 23:07:03.143496,C1199,8.1,wallet,309.17,01571814434,delivered
102923,R72,Zamalek,2026-02-21 22:37:00,2026-02-21 23:12:14.815741,2026-02-21 23:10:32.527356,,3.8,wallet,380.77,01120454967,delivered
100682,R110,Heliopolis,2026-02-22 07:01:00,2026-02-22 07:31:10.753566,2026-02-22 07:27:09.524458,C1177,2.9,card,129.57,01305967891,delivered
102593,R135,Nasr City,2026-02-22 09:11:00,2026-02-22 09:41:22.660609,,C1056,6.5,wallet,343.8,01256513902,cancelled
100511,R55,Zamalek,2026-02-22 09:20:00,2026-02-22 10:19:35.787497,2026-02-22 10:18:53.416409,C1077,11.7,card,229.63,01140056577,delivered
101705,R136,Nasr City,2026-02-22 09:55:00,2026-02-22 10:21:10.644535,2026-02-22 10:22:42.467564,C1023,2.7,wallet,316.03,01088715079,delivered
100733,R106,Nasr City,2026-02-22 10:24:00,2026-02-22 11:10:13.884950,2026-02-22 11:08:24.914880,C1125,9.5,card,267.42,01230685930,delivered
100042,R31,Mohandessin,2026-02-22 10:29:00,2026-02-22 11:04:10.066282,2026-02-22 10:59:50.366283,,2.5,cash,307.47,01148997559,delivered
101018,R53,Maadi,2026-02-22 10:47:00,2026-02-22 11:39:42.317216,2026-02-22 11:35:42.811064,C1157,11.3,cash,226.19,01146553194,delivered
102390,R46,Heliopolis,2026-02-22 11:47:00,2026-02-22 12:28:20.883352,2026-02-22 12:27:45.245968,C1140,5.9,wallet,405.14,01022303544,delivered
101814,R143,Heliopolis,2026-02-22 13:04:00,2026-02-22 13:24:22.207234,2026-02-22 13:27:26.790572,C1151,2.2,cash,302.25,01088420450,delivered
101267,R60,Mohandessin,2026-02-22 13:20:00,2026-02-22 13:52:41.095054,2026-02-22 13:55:15.709101,C1135,7.2,cash,337.65,01023206999,delivered
101219,R34,Maadi,2026-02-22 13:26:00,2026-02-22 14:23:30.800412,2026-02-22 14:18:43.747588,C1000,10.5,cash,338.72,01583822302,delivered
100979,R109,Heliopolis,2026-02-22 13:55:00,2026-02-22 14:49:31.229772,2026-02-22 14:52:11.427445,C1192,10.9,card,134.7,01273094128,delivered
102250,R80,Dokki,2026-02-22 14:25:00,2026-02-22 15:06:58.435725,2026-02-22 15:05:35.397713,C1173,10.4,wallet,288.1,01140122265,delivered
101227,R110,Zamalek,2026-02-22 15:00:00,2026-02-22 15:35:21.581884,2026-02-22 15:31:02.708811,C1169,7.2,cash,78.85,01042328687,delivered
101478,R64,Nasr City,2026-02-22 15:34:00,2026-02-22 16:15:44.421109,2026-02-22 16:11:04.120382,C1062,10.4,wallet,310.67,01173447554,delivered
100944,R106,Maadi,2026-02-22 15:49:00,2026-02-22 15:59:00.000000,2026-02-22 15:58:13.036392,,2.3,wallet,221.42,01560713436,delivered
100041,R107,Zamalek,2026-02-22 15:53:00,2026-02-22 16:21:46.712180,2026-02-22 16:20:11.868343,C1089,3.1,wallet,175.58,01211519877,delivered
100091,R71,Heliopolis,2026-02-22 16:03:00,2026-02-22 16:57:00.878807,2026-02-22 17:00:58.932030,,11.8,wallet,312.79,01544618763,delivered
101586,R91,Maadi,2026-02-22 16:06:00,2026-02-22 16:52:26.961399,2026-02-22 16:47:39.995303,C1058,8.8,cash,189.75,01552289984,delivered
101405,R59,Dokki,2026-02-22 16:27:00,2026-02-22 16:56:28.767735,2026-02-22 16:59:54.047446,C1064,6.0,wallet,361.66,01160402302,delivered
102690,R85,Zamalek,2026-02-22 16:27:00,2026-02-22 17:02:02.337910,2026-02-22 17:05:50.189243,C1014,8.7,card,400.79,01100778010,delivered
100036,R137,Zamalek,2026-02-22 16:29:00,2026-02-22 17:00:58.229302,,C1199,6.8,cash,192.15,01106964431,cancelled
102427,R81,Mohandessin,2026-02-22 17:08:00,2026-02-22 17:37:44.540527,2026-02-22 17:34:12.579527,C1103,3.5,wallet,418.06,01105921113,delivered
102381,R49,Dokki,2026-02-22 17:11:00,2026-02-22 17:42:36.463719,2026-02-22 17:39:15.691655,,1.9,wallet,391.13,01135755260,delivered
101855,R41,Heliopolis,2026-02-22 18:28:00,2026-02-22 18:53:50.077884,2026-02-22 18:58:34.932958,C1086,3.6,wallet,280.84,01212799791,delivered
100890,R40,Nasr City,2026-02-22 18:55:00,2026-02-22 19:33:32.025528,2026-02-22 19:37:47.831120,C1144,10.6,wallet,149.51,01279703363,delivered
101780,R42,Heliopolis,2026-02-22 19:05:00,2026-02-22 19:46:56.253073,2026-02-22 19:48:47.281671,C1030,11.3,cash,341.43,01190186801,delivered
101452,R37,Nasr City,2026-02-22 19:22:00,2026-02-22 19:39:21.667005,2026-02-22 19:38:36.996108,,1.5,card,241.0,01170570972,delivered
101676,R15,Heliopolis,2026-02-22 19:58:00,2026-02-22 20:18:08.623444,2026-02-22 20:19:44.141335,C1091,2.9,card,237.25,01085096895,delivered
101238,R123,Maadi,2026-02-22 20:16:00,2026-02-22 20:57:23.172806,2026-02-22 21:01:28.586098,C1067,10.5,card,371.55,01504264223,delivered
100895,R16,Heliopolis,2026-02-22 20:18:00,2026-02-22 21:11:28.408358,2026-02-22 21:10:24.800455,C1157,11.3,cash,287.64,01549407732,delivered
101565,R69,Maadi,2026-02-22 21:23:00,2026-02-22 22:11:39.344470,2026-02-22 22:16:27.316286,C1157,11.4,cash,401.1,01124937776,delivered
100251,R130,Heliopolis,2026-02-22 21:29:00,2026-02-22 21:59:37.778956,2026-02-22 22:02:20.265125,C1103,4.5,card,164.47,01293547957,delivered
100424,R55,Maadi,2026-02-22 21:37:00,2026-02-22 22:25:52.749643,2026-02-22 22:26:22.772115,C1028,8.9,cash,128.53,01136095258,delivered
102303,R13,Mohandessin,2026-02-22 22:18:00,2026-02-22 22:59:04.005854,2026-02-22 23:03:38.297047,C1139,8.7,cash,195.46,01122007705,delivered
100169,R33,maadi,2026-02-22 22:30:00,2026-02-22 23:15:35.023498,2026-02-22 23:12:12.092972,C1089,8.4,wallet,79.06,01566551251,delivered
102030,R62,Mohandessin,2026-02-23 07:06:00,2026-02-23 07:30:09.473409,2026-02-23 07:34:53.188910,C1190,7.8,wallet,187.63,01017948359,delivered
102377,R124,Zamalek,2026-02-23 07:34:00,2026-02-23 08:03:25.994907,2026-02-23 07:59:15.963464,C1015,1.8,card,403.15,01089969784,delivered
100436,R128,Heliopolis,2026-02-23 07:59:00,2026-02-23 08:36:25.088618,2026-02-23 08:38:51.652848,C1075,7.4,cash,124.53,01141547090,delivered
101404,R45,Heliopolis,2026-02-23 08:08:00,2026-02-23 08:31:12.589493,2026-02-23 08:28:40.804793,C1088,3.4,card,413.57,01048538399,delivered
102570,R134,Zamalek,2026-02-23 08:47:00,2026-02-23 09:15:20.086540,2026-02-23 09:14:03.223345,C1151,6.8,card,388.98,01007168,cancelled
100338,R44,Maadi,2026-02-23 08:57:00,2026-02-23 09:36:22.780084,2026-02-23 09:36:53.164961,C1115,7.0,card,321.66,01529033612,delivered
101764,R94,Heliopolis,2026-02-23 09:08:00,2026-02-23 09:42:29.098962,2026-02-23 09:38:02.416699,C1133,5.4,card,126.65,01018173674,delivered
102919,R41,Nasr City,2026-02-23 09:22:00,2026-02-23 09:44:15.823893,2026-02-23 09:45:14.734196,C1099,4.8,wallet,196.1,01233298118,delivered
101779,R8,Maadi,2026-02-23 09:26:00,2026-02-23 09:44:27.756629,2026-02-23 09:42:18.258253,C1116,1.1,card,396.56,01149465073,delivered
102969,R128,Mohandessin,2026-02-23 09:31:00,2026-02-23 10:24:10.051243,2026-02-23 10:27:28.599153,C1059,11.3,cash,132.97,01097959402,delivered
100037,R72,Zamalek,2026-02-23 09:42:00,2026-02-23 10:12:31.338629,2026-02-23 10:13:43.553254,C1175,8.0,wallet,341.07,01274801578,delivered
100760,R97,Heliopolis,2026-02-23 10:34:00,2026-02-23 11:13:49.188909,2026-02-23 11:17:25.270814,C1192,11.6,wallet,287.91,01516488824,delivered
101338,R120,Mohandessin,2026-02-23 10:35:00,2026-02-23 11:07:44.808052,2026-02-23 11:09:01.952348,C1003,7.2,cash,130.01,01933188274,delivered
100836,R92,Zamalek,2026-02-23 10:38:00,2026-02-23 11:01:54.082940,,C1043,2.7,card,152.59,01270829847,cancelled
100343,R91,Nasr City,2026-02-23 11:18:00,2026-02-23 11:50:25.395955,2026-02-23 11:45:31.634816,C1175,8.1,card,83.0,01047194108,delivered
100297,R44,Maadi,2026-02-23 11:23:00,2026-02-23 11:59:30.375043,2026-02-23 11:56:57.096988,C1047,5.9,card,262.53,01256338351,delivered
100541,R18,Maadi,2026-02-23 11:47:00,2026-02-23 12:29:19.961898,2026-02-23 12:28:16.119171,C1104,8.8,cash,184.58,01014917633,delivered
100327,R135,Zamalek,2026-02-23 11:49:00,2026-02-23 12:27:27.914112,2026-02-23 12:23:53.225720,C1159,8.1,wallet,226.86,01080351498,delivered
102171,R132,Dokki,2026-02-23 11:51:00,2026-02-23 12:37:46.077699,2026-02-23 12:33:50.764040,C1041,11.1,card,131.7,01104019799,delivered
100539,R58,Maadi,2026-02-23 11:52:00,2026-02-23 12:44:30.667770,2026-02-23 12:41:39.020881,C1158,11.5,card,86.35,01108444467,delivered
102253,R54,Maadi,2026-02-23 11:57:00,2026-02-23 12:42:45.235892,2026-02-23 12:42:07.362351,C1023,8.4,cash,411.91,01566688376,delivered
101127,R105,Mohandessin,2026-02-23 12:04:00,2026-02-23 12:19:53.569472,2026-02-23 12:23:59.246239,C1139,2.0,cash,369.5,01506972,delivered
100779,R145,Nasr City,2026-02-23 12:29:00,2026-02-23 13:12:09.468156,2026-02-23 13:09:51.144030,C1142,9.6,cash,253.21,01026780045,delivered
100117,R27,Nasr City,2026-02-23 13:04:00,2026-02-23 13:54:44.355642,2026-02-23 13:49:50.965643,C1109,9.8,card,118.52,01561715998,delivered
101355,R71,El Maadi,2026-02-23 14:08:00,2026-02-23 14:30:13.471829,2026-02-23 14:27:46.899550,C1123,2.7,cash,424.7,01228169876,delivered
102809,R138,Maadi,2026-02-23 14:41:00,2026-02-23 15:17:57.088916,2026-02-23 15:20:04.788082,C1104,7.2,card,74.61,01537924826,delivered
101275,R83,Nasr City,2026-02-23 15:22:00,2026-02-23 15:59:39.776106,2026-02-23 15:59:04.299313,C1006,7.9,cash,369.31,01186954369,delivered
101847,R134,Nasr City,2026-02-23 15:57:00,2026-02-23 16:15:42.274704,2026-02-23 16:18:39.237106,C1072,1.2,cash,180.16,01576005901,delivered
101963,R21,Nasr City,2026-02-23 16:28:00,2026-02-23 17:15:18.150674,2026-02-23 17:12:11.753352,C1165,9.2,cash,135.75,01016439381,delivered
101860,R98,Dokki,2026-02-23 17:43:00,2026-02-23 18:05:22.635415,2026-02-23 18:08:28.263927,C1130,3.5,cash,258.96,01281832790,delivered
101190,R132,Dokki,2026-02-23 18:48:00,2026-02-23 19:24:33.302503,2026-02-23 19:27:39.743136,C1124,8.4,card,426.43,01512103580,delivered
102563,R52,Zamalek,2026-02-23 18:56:00,2026-02-23 19:20:11.461753,2026-02-23 19:18:08.404227,C1093,2.9,cash,357.76,01157831750,delivered
102866,R140,El Maadi,2026-02-23 19:52:00,2026-02-23 20:33:45.351783,2026-02-23 20:29:21.242699,C1081,6.4,card,268.63,01904494025,delivered
101792,R10,Mohandessin,2026-02-23 20:46:00,2026-02-23 21:14:27.332032,2026-02-23 21:15:51.521927,,6.7,card,316.42,01015070822,delivered
101362,R42,Dokki,2026-02-23 20:46:00,2026-02-23 21:31:57.348499,2026-02-23 21:33:44.262796,C1062,8.4,card,402.58,01056022430,delivered
100485,R134,Maadi,2026-02-23 20:48:00,2026-02-23 21:13:23.937461,,C1135,5.0,cash,329.53,01218655880,cancelled
101622,R27,Mohandessin,2026-02-23 20:52:00,2026-02-23 21:48:37.139939,2026-02-23 21:44:51.288356,C1162,10.0,cash,406.48,01126889623,delivered
100311,R128,Heliopolis,2026-02-23 20:58:00,2026-02-23 21:42:18.294553,2026-02-23 21:37:31.974701,C1172,7.2,wallet,235.71,01055683146,delivered
100966,R83,maadi,2026-02-23 21:03:00,2026-02-23 21:28:57.706747,2026-02-23 21:33:23.245410,C1065,4.4,cash,374.09,01129971017,delivered
100354,R51,Nasr City,2026-02-23 21:31:00,2026-02-23 22:02:34.711866,2026-02-23 22:03:37.858483,C1131,5.4,card,258.42,01278303785,delivered
101051,R54,Heliopolis,2026-02-23 21:49:00,2026-02-23 22:24:05.234774,2026-02-23 22:20:29.054048,C1036,4.5,card,398.48,01221684044,delivered
102063,R62,Zamalek,2026-02-23 22:39:00,2026-02-23 22:59:38.518441,2026-02-23 23:04:35.350809,C1067,2.6,cash,342.41,01473423421,delivered
101744,R28,Nasr City,2026-02-24 07:22:00,2026-02-24 07:53:24.509596,2026-02-24 07:57:02.794096,,4.4,wallet,126.03,01520450459,delivered
101497,R54,Heliopolis,2026-02-24 07:50:00,2026-02-24 08:29:03.220245,2026-02-24 08:31:40.490986,C1119,8.3,cash,430.72,01150236342,delivered
102655,R109,Nasr City,2026-02-24 08:48:00,2026-02-24 09:13:31.037757,2026-02-24 09:12:02.798884,C1015,2.1,card,94.43,01576081768,delivered
102474,R123,Nasr City,2026-02-24 08:55:00,2026-02-24 09:24:32.025199,,C1120,6.0,cash,394.19,01562491838,cancelled
100830,R106,Dokki,2026-02-24 09:07:00,2026-02-24 09:42:00.828637,2026-02-24 09:37:06.158918,C1195,1.9,card,366.47,01502687530,delivered
102842,R23,Heliopolis,2026-02-24 09:11:00,2026-02-24 09:34:18.762287,2026-02-24 09:29:25.663522,C1037,1.9,wallet,171.25,01264872387,delivered
100058,R80,Dokki,2026-02-24 09:39:00,2026-02-24 10:06:29.202569,2026-02-24 10:08:35.349690,C1082,5.9,wallet,192.34,01232210908,delivered
102166,R126,Dokki,2026-02-24 09:48:00,2026-02-24 10:22:40.935479,2026-02-24 10:21:25.034262,C1156,6.7,cash,427.03,01298935599,delivered
101385,R12,Mohandessin,2026-02-24 10:05:00,2026-02-24 10:21:59.391140,2026-02-24 10:18:47.735893,C1150,2.2,wallet,285.96,01405275941,delivered
100257,R105,Dokki,2026-02-24 10:11:00,2026-02-24 10:30:51.673722,2026-02-24 10:27:53.164929,C1152,1.7,cash,104.26,01010630192,delivered
102301,R93,Mohandessin,2026-02-24 10:17:00,2026-02-24 11:15:05.857417,2026-02-24 11:10:25.121814,C1146,9.9,wallet,203.83,01299223311,delivered
101529,R74,Heliopolis,2026-02-24 10:25:00,2026-02-24 10:55:53.547481,2026-02-24 10:55:57.803652,C1037,4.4,cash,200.59,01184994748,delivered
102386,R141,Heliopolis,2026-02-24 11:38:00,2026-02-24 12:12:28.152063,2026-02-24 12:17:14.622550,C1104,9.7,card,216.95,01102359969,delivered
101925,R1,maadi,2026-02-24 11:51:00,2026-02-24 12:35:38.331230,2026-02-24 12:32:13.892112,C1168,8.8,cash,282.36,01212983542,delivered
101700,R129,Maadi,2026-02-24 12:36:00,2026-02-24 12:53:11.625196,2026-02-24 12:54:00.501566,C1085,2.7,cash,407.64,01147204551,delivered
102037,R50,Nasr City,2026-02-24 12:52:00,2026-02-24 13:10:23.280426,2026-02-24 13:14:57.138707,C1199,5.2,cash,368.77,01519012065,delivered
100007,R40,Heliopolis,2026-02-24 12:57:00,2026-02-24 13:09:49.677537,2026-02-24 13:13:54.825952,C1017,2.3,cash,437.98,01574720049,delivered
102803,R22,Maadi,2026-02-24 13:21:00,2026-02-24 13:49:46.047385,2026-02-24 13:53:14.619728,C1158,7.0,cash,439.6,01120728398,delivered
102040,R38,Dokki,2026-02-24 13:26:00,2026-02-24 14:07:49.809779,2026-02-24 14:05:49.857921,C1032,7.9,cash,343.33,01598329616,delivered
100450,R75,Zamalek,2026-02-24 13:37:00,2026-02-24 14:00:39.180749,2026-02-24 14:03:32.971658,C1188,1.7,cash,73.44,01020122788,delivered
102014,R118,Zamalek,2026-02-24 13:43:00,2026-02-24 14:13:10.336977,,C1078,7.2,wallet,66.67,01506813502,cancelled
100965,R140,Dokki,2026-02-24 13:43:00,2026-02-24 14:00:41.244040,2026-02-24 13:59:03.747419,C1159,2.2,cash,346.4,1579169576,delivered
101548,R137,Dokki,2026-02-24 14:55:00,2026-02-24 15:32:44.007088,2026-02-24 15:32:05.791104,C1069,9.4,card,385.73,01558504061,delivered
100442,R134,Heliopolis,2026-02-24 15:30:00,2026-02-24 16:04:25.769708,2026-02-24 16:04:48.393299,,10.4,cash,414.14,015489520,delivered
101023,R74,Nasr City,2026-02-24 15:45:00,2026-02-24 16:31:44.076637,2026-02-24 16:26:45.752813,C1007,7.7,card,278.78,01672246550,delivered
100608,R52,Dokki,2026-02-24 15:48:00,2026-02-24 16:29:17.615741,2026-02-24 16:27:12.658517,C1098,4.7,cash,198.82,01037113340,delivered
102200,R114,Zamalek,2026-02-24 15:51:00,2026-02-24 16:21:53.727413,,C1050,5.7,wallet,157.96,01547466816,cancelled
102744,R44,Dokki,2026-02-24 16:04:00,2026-02-24 16:30:38.590031,2026-02-24 16:33:54.971862,C1081,6.1,cash,331.93,01260639375,delivered
102299,R3,Heliopolis,2026-02-24 16:37:00,2026-02-24 17:03:18.873003,2026-02-24 17:08:16.237338,C1067,6.6,card,332.77,01534151535,delivered
101730,R70,Heliopolis,2026-02-24 16:43:00,2026-02-24 17:21:59.300825,2026-02-24 17:18:01.611887,C1113,4.2,cash,411.82,01568417854,delivered
100969,R92,Zamalek,2026-02-24 17:09:00,2026-02-24 17:53:58.677109,2026-02-24 17:50:47.923126,,10.1,cash,113.64,01109684085,delivered
100929,R72,Mohandessin,2026-02-24 17:14:00,2026-02-24 17:58:35.615456,2026-02-24 17:59:37.931618,C1124,9.1,cash,433.94,01508823571,delivered
101170,R113,Zamalek,2026-02-24 18:08:00,2026-02-24 18:36:49.231501,2026-02-24 18:35:42.600041,C1106,4.3,cash,379.09,01177021934,delivered
100375,R108,Dokki,2026-02-24 18:19:00,2026-02-24 18:49:19.428087,2026-02-24 18:52:22.253240,C1057,11.1,cash,224.78,01102039,delivered
102371,R69,Dokki,2026-02-24 18:34:00,2026-02-24 19:02:26.821373,2026-02-24 19:02:17.140545,C1166,2.5,cash,423.24,01283608721,delivered
102802,R90,Nasr City,2026-02-24 18:56:00,2026-02-24 19:28:51.880216,2026-02-24 19:24:25.725033,,5.3,card,362.09,01119102885,delivered
100632,R90,Maadi,2026-02-24 19:01:00,2026-02-24 19:45:11.102636,2026-02-24 19:46:32.328627,C1171,10.0,cash,326.45,01254566541,delivered
100952,R61,Mohandessin,2026-02-24 19:12:00,2026-02-24 19:34:09.274506,2026-02-24 19:38:03.732928,C1040,3.3,card,74.82,01247677435,delivered
101879,R6,Zamalek,2026-02-24 20:17:00,2026-02-24 21:01:43.019170,,C1002,11.3,card,364.12,01260280927,cancelled
101837,R144,Nasr City,2026-02-24 21:40:00,2026-02-24 22:17:07.621575,2026-02-24 22:16:58.737155,C1138,6.0,wallet,357.68,01050542420,delivered
100142,R19,Nasr City,2026-02-24 21:50:00,2026-02-24 22:17:27.216027,2026-02-24 22:13:15.382419,C1006,1.7,wallet,141.49,01044851338,delivered
101264,R143,Nasr City,2026-02-24 22:20:00,2026-02-24 22:35:26.759095,2026-02-24 22:40:25.624658,C1035,2.6,cash,330.97,01569502686,delivered
100573,R51,El Maadi,2026-02-24 22:29:00,2026-02-24 23:06:36.390698,2026-02-24 23:06:53.027604,C1172,7.2,cash,73.37,01226975124,delivered
102164,R60,Maadi,2026-02-24 22:47:00,2026-02-24 23:20:19.644398,2026-02-24 23:25:04.853709,,6.4,cash,326.72,010-7532-6205,delivered
101429,R48,Heliopolis,2026-02-25 07:09:00,2026-02-25 07:34:12.229693,2026-02-25 07:31:22.521277,C1039,1.5,card,123.8,01037992874,delivered
100410,R59,Zamalek,2026-02-25 07:22:00,2026-02-25 07:54:52.965655,2026-02-25 07:54:07.340678,,5.6,cash,353.24,01285578274,delivered
102232,R1,El Maadi,2026-02-25 08:22:00,2026-02-25 09:03:09.900769,2026-02-25 09:07:33.682484,C1006,9.5,card,191.32,01554608288,delivered
102383,R127,Zamalek,2026-02-25 08:50:00,2026-02-25 09:15:37.318405,2026-02-25 09:17:25.746693,C1065,8.2,cash,329.82,01010822629,delivered
102473,R129,Nasr City,2026-02-25 09:11:00,2026-02-25 09:50:14.332393,,C1075,9.8,wallet,138.21,01239502947,cancelled
102598,R142,Heliopolis,2026-02-25 09:34:00,2026-02-25 10:27:04.912554,2026-02-25 10:32:01.268870,C1021,11.2,card,283.4,01079845417,delivered
101320,R31,Nasr City,2026-02-25 09:42:00,2026-02-25 10:27:25.890698,2026-02-25 10:24:28.714711,C1038,7.3,cash,231.12,1030898715,delivered
100809,R85,maadi,2026-02-25 10:37:00,2026-02-25 11:30:10.336881,2026-02-25 11:28:16.364507,C1066,11.4,cash,448.95,01196619199,delivered
102573,R137,Maadi,2026-02-25 10:43:00,2026-02-25 11:28:57.054701,2026-02-25 11:31:55.203900,C1025,10.9,cash,220.86,01516177750,delivered
100951,R39,Zamalek,2026-02-25 10:48:00,2026-02-25 11:03:20.222849,2026-02-25 11:02:34.682034,C1136,1.3,card,144.7,01215609,delivered
102899,R103,Mohandessin,2026-02-25 10:48:00,2026-02-25 11:40:58.210586,2026-02-25 11:45:14.320659,C1105,11.3,card,411.47,01230626,delivered
101057,R42,Nasr City,2026-02-25 11:22:00,2026-02-25 11:53:50.959844,2026-02-25 11:48:51.674124,C1173,3.5,cash,116.8,01465352196,delivered
100361,R21,Zamalek,2026-02-25 11:33:00,2026-02-25 12:12:19.223719,2026-02-25 12:16:00.504732,C1118,9.8,cash,63.64,01235415878,delivered
102287,R55,El Maadi,2026-02-25 12:15:00,2026-02-25 12:30:44.143413,2026-02-25 12:34:59.982339,C1080,1.2,cash,186.75,01299257145,delivered
102774,R62,Zamalek,2026-02-25 13:03:00,2026-02-25 13:50:39.342197,2026-02-25 13:48:52.099295,,9.7,wallet,396.7,01218946350,delivered
102067,R149,Dokki,2026-02-25 13:23:00,2026-02-25 13:57:17.030910,2026-02-25 14:00:10.422003,C1139,6.5,cash,401.41,01225814495,delivered
102423,R35,Heliopolis,2026-02-25 14:33:00,2026-02-25 15:08:51.506332,2026-02-25 15:06:36.633942,C1056,2.8,cash,403.96,015-6278-6983,delivered
100752,R23,Mohandessin,2026-02-25 15:06:00,2026-02-25 15:58:33.792709,2026-02-25 15:57:45.635858,C1189,10.7,wallet,151.14,01551476326,delivered
102676,R25,Mohandessin,2026-02-25 15:16:00,2026-02-25 16:07:11.826693,2026-02-25 16:06:44.066344,C1134,11.6,card,408.34,01251788210,delivered
102108,R24,Maadi,2026-02-25 15:17:00,2026-02-25 15:49:55.131846,2026-02-25 15:49:36.067180,C1181,7.6,cash,107.47,01099915171,delivered
102198,R89,Zamalek,2026-02-25 15:37:00,2026-02-25 16:15:04.055582,2026-02-25 16:17:13.923367,C1176,9.8,card,114.28,01281259616,delivered
101902,R111,Nasr City,2026-02-25 15:50:00,2026-02-25 16:06:58.120786,2026-02-25 16:09:42.608895,C1159,2.3,cash,101.04,1216976987,delivered
101923,R64,Heliopolis,2026-02-25 15:57:00,2026-02-25 16:27:24.948404,2026-02-25 16:24:45.242998,C1135,1.7,cash,378.32,01090965380,delivered
100259,R47,Nasr City,2026-02-25 17:38:00,2026-02-25 18:14:00.413267,2026-02-25 18:14:05.689150,C1156,10.1,cash,393.25,01068232111,delivered
101681,R91,Maadi,2026-02-25 17:43:00,2026-02-25 18:30:23.419274,2026-02-25 18:29:48.506566,C1046,11.9,cash,432.38,01005735750,delivered
100153,R132,Maadi,2026-02-25 17:46:00,2026-02-25 18:24:13.263006,2026-02-25 18:28:37.473854,C1190,10.1,card,310.5,01181207238,delivered
101678,R149,Maadi,2026-02-25 17:49:00,2026-02-25 18:22:44.100187,2026-02-25 18:18:17.796881,C1004,3.9,cash,230.33,01006375060,delivered
100201,R20,Zamalek,2026-02-25 18:43:00,2026-02-25 19:17:32.772059,,C1115,6.4,cash,246.9,01043428907,cancelled
102797,R121,El Maadi,2026-02-25 18:48:00,2026-02-25 19:39:15.875389,2026-02-25 19:36:47.167024,C1126,10.4,card,314.79,01124587496,delivered
101567,R137,Maadi,2026-02-25 19:26:00,2026-02-25 20:06:32.005478,2026-02-25 20:09:12.422150,,10.1,cash,263.48,01573071240,delivered
101708,R139,Maadi,2026-02-25 19:30:00,2026-02-25 20:13:07.989272,2026-02-25 20:13:54.794009,C1140,10.6,cash,281.07,01589711988,delivered
101233,R14,Mohandessin,2026-02-25 20:02:00,2026-02-25 20:47:33.416871,2026-02-25 20:43:34.257171,C1105,9.9,card,80.69,01080648469,delivered
101205,R105,Maadi,2026-02-25 20:18:00,2026-02-25 20:38:31.502436,2026-02-25 20:41:59.733493,C1085,4.2,cash,91.28,01538987540,delivered
101783,R12,maadi,2026-02-25 20:39:00,2026-02-25 21:09:44.569346,2026-02-25 21:05:12.937025,C1091,2.7,wallet,312.8,01178289180,delivered
102012,R112,El Maadi,2026-02-25 20:49:00,2026-02-25 21:17:15.012007,2026-02-25 21:16:23.460648,C1026,3.3,cash,96.79,01546241645,delivered
100811,R102,Mohandessin,2026-02-25 21:10:00,2026-02-25 21:31:21.004592,,,2.7,card,128.26,01539347600,cancelled
100519,R54,Zamalek,2026-02-25 21:13:00,2026-02-25 21:50:31.386138,2026-02-25 21:51:41.885497,C1032,7.1,wallet,222.01,01008269772,delivered
102822,R22,Nasr City,2026-02-26 07:28:00,2026-02-26 07:58:20.986880,2026-02-26 07:59:49.446226,C1002,7.2,cash,317.05,01031858843,delivered
102036,R130,Dokki,2026-02-26 08:00:00,2026-02-26 08:46:29.042659,2026-02-26 08:41:55.926543,C1199,8.9,card,170.97,01534915777,delivered
101043,R78,Maadi,2026-02-26 08:31:00,2026-02-26 09:05:20.925322,2026-02-26 09:00:46.676477,C1157,4.1,card,195.65,01169221973,delivered
102702,R17,Zamalek,2026-02-26 08:37:00,2026-02-26 09:28:57.482881,2026-02-26 09:27:47.068531,C1169,11.2,wallet,97.93,1046137237,delivered
100505,R68,Maadi,2026-02-26 09:08:00,2026-02-26 09:59:56.783873,2026-02-26 10:02:22.501206,C1080,11.1,cash,63.36,01286029013,delivered
101335,R40,Dokki,2026-02-26 09:08:00,2026-02-26 09:18:44.166082,2026-02-26 09:19:03.986794,C1022,1.6,cash,165.36,01291570431,delivered
102459,R84,Nasr City,2026-02-26 09:29:00,2026-02-26 09:59:14.061952,2026-02-26 09:56:46.822390,C1197,3.3,wallet,123.72,1553658788,delivered
100004,R76,Heliopolis,2026-02-26 09:49:00,2026-02-26 10:07:05.825306,2026-02-26 10:08:44.735820,C1039,1.1,card,238.98,0104664,delivered
100432,R86,Heliopolis,2026-02-26 10:16:00,2026-02-26 10:43:37.608001,2026-02-26 10:43:25.514689,C1142,3.0,card,323.7,01242302708,delivered
102635,R112,Maadi,2026-02-26 10:35:00,2026-02-26 11:23:39.879609,2026-02-26 11:26:05.560151,C1186,9.4,wallet,338.52,0126215,delivered
100029,R141,Maadi,2026-02-26 10:56:00,2026-02-26 11:15:01.402762,2026-02-26 11:16:30.942655,C1088,4.3,card,217.57,01019192036,delivered
102850,R61,Maadi,2026-02-26 11:04:00,2026-02-26 11:33:55.623376,2026-02-26 11:29:52.363341,C1043,2.4,cash,293.46,01116770397,delivered
101936,R103,Dokki,2026-02-26 11:20:00,2026-02-26 11:44:34.084378,2026-02-26 11:48:25.145394,C1088,5.6,cash,352.52,01065573246,delivered
101660,R85,Maadi,2026-02-26 11:27:00,2026-02-26 11:52:49.207997,2026-02-26 11:54:41.505345,C1137,3.5,wallet,268.68,01547546367,delivered
100885,R47,Heliopolis,2026-02-26 11:36:00,2026-02-26 12:00:27.725921,2026-02-26 12:01:39.375864,C1176,1.5,cash,372.42,01266968226,delivered
101367,R107,Zamalek,2026-02-26 12:51:00,2026-02-26 13:18:16.038035,2026-02-26 13:13:41.639246,C1026,1.5,card,389.03,01192885176,delivered
100253,R118,Dokki,2026-02-26 13:00:00,2026-02-26 13:19:45.654830,2026-02-26 13:19:30.304457,C1105,1.4,cash,329.26,01192453444,delivered
102350,R121,Zamalek,2026-02-26 13:23:00,2026-02-26 13:49:40.756914,2026-02-26 13:51:57.404726,C1006,6.9,wallet,368.29,010-5687-7900,delivered
100953,R65,El Maadi,2026-02-26 13:52:00,2026-02-26 14:38:30.640884,2026-02-26 14:35:57.524820,C1005,9.3,cash,220.11,01104811752,delivered
102412,R21,Heliopolis,2026-02-26 14:07:00,2026-02-26 14:30:58.205260,2026-02-26 14:31:26.935761,C1054,5.0,wallet,259.94,01524549423,delivered
101406,R127,Mohandessin,2026-02-26 14:21:00,2026-02-26 14:49:57.195428,2026-02-26 14:54:47.965042,C1048,5.4,cash,141.81,01237320808,delivered
102660,R129,Mohandessin,2026-02-26 14:29:00,2026-02-26 14:54:50.653397,2026-02-26 14:53:06.051058,C1019,4.6,cash,447.48,01507379505,delivered
101391,R75,Heliopolis,2026-02-26 15:04:00,2026-02-26 15:36:49.117463,2026-02-26 15:39:43.016485,C1015,6.2,cash,254.88,01569310035,delivered
100407,R88,Zamalek,2026-02-26 15:28:00,2026-02-26 16:09:40.892103,2026-02-26 16:09:02.305896,C1087,8.5,cash,238.36,01245085233,delivered
102047,R80,Dokki,2026-02-26 15:34:00,2026-02-26 16:02:29.291648,2026-02-26 16:04:26.023784,,6.3,cash,273.31,01542563497,delivered
100728,R13,Nasr City,2026-02-26 16:31:00,2026-02-26 17:08:02.486938,2026-02-26 17:07:28.388554,C1068,5.8,wallet,317.42,01011742043,delivered
100234,R147,Mohandessin,2026-02-26 16:36:00,2026-02-26 17:12:51.886998,2026-02-26 17:12:33.996362,C1095,7.8,cash,327.38,01042368656,delivered
100718,R94,Heliopolis,2026-02-26 17:19:00,2026-02-26 18:02:25.665892,2026-02-26 18:04:35.389283,C1199,9.5,cash,320.98,01141361424,delivered
102219,R108,Mohandessin,2026-02-26 17:24:00,2026-02-26 17:48:55.391961,2026-02-26 17:50:02.344126,C1137,3.9,wallet,432.91,01094169623,delivered
101225,R31,Heliopolis,2026-02-26 17:53:00,2026-02-26 18:34:38.143236,2026-02-26 18:33:10.107109,C1002,11.0,card,206.65,01943198434,delivered
102004,R109,Zamalek,2026-02-26 19:47:00,2026-02-26 20:31:31.177037,,C1152,9.5,card,219.85,01174400,cancelled
101635,R53,Maadi,2026-02-26 20:01:00,2026-02-26 20:26:45.121022,2026-02-26 20:30:28.573443,C1065,4.2,cash,224.43,01588463811,delivered
102071,R106,Dokki,2026-02-26 21:00:00,2026-02-26 21:22:42.606894,2026-02-26 21:26:13.077033,C1145,4.9,card,150.31,01558503665,delivered
102632,R73,Nasr City,2026-02-26 21:23:00,2026-02-26 22:09:28.762841,2026-02-26 22:11:05.135327,C1141,10.9,card,257.91,01579852482,delivered
101443,R145,Maadi,2026-02-26 21:33:00,2026-02-26 22:11:41.229857,2026-02-26 22:08:53.525156,C1003,7.0,cash,421.11,01247558197,delivered
102644,R34,Heliopolis,2026-02-26 21:54:00,2026-02-26 22:25:15.912094,2026-02-26 22:29:33.004709,C1071,7.1,card,115.3,1048520817,delivered
102394,R108,Dokki,2026-02-26 21:54:00,2026-02-26 22:30:10.751359,2026-02-26 22:32:14.702194,C1015,6.8,wallet,433.47,01028573241,delivered
102364,R111,Mohandessin,2026-02-26 22:14:00,2026-02-26 22:36:28.948227,2026-02-26 22:36:22.638382,C1161,3.3,cash,402.7,01292468018,delivered
101325,R136,Mohandessin,2026-02-26 22:29:00,2026-02-26 23:17:22.714027,2026-02-26 23:18:57.165335,C1166,10.8,cash,244.12,01031942204,delivered
100672,R72,Zamalek,2026-02-26 22:51:00,2026-02-26 23:39:46.887825,2026-02-26 23:39:57.969052,C1106,10.5,card,390.62,01507029658,delivered
101234,R48,Maadi,2026-02-27 07:23:00,2026-02-27 08:06:16.289769,2026-02-27 08:10:36.106386,C1024,9.3,cash,164.89,01519803700,delivered
100405,R140,Zamalek,2026-02-27 07:42:00,2026-02-27 08:01:15.293663,2026-02-27 08:02:32.232267,C1163,3.3,cash,70.02,01576596655,delivered
100956,R39,maadi,2026-02-27 07:48:00,2026-02-27 08:14:07.351602,2026-02-27 08:12:08.468218,C1175,2.4,cash,122.67,01076867995,delivered
100874,R88,El Maadi,2026-02-27 07:50:00,2026-02-27 08:11:31.171529,2026-02-27 08:09:56.354665,C1012,2.4,card,177.84,01143936038,delivered
102144,R70,Heliopolis,2026-02-27 08:56:00,2026-02-27 09:48:19.016481,2026-02-27 09:44:35.193698,C1183,9.6,cash,309.62,01213156821,delivered
100384,R126,Mohandessin,2026-02-27 09:06:00,2026-02-27 09:50:02.303773,2026-02-27 09:47:49.620348,C1159,9.8,cash,254.83,01237800648,delivered
101282,R62,Heliopolis,2026-02-27 09:45:00,2026-02-27 10:04:33.283276,2026-02-27 10:04:58.775049,C1124,3.2,cash,360.91,01241561814,delivered
102468,R89,Zamalek,2026-02-27 10:30:00,2026-02-27 10:56:30.979114,2026-02-27 10:58:47.841441,C1040,3.6,cash,70.99,01227775804,delivered
102630,R37,Mohandessin,2026-02-27 10:42:00,2026-02-27 11:08:12.599518,2026-02-27 11:07:13.430503,C1146,1.5,card,116.81,01547018337,delivered
101408,R13,Dokki,2026-02-27 11:08:00,2026-02-27 11:46:02.742870,2026-02-27 11:41:56.844569,,6.6,cash,199.5,01534149587,delivered
101344,R108,Zamalek,2026-02-27 11:37:00,2026-02-27 12:10:46.577679,2026-02-27 12:10:31.603981,C1076,3.0,wallet,120.78,01031863797,delivered
101913,R34,Heliopolis,2026-02-27 12:07:00,2026-02-27 12:48:19.090544,2026-02-27 12:50:00.898910,C1178,10.9,card,349.01,01161507643,delivered
101862,R127,Nasr City,2026-02-27 12:24:00,2026-02-27 13:02:18.678809,2026-02-27 13:01:32.468180,C1108,7.1,cash,245.72,01516207569,delivered
100451,R121,Zamalek,2026-02-27 12:36:00,2026-02-27 13:25:12.358969,2026-02-27 13:22:45.221828,C1199,9.5,card,271.41,01075955287,delivered
100696,R20,Maadi,2026-02-27 12:41:00,2026-02-27 13:21:30.909436,2026-02-27 13:25:22.823173,,10.2,card,390.61,01254342278,delivered
101599,R25,Zamalek,2026-02-27 12:43:00,2026-02-27 13:08:56.044374,2026-02-27 13:07:39.463424,C1100,3.1,cash,268.66,01547808935,delivered
101012,R42,Heliopolis,2026-02-27 12:44:00,2026-02-27 13:12:54.379839,2026-02-27 13:14:09.666750,C1047,2.4,wallet,168.86,01053033166,delivered
101175,R124,Nasr City,2026-02-27 14:21:00,2026-02-27 15:03:08.660641,2026-02-27 15:00:31.291332,C1091,9.3,card,245.98,01308845205,delivered
100863,R117,Zamalek,2026-02-27 14:26:00,2026-02-27 15:09:16.701845,2026-02-27 15:08:19.090873,C1159,11.0,wallet,348.36,01045668578,delivered
100175,R132,Nasr City,2026-02-27 15:17:00,2026-02-27 15:45:15.198600,2026-02-27 15:44:49.839712,,1.4,cash,106.21,01014355011,delivered
102430,R21,Nasr City,2026-02-27 15:38:00,2026-02-27 15:54:27.629169,2026-02-27 15:58:22.076119,C1078,2.8,wallet,65.52,01289747688,delivered
102117,R124,Zamalek,2026-02-27 15:54:00,2026-02-27 16:30:09.450859,2026-02-27 16:30:44.937454,C1047,5.8,cash,239.42,01236948411,delivered
101869,R143,Mohandessin,2026-02-27 16:31:00,2026-02-27 17:21:59.399988,2026-02-27 17:17:54.259071,C1080,9.0,card,406.66,01030734658,delivered
102992,R104,maadi,2026-02-27 17:12:00,2026-02-27 17:26:57.720007,2026-02-27 17:28:33.957480,C1113,2.1,cash,283.24,01036397386,delivered
101330,R144,Mohandessin,2026-02-27 17:17:00,2026-02-27 17:53:10.457163,,C1052,5.8,card,441.7,01205467727,cancelled
102145,R82,Mohandessin,2026-02-27 18:21:00,2026-02-27 18:51:30.498840,2026-02-27 18:54:11.598899,,9.0,cash,101.79,01052373665,delivered
100414,R76,Nasr City,2026-02-27 18:42:00,2026-02-27 19:32:51.066554,2026-02-27 19:34:59.671815,C1151,10.3,card,276.65,01515914436,delivered
101377,R38,Mohandessin,2026-02-27 18:46:00,2026-02-27 19:22:48.100022,2026-02-27 19:24:04.652944,C1114,7.9,cash,417.79,01220610748,delivered
102693,R47,Mohandessin,2026-02-27 19:02:00,2026-02-27 19:38:24.993953,2026-02-27 19:33:41.925851,C1144,7.3,cash,309.31,01271358966,delivered
102062,R69,Mohandessin,2026-02-27 19:20:00,2026-02-27 19:52:28.569123,2026-02-27 19:48:10.139286,,3.7,cash,62.06,01294590557,delivered
100195,R139,Nasr City,2026-02-27 19:23:00,2026-02-27 20:05:29.251318,2026-02-27 20:02:01.833549,C1113,7.1,wallet,417.51,01298400202,delivered
102098,R83,Maadi,2026-02-27 19:28:00,2026-02-27 20:10:23.161076,2026-02-27 20:08:04.992788,C1170,10.0,cash,348.42,01138897853,delivered
102336,R43,Heliopolis,2026-02-27 19:50:00,2026-02-27 20:14:53.269809,2026-02-27 20:15:39.156569,C1078,5.8,wallet,295.17,01107981640,delivered
102694,R51,Mohandessin,2026-02-27 20:33:00,2026-02-27 21:17:05.941870,,C1146,5.8,cash,334.46,01571404692,cancelled
101709,R140,Zamalek,2026-02-27 20:38:00,2026-02-27 21:29:04.438956,2026-02-27 21:27:49.528959,C1007,10.9,cash,99.56,01173102752,delivered
100514,R26,El Maadi,2026-02-27 20:45:00,2026-02-27 21:22:56.636855,2026-02-27 21:27:19.156322,C1037,9.6,cash,185.38,01587014662,delivered
101890,R39,Dokki,2026-02-27 20:58:00,2026-02-27 21:44:13.709104,2026-02-27 21:48:45.798370,C1150,10.9,cash,131.03,0129346,delivered
102162,R25,Mohandessin,2026-02-27 20:59:00,2026-02-27 21:29:57.792621,2026-02-27 21:31:18.998735,C1060,5.0,wallet,109.79,01159175891,delivered
100423,R74,Mohandessin,2026-02-27 21:33:00,2026-02-27 21:50:46.765307,2026-02-27 21:52:51.696696,C1187,1.7,card,209.23,01579797889,delivered
101657,R19,Zamalek,2026-02-27 21:44:00,2026-02-27 22:19:50.818593,2026-02-27 22:16:55.032879,C1094,7.1,card,184.58,01140911497,delivered
100585,R22,Mohandessin,2026-02-27 22:14:00,2026-02-27 23:10:19.522852,2026-02-27 23:05:50.576256,C1138,8.0,cash,87.69,01201773987,delivered
100720,R104,El Maadi,2026-02-27 22:27:00,2026-02-27 23:16:50.704045,2026-02-27 23:18:23.585054,C1014,9.7,cash,130.86,01200192850,delivered
100801,R35,Nasr City,2026-02-28 07:26:00,2026-02-28 07:52:29.595904,,C1192,2.7,card,214.92,01248444448,cancelled
100516,R120,Zamalek,2026-02-28 07:30:00,2026-02-28 08:12:18.331922,2026-02-28 08:11:47.202968,C1045,6.7,cash,170.38,01274402881,delivered
102970,R81,Zamalek,2026-02-28 07:53:00,2026-02-28 08:48:58.275814,2026-02-28 08:46:21.428922,C1192,11.4,cash,406.24,01456134058,delivered
101025,R97,Mohandessin,2026-02-28 07:56:00,2026-02-28 08:41:29.555460,2026-02-28 08:45:41.062074,C1148,10.3,cash,412.63,01237996399,delivered
101859,R11,Nasr City,2026-02-28 08:12:00,2026-02-28 08:54:28.098499,2026-02-28 08:52:57.826140,C1064,8.6,cash,346.77,01254328487,delivered
100209,R131,Dokki,2026-02-28 08:24:00,2026-02-28 08:53:55.975561,2026-02-28 08:49:47.791366,C1174,2.7,wallet,279.39,01594270159,delivered
102830,R145,Maadi,2026-02-28 08:31:00,2026-02-28 09:19:14.966793,2026-02-28 09:20:47.259220,C1156,9.2,cash,75.8,015-4422-3824,delivered
102295,R38,Maadi,2026-02-28 08:45:00,2026-02-28 09:20:02.784786,2026-02-28 09:20:57.749762,C1088,9.2,card,160.1,01276444051,delivered
102018,R18,Zamalek,2026-02-28 09:09:00,2026-02-28 09:33:26.316778,2026-02-28 09:33:45.705865,,1.3,wallet,399.02,01271353206,delivered
102512,R125,Dokki,2026-02-28 09:23:00,2026-02-28 09:40:38.840323,2026-02-28 09:41:32.511373,C1119,2.5,card,60.99,01173706944,delivered
100056,R147,El Maadi,2026-02-28 10:15:00,2026-02-28 10:38:03.988854,2026-02-28 10:42:04.973966,C1021,4.2,wallet,88.01,011-2540-8876,delivered
101987,R145,Mohandessin,2026-02-28 10:50:00,2026-02-28 11:23:49.694004,2026-02-28 11:20:59.246012,C1130,4.9,cash,342.38,01199083694,delivered
102470,R19,Nasr City,2026-02-28 11:28:00,2026-02-28 12:01:36.791678,2026-02-28 12:03:15.402060,,6.6,card,243.43,01267075764,delivered
101312,R96,Dokki,2026-02-28 11:45:00,2026-02-28 12:34:22.807016,,C1030,7.4,cash,192.19,01032030170,cancelled
101953,R114,Heliopolis,2026-02-28 11:57:00,2026-02-28 12:16:22.382319,2026-02-28 12:19:54.874076,C1095,3.7,wallet,392.16,01535206041,delivered
100128,R83,Nasr City,2026-02-28 12:06:00,2026-02-28 12:41:23.322113,2026-02-28 12:45:23.376880,C1170,7.3,cash,252.89,01067312899,delivered
100031,R77,Dokki,2026-02-28 12:32:00,2026-02-28 13:05:31.507318,2026-02-28 13:04:07.901719,C1192,5.7,wallet,419.21,01252723583,delivered
102158,R103,Nasr City,2026-02-28 13:02:00,2026-02-28 13:21:23.079382,2026-02-28 13:25:47.249892,C1185,4.2,cash,74.9,01571594903,delivered
101286,R144,Nasr City,2026-02-28 13:11:00,2026-02-28 13:44:41.384012,2026-02-28 13:39:59.396004,C1147,2.9,cash,176.78,0123266,delivered
101889,R63,Nasr City,2026-02-28 13:57:00,2026-02-28 14:27:12.804639,2026-02-28 14:23:43.570449,C1042,6.4,cash,243.42,01238961885,delivered
100001,R126,Dokki,2026-02-28 14:25:00,2026-02-28 14:51:35.316032,2026-02-28 14:56:20.689443,C1171,8.7,card,109.96,01119764854,delivered
100339,R55,Zamalek,2026-02-28 15:19:00,2026-02-28 15:55:24.012188,,C1051,8.4,cash,423.77,01268171580,cancelled
100061,R83,Dokki,2026-02-28 16:03:00,2026-02-28 16:50:56.792330,2026-02-28 16:55:11.062320,C1150,9.7,card,60.9,01580347141,delivered
101117,R52,Nasr City,2026-02-28 16:16:00,2026-02-28 16:36:42.739636,2026-02-28 16:39:31.562828,C1007,4.7,cash,245.27,01069834030,delivered
102698,R40,Nasr City,2026-02-28 16:27:00,2026-02-28 16:44:21.755311,2026-02-28 16:48:39.294143,C1056,4.5,card,435.75,01548060,delivered
101053,R9,Heliopolis,2026-02-28 16:56:00,2026-02-28 17:20:54.267777,2026-02-28 17:16:11.231886,C1033,5.1,wallet,62.2,01219566231,delivered
101158,R138,Maadi,2026-02-28 16:58:00,2026-02-28 17:43:26.302681,2026-02-28 17:46:08.593785,C1104,11.4,cash,325.46,1245466174,delivered
102240,R70,Heliopolis,2026-02-28 17:07:00,2026-02-28 17:56:46.585662,2026-02-28 17:57:54.428855,C1160,10.0,card,103.04,01359791774,delivered
101798,R99,Nasr City,2026-02-28 17:10:00,2026-02-28 17:50:16.797210,2026-02-28 17:48:20.074096,C1043,8.0,cash,248.57,01077088846,delivered
100383,R117,Maadi,2026-02-28 17:11:00,2026-02-28 17:31:09.023511,2026-02-28 17:30:02.751086,C1149,1.7,wallet,278.68,01223385799,delivered
100302,R147,Nasr City,2026-02-28 17:41:00,2026-02-28 18:02:32.555001,2026-02-28 17:59:55.300933,C1175,3.5,cash,394.88,01036721710,delivered
102610,R132,Heliopolis,2026-02-28 18:09:00,2026-02-28 19:00:27.329201,,C1002,6.9,wallet,345.77,1238230706,delivered
101031,R128,Nasr City,2026-02-28 18:14:00,2026-02-28 18:44:30.351616,2026-02-28 18:47:11.391935,C1092,5.1,cash,164.37,1111156283,delivered
100790,R90,Nasr City,2026-02-28 18:52:00,2026-02-28 19:15:20.915255,2026-02-28 19:14:02.615063,,3.2,cash,383.26,015-0868-4111,delivered
102323,R137,Zamalek,2026-02-28 18:56:00,2026-02-28 19:56:00.134351,2026-02-28 19:51:45.734286,C1187,11.6,cash,345.52,01115248693,delivered
102139,R88,Maadi,2026-02-28 19:34:00,2026-02-28 20:20:13.677617,2026-02-28 20:21:29.232040,C1060,10.8,card,284.58,01102501591,delivered
101775,R31,Dokki,2026-02-28 20:53:00,2026-02-28 21:19:14.764601,2026-02-28 21:23:03.389509,C1136,3.2,cash,254.31,01082145951,delivered
102975,R124,Heliopolis,2026-02-28 21:14:00,2026-02-28 21:34:25.177925,2026-02-28 21:34:04.142109,C1106,3.9,cash,363.08,012-2363-3569,delivered
101594,R112,Maadi,2026-02-28 21:17:00,2026-02-28 22:00:22.098833,2026-02-28 22:03:53.903777,C1135,11.3,cash,316.37,01507121833,delivered
101997,R38,Maadi,2026-02-28 21:23:00,2026-02-28 22:00:33.264354,2026-02-28 22:03:10.340156,C1094,5.2,wallet,147.35,01017654452,delivered
102761,R42,Dokki,2026-02-28 21:45:00,2026-02-28 22:24:13.342466,2026-02-28 22:25:31.783442,C1036,10.5,wallet,89.86,01211370671,delivered
101526,R48,El Maadi,2026-02-28 21:58:00,2026-02-28 22:22:31.427150,2026-02-28 22:24:02.996374,C1138,2.2,card,63.16,015-1238-4051,delivered
101867,R69,Dokki,2026-02-28 22:49:00,2026-02-28 23:23:40.110494,2026-02-28 23:22:41.683541,C1115,5.0,cash,156.46,01580394790,delivered
100487,R18,Mohandessin,2026-02-28 22:50:00,2026-02-28 23:34:52.457228,2026-02-28 23:39:18.933395,C1133,10.4,wallet,81.65,01441269950,delivered
100513,R22,Dokki,2026-02-28 22:55:00,2026-02-28 23:30:28.943777,,C1171,4.7,card,437.01,01157525955,cancelled
100469,R37,Zamalek,2026-03-01 07:01:00,2026-03-01 07:37:00.272232,2026-03-01 07:34:15.146893,C1078,5.7,cash,383.8,1291059596,delivered
101527,R62,Mohandessin,2026-03-01 07:13:00,2026-03-01 07:57:52.445317,2026-03-01 07:56:56.024945,C1033,9.0,wallet,127.18,01131555376,delivered
100827,R10,Nasr City,2026-03-01 08:08:00,2026-03-01 08:46:41.258670,2026-03-01 08:44:59.910137,C1011,5.3,card,270.93,01540998421,delivered
100771,R143,Nasr City,2026-03-01 09:11:00,2026-03-01 09:50:19.493991,2026-03-01 09:47:32.541163,C1040,9.0,card,333.62,01242056243,delivered
102915,R55,Heliopolis,2026-03-01 10:52:00,2026-03-01 11:22:41.365126,2026-03-01 11:21:21.546580,C1001,1.9,card,135.81,01537949284,delivered
101544,R110,Dokki,2026-03-01 10:59:00,2026-03-01 11:24:09.904939,2026-03-01 11:19:44.565441,C1006,3.3,wallet,252.6,01580575344,delivered
101683,R17,Heliopolis,2026-03-01 11:28:00,2026-03-01 12:12:37.415060,2026-03-01 12:15:36.486703,C1038,10.0,cash,182.56,01179839952,delivered
102342,R89,Mohandessin,2026-03-01 11:33:00,2026-03-01 11:55:14.835374,2026-03-01 11:55:46.177914,C1018,3.1,card,228.37,01594258537,delivered
101463,R141,Dokki,2026-03-01 11:58:00,2026-03-01 12:37:51.771514,2026-03-01 12:42:33.910110,C1160,11.7,card,446.56,01582127962,delivered
101931,R3,Nasr City,2026-03-01 12:42:00,2026-03-01 13:08:40.768411,2026-03-01 13:06:40.503917,C1128,1.4,wallet,144.07,01013250998,delivered
100916,R132,Heliopolis,2026-03-01 13:15:00,2026-03-01 13:49:03.640356,2026-03-01 13:49:56.322010,C1072,6.1,cash,143.69,01007870639,delivered
100654,R48,Zamalek,2026-03-01 13:37:00,2026-03-01 14:20:51.122648,2026-03-01 14:24:02.251977,C1188,9.7,card,253.76,01531032296,delivered
101040,R55,Dokki,2026-03-01 13:42:00,2026-03-01 14:30:34.011374,,C1089,11.8,wallet,174.05,01160316972,cancelled
101658,R20,Zamalek,2026-03-01 13:58:00,2026-03-01 14:33:27.366054,2026-03-01 14:31:40.116693,C1089,9.0,card,359.11,01246362,delivered
102555,R128,Heliopolis,2026-03-01 13:59:00,2026-03-01 14:12:46.365218,2026-03-01 14:15:24.442726,C1132,4.1,cash,256.44,01650303979,delivered
101346,R105,Dokki,2026-03-01 13:59:00,2026-03-01 14:29:10.961041,2026-03-01 14:33:56.014629,C1157,7.3,cash,387.37,01016910895,delivered
102529,R119,Nasr City,2026-03-01 14:03:00,2026-03-01 14:41:19.530686,2026-03-01 14:44:43.170775,C1059,7.9,card,178.29,01207158894,delivered
102642,R19,Dokki,2026-03-01 14:12:00,2026-03-01 14:51:29.642395,2026-03-01 14:48:41.572273,C1022,7.1,wallet,121.38,015-9361-0570,delivered
101077,R127,Nasr City,2026-03-01 14:23:00,2026-03-01 15:04:48.755214,2026-03-01 15:02:59.256006,C1096,3.9,card,258.43,01148418660,delivered
102963,R115,Maadi,2026-03-01 14:39:00,2026-03-01 15:09:20.133633,,C1134,5.9,wallet,150.67,01266882498,cancelled
102235,R136,Zamalek,2026-03-01 14:54:00,2026-03-01 15:43:32.775985,2026-03-01 15:43:41.513527,C1112,11.4,cash,432.23,01099315840,delivered
102827,R90,Dokki,2026-03-01 16:19:00,2026-03-01 16:54:15.059018,2026-03-01 16:51:21.877392,C1086,4.7,wallet,305.81,01286007558,delivered
100989,R123,Heliopolis,2026-03-01 16:34:00,2026-03-01 16:59:09.478694,2026-03-01 16:59:18.234371,C1039,3.6,cash,443.92,01223991986,delivered
101345,R50,Dokki,2026-03-01 16:38:00,2026-03-01 17:21:09.611693,2026-03-01 17:17:23.593375,C1198,10.0,cash,223.38,01111612806,delivered
101123,R87,Mohandessin,2026-03-01 16:56:00,2026-03-01 17:29:18.556387,2026-03-01 17:30:39.441299,C1005,6.7,card,394.87,01118902610,delivered
100652,R124,Nasr City,2026-03-01 16:58:00,2026-03-01 17:34:49.148948,2026-03-01 17:36:35.694231,C1039,7.1,cash,128.63,01221567003,delivered
101611,R64,Maadi,2026-03-01 17:48:00,2026-03-01 17:58:00.000000,2026-03-01 17:57:44.083210,C1161,2.0,cash,396.32,01222206402,delivered
102608,R87,Dokki,2026-03-01 18:38:00,2026-03-01 19:11:35.151244,2026-03-01 19:13:49.658787,C1081,9.8,cash,172.43,01470667561,delivered
100457,R55,Dokki,2026-03-01 18:55:00,2026-03-01 19:35:08.600618,2026-03-01 19:30:23.030903,C1066,6.5,card,133.41,01167396876,delivered
101938,R54,Nasr City,2026-03-01 19:08:00,2026-03-01 19:50:47.391097,2026-03-01 19:48:04.096858,C1068,8.3,wallet,64.4,01072523660,delivered
100837,R125,Mohandessin,2026-03-01 19:36:00,2026-03-01 20:07:06.139160,2026-03-01 20:09:40.936548,C1076,5.6,card,204.75,01069565569,delivered
102544,R38,Heliopolis,2026-03-01 19:37:00,2026-03-01 20:11:49.365034,2026-03-01 20:09:41.556715,C1153,8.8,cash,423.15,01261034631,delivered
100090,R75,Maadi,2026-03-01 19:43:00,2026-03-01 20:09:16.334143,2026-03-01 20:05:20.721561,C1117,2.9,card,230.3,01045494907,delivered
102252,R45,Heliopolis,2026-03-01 19:48:00,2026-03-01 20:17:27.684845,,C1105,2.7,cash,222.35,01228878462,cancelled
102215,R16,Dokki,2026-03-01 21:20:00,2026-03-01 22:07:33.992787,2026-03-01 22:08:24.334649,C1155,8.8,cash,225.23,01007231799,delivered
100815,R31,maadi,2026-03-01 21:30:00,2026-03-01 21:40:46.922911,2026-03-01 21:44:51.415638,C1164,1.4,card,397.1,01146270362,delivered
102058,R77,Dokki,2026-03-01 22:09:00,2026-03-01 22:43:49.238143,2026-03-01 22:39:56.500713,C1053,7.7,wallet,283.63,01527237577,delivered
102465,R112,Zamalek,2026-03-02 07:13:00,2026-03-02 07:28:20.904583,2026-03-02 07:30:51.516664,C1107,2.4,card,285.18,01206318400,delivered
100644,R76,Nasr City,2026-03-02 07:15:00,2026-03-02 07:33:18.423557,2026-03-02 07:32:27.589415,C1081,2.0,cash,326.72,01096195601,delivered
100111,R111,Nasr City,2026-03-02 07:24:00,2026-03-02 07:49:48.060509,2026-03-02 07:49:12.638088,C1166,2.0,wallet,272.86,01545406799,delivered
101064,R55,Mohandessin,2026-03-02 07:33:00,2026-03-02 08:29:17.902337,2026-03-02 08:30:04.786220,C1054,11.1,cash,375.37,01142769551,delivered
102060,R76,Mohandessin,2026-03-02 08:02:00,2026-03-02 08:47:27.690299,2026-03-02 08:44:43.829701,C1130,10.7,cash,145.56,01553010330,delivered
100819,R140,Zamalek,2026-03-02 08:08:00,2026-03-02 08:26:59.426795,2026-03-02 08:30:20.392797,C1155,2.2,cash,429.82,01040145613,delivered
100534,R36,Heliopolis,2026-03-02 08:10:00,2026-03-02 08:41:18.700179,2026-03-02 08:44:58.517957,C1002,5.9,cash,433.73,01171226064,delivered
100695,R83,Nasr City,2026-03-02 08:11:00,2026-03-02 08:26:21.611385,2026-03-02 08:29:33.394968,C1036,2.7,card,359.82,01583997915,delivered
101846,R83,Maadi,2026-03-02 08:15:00,2026-03-02 08:40:30.399915,2026-03-02 08:40:35.921738,C1105,3.2,cash,435.46,01002588179,delivered
100552,R122,El Maadi,2026-03-02 08:19:00,2026-03-02 08:56:54.345584,2026-03-02 08:53:10.267549,C1070,8.3,cash,190.88,01238182800,delivered
100677,R13,Nasr City,2026-03-02 08:45:00,2026-03-02 09:29:13.548870,2026-03-02 09:27:51.379892,C1085,8.2,card,411.3,01280194313,delivered
100260,R77,Dokki,2026-03-02 08:50:00,2026-03-02 09:18:52.214364,2026-03-02 09:16:39.620246,C1006,6.1,wallet,170.42,01575344857,delivered
101042,R47,Mohandessin,2026-03-02 09:43:00,2026-03-02 09:53:00.000000,2026-03-02 09:52:10.009674,C1159,2.1,wallet,437.57,01060879907,delivered
100610,R125,Heliopolis,2026-03-02 09:56:00,2026-03-02 10:17:55.872232,2026-03-02 10:15:04.615609,C1056,4.4,wallet,123.15,01555378791,delivered
100883,R47,Zamalek,2026-03-02 10:30:00,2026-03-02 11:10:44.212805,2026-03-02 11:13:53.696834,C1166,8.4,card,334.96,01088246291,delivered
102116,R5,Zamalek,2026-03-02 10:50:00,2026-03-02 11:13:11.749645,2026-03-02 11:10:34.681939,C1063,1.2,cash,256.74,01245864869,delivered
102122,R33,Nasr City,2026-03-02 11:05:00,2026-03-02 11:46:31.246855,2026-03-02 11:47:36.378023,C1048,9.4,cash,282.62,010-0132-8111,delivered
101769,R62,Maadi,2026-03-02 11:11:00,2026-03-02 11:59:53.013452,2026-03-02 11:55:44.458172,C1134,10.2,wallet,201.04,01113742704,delivered
100909,R62,Heliopolis,2026-03-02 11:29:00,2026-03-02 12:12:24.625545,2026-03-02 12:07:43.142128,C1081,7.8,card,156.92,01584871302,delivered
101245,R86,Dokki,2026-03-02 13:05:00,2026-03-02 13:54:02.406318,2026-03-02 13:52:48.906996,,10.5,wallet,366.68,01172448112,delivered
100483,R33,Heliopolis,2026-03-02 13:51:00,2026-03-02 14:38:29.767695,2026-03-02 14:35:26.030578,C1162,7.3,cash,61.85,01205707126,delivered
100352,R147,Nasr City,2026-03-02 13:56:00,2026-03-02 14:39:32.052362,2026-03-02 14:41:59.816303,C1071,7.8,wallet,154.69,01230676537,delivered
101584,R118,Heliopolis,2026-03-02 14:31:00,2026-03-02 14:51:26.348673,2026-03-02 14:47:34.436261,C1038,3.7,card,136.07,01545976763,delivered
101585,R93,Mohandessin,2026-03-02 14:38:00,2026-03-02 15:01:54.643757,2026-03-02 15:01:36.473277,C1130,5.0,card,124.57,01090552561,delivered
101547,R81,Heliopolis,2026-03-02 15:40:00,2026-03-02 16:10:53.796474,2026-03-02 16:10:13.652090,C1011,2.5,card,213.06,01531943271,delivered
102789,R70,Dokki,2026-03-02 15:42:00,2026-03-02 16:21:10.670414,2026-03-02 16:18:48.057490,C1016,7.5,cash,352.23,01268882650,delivered
102771,R142,Heliopolis,2026-03-02 15:52:00,2026-03-02 16:34:16.672743,2026-03-02 16:35:00.596455,C1174,8.6,cash,342.11,01071305880,delivered
100671,R83,Nasr City,2026-03-02 15:58:00,2026-03-02 16:22:59.850709,2026-03-02 16:22:18.330228,C1080,2.5,wallet,359.38,01050983419,delivered
101986,R114,Maadi,2026-03-02 16:08:00,2026-03-02 16:37:09.135775,2026-03-02 16:41:40.135165,C1074,8.0,cash,292.47,01009084259,delivered
101374,R74,Dokki,2026-03-02 16:12:00,2026-03-02 16:48:14.703418,2026-03-02 16:50:56.692847,,7.6,cash,304.71,01519774414,delivered
101665,R43,Maadi,2026-03-02 16:29:00,2026-03-02 17:02:05.124058,2026-03-02 17:02:25.548240,C1128,7.3,wallet,213.54,01285803737,delivered
102084,R144,Nasr City,2026-03-02 16:48:00,2026-03-02 17:19:10.120276,2026-03-02 17:16:20.331288,C1021,6.0,cash,295.33,01074388,delivered
100317,R39,Mohandessin,2026-03-02 17:26:00,2026-03-02 17:55:09.988953,2026-03-02 17:55:35.713526,C1198,4.8,cash,239.08,01209039107,delivered
100788,R9,Nasr City,2026-03-02 18:09:00,2026-03-02 18:35:36.201943,2026-03-02 18:33:50.031668,C1198,4.0,cash,323.93,01108255442,delivered
100055,R42,Mohandessin,2026-03-02 18:14:00,2026-03-02 18:31:11.854996,2026-03-02 18:35:00.476627,C1068,2.1,cash,263.58,01121004092,delivered
100258,R27,El Maadi,2026-03-02 18:20:00,2026-03-02 18:40:59.920524,2026-03-02 18:42:01.843320,C1177,2.7,cash,440.72,01637705143,delivered
101652,R131,Heliopolis,2026-03-02 18:23:00,2026-03-02 18:53:14.038381,2026-03-02 18:55:00.798205,C1062,3.8,cash,341.66,01242142791,delivered
102461,R67,Heliopolis,2026-03-02 18:24:00,2026-03-02 18:53:37.272873,2026-03-02 18:52:44.674474,C1064,3.0,cash,255.95,01071054406,delivered
102210,R64,El Maadi,2026-03-02 19:25:00,2026-03-02 19:59:12.214884,2026-03-02 19:59:44.570037,C1073,4.5,cash,283.66,01543082151,delivered
100621,R105,Dokki,2026-03-02 19:39:00,2026-03-02 20:20:54.782673,2026-03-02 20:20:48.005370,C1127,9.5,card,140.17,01037044800,delivered
101707,R87,maadi,2026-03-02 20:37:00,2026-03-02 21:22:12.945403,2026-03-02 21:25:45.501140,,8.7,cash,309.56,01053041021,delivered
101010,R105,Nasr City,2026-03-02 20:54:00,2026-03-02 21:12:41.285098,,C1111,1.6,wallet,185.69,010-2430-3728,cancelled
102604,R147,Maadi,2026-03-02 21:12:00,2026-03-02 21:53:09.067625,2026-03-02 21:52:21.137756,C1113,7.4,cash,346.97,01518333993,delivered
101144,R63,Nasr City,2026-03-02 21:25:00,2026-03-02 21:45:00.897754,2026-03-02 21:45:56.795898,C1044,3.6,cash,65.56,01156951708,delivered
101189,R36,Maadi,2026-03-02 21:39:00,2026-03-02 21:59:38.877048,2026-03-02 22:03:10.183178,C1157,4.7,cash,120.45,01248159304,delivered
100014,R107,Nasr City,2026-03-02 21:41:00,2026-03-02 22:10:46.079574,2026-03-02 22:13:48.554290,C1005,7.4,cash,108.26,01039314563,delivered
102750,R82,Heliopolis,2026-03-02 21:52:00,2026-03-02 22:36:22.272951,2026-03-02 22:35:31.953436,C1049,8.2,card,338.16,01513783528,delivered
101666,R134,Mohandessin,2026-03-02 22:05:00,2026-03-02 22:45:59.103572,2026-03-02 22:50:07.648345,C1162,11.2,card,118.78,01077258797,delivered
100795,R120,Heliopolis,2026-03-02 22:20:00,2026-03-02 22:41:49.193371,2026-03-02 22:38:16.261219,C1014,2.6,cash,154.94,01084052399,delivered
101570,R101,Mohandessin,2026-03-02 22:48:00,2026-03-02 23:05:20.049267,2026-03-02 23:05:50.797756,C1113,3.4,cash,400.19,01274070690,delivered
100981,R88,Zamalek,2026-03-03 07:08:00,2026-03-03 07:30:50.683293,2026-03-03 07:35:35.578618,C1129,4.2,cash,430.26,01150543986,delivered
102873,R111,Maadi,2026-03-03 07:10:00,2026-03-03 07:33:33.321540,2026-03-03 07:29:26.196075,C1004,2.5,cash,286.77,01008612447,delivered
100438,R79,Maadi,2026-03-03 07:24:00,2026-03-03 07:41:50.302796,2026-03-03 07:43:25.606838,C1070,3.9,card,252.16,01196148277,delivered
102862,R147,Heliopolis,2026-03-03 07:50:00,2026-03-03 08:09:07.660113,2026-03-03 08:10:58.415268,C1129,6.3,cash,230.73,01064924612,delivered
101908,R38,Maadi,2026-03-03 08:43:00,2026-03-03 09:16:37.237792,2026-03-03 09:13:52.150475,C1016,3.7,wallet,311.4,01515148660,delivered
100050,R88,Nasr City,2026-03-03 08:59:00,2026-03-03 09:11:40.230382,2026-03-03 09:16:36.081131,C1115,1.0,wallet,403.35,01061270451,delivered
101954,R143,Mohandessin,2026-03-03 09:21:00,2026-03-03 10:17:47.362152,,C1107,12.0,cash,254.45,01131663244,cancelled
100247,R66,Dokki,2026-03-03 09:40:00,2026-03-03 10:16:09.248446,2026-03-03 10:13:34.142210,C1184,6.3,cash,339.83,01515446838,delivered
102696,R85,Dokki,2026-03-03 10:05:00,2026-03-03 10:45:25.167510,2026-03-03 10:44:42.615663,C1127,7.8,cash,367.85,01143607485,delivered
101389,R121,Nasr City,2026-03-03 10:06:00,2026-03-03 10:54:45.511753,2026-03-03 10:51:55.223062,C1007,11.8,cash,327.09,01132934928,delivered
100802,R118,Maadi,2026-03-03 10:23:00,2026-03-03 10:46:03.074201,2026-03-03 10:42:53.619887,C1165,2.7,cash,148.96,01528145101,delivered
102410,R14,Maadi,2026-03-03 10:26:00,2026-03-03 11:00:06.064390,2026-03-03 10:57:22.317689,C1038,6.0,cash,134.25,01089691265,delivered
102878,R100,Nasr City,2026-03-03 12:19:00,2026-03-03 12:55:27.874722,2026-03-03 12:57:40.384647,C1038,8.4,wallet,274.4,01529083227,delivered
101135,R7,Nasr City,2026-03-03 13:07:00,2026-03-03 13:35:44.168661,2026-03-03 13:32:34.224053,C1066,5.8,cash,347.42,010676748,delivered
101504,R36,Dokki,2026-03-03 13:55:00,2026-03-03 14:24:17.147250,2026-03-03 14:27:01.296290,C1146,5.9,wallet,339.36,01290404681,delivered
102854,R27,Nasr City,2026-03-03 14:47:00,2026-03-03 15:32:05.029429,2026-03-03 15:28:14.362052,,8.0,wallet,349.45,01191327821,delivered
101301,R12,Dokki,2026-03-03 14:58:00,2026-03-03 15:53:05.194564,2026-03-03 15:50:17.366397,C1121,11.2,card,298.32,0124826,delivered
100025,R66,Maadi,2026-03-03 15:00:00,2026-03-03 15:25:24.193289,2026-03-03 15:24:59.322138,C1063,6.0,wallet,364.7,01908627801,delivered
101308,R116,Maadi,2026-03-03 15:48:00,2026-03-03 16:17:30.605640,2026-03-03 16:14:29.877847,C1173,5.0,wallet,98.66,01063952962,delivered
100595,R17,Zamalek,2026-03-03 16:44:00,2026-03-03 17:20:36.193816,2026-03-03 17:23:22.798684,C1037,8.9,card,330.4,01117536721,delivered
101749,R57,Zamalek,2026-03-03 17:06:00,2026-03-03 17:16:00.000000,2026-03-03 17:15:53.262611,C1131,2.1,cash,109.5,01076436524,delivered
102143,R81,Dokki,2026-03-03 17:30:00,2026-03-03 17:59:14.434894,2026-03-03 17:59:03.547485,C1000,2.4,wallet,372.63,015107052,delivered
101710,R132,Nasr City,2026-03-03 17:33:00,2026-03-03 17:51:16.200655,2026-03-03 17:55:27.538098,C1156,1.5,wallet,306.7,01292624314,delivered
100421,R56,Nasr City,2026-03-03 17:49:00,2026-03-03 18:31:46.010981,2026-03-03 18:36:38.415079,C1132,9.2,card,319.98,01078893060,delivered
100474,R131,Maadi,2026-03-03 19:05:00,2026-03-03 20:01:04.428570,2026-03-03 19:58:04.718184,C1085,11.5,card,357.7,01159223894,delivered
100346,R148,Heliopolis,2026-03-03 20:58:00,2026-03-03 21:47:07.938331,2026-03-03 21:47:37.422678,C1123,10.6,wallet,124.32,01233885381,delivered
100439,R82,Zamalek,2026-03-03 21:00:00,2026-03-03 21:57:49.870261,2026-03-03 21:56:51.267436,,11.8,cash,303.11,01579696588,delivered
101270,R118,Dokki,2026-03-03 22:01:00,2026-03-03 22:11:00.000000,2026-03-03 22:12:03.731810,C1089,2.0,card,320.03,01292439846,delivered
101067,R110,Nasr City,2026-03-03 22:02:00,2026-03-03 22:41:39.625973,2026-03-03 22:43:07.430178,C1021,7.2,cash,366.47,01042456316,delivered
102881,R46,Maadi,2026-03-03 22:11:00,2026-03-03 22:21:49.142611,2026-03-03 22:26:24.535380,C1097,1.1,card,436.94,01137752267,delivered
100475,R62,Nasr City,2026-03-03 22:14:00,2026-03-03 22:58:35.760751,2026-03-03 22:55:21.870071,C1160,8.8,card,154.86,01030291688,delivered
101099,R97,Zamalek,2026-03-03 22:28:00,2026-03-03 23:24:58.145597,2026-03-03 23:19:58.478096,C1045,11.0,card,399.05,012653258,delivered
102053,R135,El Maadi,2026-03-04 07:10:00,2026-03-04 07:58:06.527649,2026-03-04 08:01:06.492745,C1137,9.2,cash,360.68,01254915742,delivered
102105,R43,Maadi,2026-03-04 07:47:00,2026-03-04 08:30:55.919401,,C1100,11.3,wallet,387.08,01266064094,cancelled
102986,R90,Dokki,2026-03-04 07:57:00,2026-03-04 08:39:46.191408,2026-03-04 08:34:49.327912,,7.6,cash,373.16,01186556564,delivered
100357,R99,Maadi,2026-03-04 08:57:00,2026-03-04 09:42:38.729853,2026-03-04 09:40:09.487984,,11.9,wallet,286.75,01292465026,delivered
100400,R139,Dokki,2026-03-04 09:35:00,2026-03-04 10:00:42.390747,2026-03-04 09:59:14.031389,C1175,3.5,wallet,230.89,01275667826,delivered
102039,R55,Maadi,2026-03-04 09:47:00,2026-03-04 10:24:34.638050,2026-03-04 10:19:50.061147,C1035,6.6,wallet,142.54,01060976525,delivered
102275,R43,Maadi,2026-03-04 10:06:00,2026-03-04 10:31:29.977791,2026-03-04 10:30:35.012525,C1023,5.3,wallet,446.84,01186639726,delivered
100681,R10,Nasr City,2026-03-04 10:13:00,2026-03-04 10:23:01.352721,2026-03-04 10:26:40.111454,C1104,1.2,wallet,255.65,01230451763,delivered
102594,R34,El Maadi,2026-03-04 10:27:00,2026-03-04 11:21:15.610806,2026-03-04 11:20:27.293081,,11.9,cash,222.53,01163002200,delivered
101579,R135,Heliopolis,2026-03-04 11:07:00,2026-03-04 11:37:45.947790,2026-03-04 11:41:30.030779,C1017,7.1,card,223.84,01214004681,delivered
100167,R148,Maadi,2026-03-04 11:11:00,2026-03-04 11:40:57.772017,2026-03-04 11:37:46.685882,C1111,4.7,card,284.37,01051278347,delivered
101564,R144,Dokki,2026-03-04 12:31:00,2026-03-04 13:04:08.361411,2026-03-04 12:59:42.463817,C1102,2.2,cash,430.76,01159382303,delivered
102107,R81,Maadi,2026-03-04 13:04:00,2026-03-04 13:42:55.572732,2026-03-04 13:40:45.898783,C1110,8.0,cash,417.57,01103465691,delivered
100600,R75,Maadi,2026-03-04 14:06:00,2026-03-04 14:30:28.475798,2026-03-04 14:30:39.588402,C1033,2.0,card,83.38,01209450373,delivered
101826,R59,Dokki,2026-03-04 14:15:00,2026-03-04 14:36:17.996860,2026-03-04 14:31:56.233442,C1177,3.1,cash,320.51,01036505714,delivered
101237,R136,Mohandessin,2026-03-04 14:42:00,2026-03-04 15:24:11.558479,2026-03-04 15:21:38.224850,C1130,7.5,cash,163.83,01235984986,delivered
100161,R148,Heliopolis,2026-03-04 15:11:00,2026-03-04 15:47:24.129841,2026-03-04 15:50:37.891367,C1085,6.1,card,356.39,01222883797,delivered
100184,R49,Dokki,2026-03-04 15:16:00,2026-03-04 16:07:19.845132,2026-03-04 16:03:14.781033,C1116,8.8,cash,349.51,01051341328,delivered
100458,R93,Heliopolis,2026-03-04 15:18:00,2026-03-04 16:04:42.535164,2026-03-04 16:04:50.023382,C1011,8.7,card,201.44,1230491211,delivered
102119,R90,Nasr City,2026-03-04 15:26:00,2026-03-04 16:06:16.196717,2026-03-04 16:11:15.653785,C1129,9.7,cash,63.3,01595808940,delivered
102781,R105,Nasr City,2026-03-04 15:47:00,2026-03-04 16:10:53.807054,2026-03-04 16:11:58.211527,C1123,4.2,cash,66.6,01214625284,delivered
102309,R127,Mohandessin,2026-03-04 16:22:00,2026-03-04 16:51:38.045293,2026-03-04 16:48:05.421457,C1150,3.6,card,148.56,01244400208,delivered
102501,R108,Heliopolis,2026-03-04 16:44:00,2026-03-04 17:22:48.230411,2026-03-04 17:27:38.064143,C1022,9.4,cash,106.55,011-3952-5754,delivered
102742,R142,Zamalek,2026-03-04 16:51:00,2026-03-04 17:24:50.995692,2026-03-04 17:29:48.944842,C1045,6.2,cash,444.62,01142154746,delivered
102618,R148,Heliopolis,2026-03-04 17:04:00,2026-03-04 17:44:43.861324,2026-03-04 17:44:03.723568,C1165,7.0,card,432.03,01121359737,delivered
101868,R112,Mohandessin,2026-03-04 17:07:00,2026-03-04 17:29:06.291665,2026-03-04 17:31:25.221635,C1157,4.7,cash,313.19,01541549086,delivered
101882,R118,Heliopolis,2026-03-04 17:39:00,2026-03-04 18:09:39.564486,2026-03-04 18:06:40.241112,C1151,6.8,wallet,107.2,01025993008,delivered
102795,R8,Maadi,2026-03-04 17:47:00,2026-03-04 18:22:58.879268,2026-03-04 18:20:04.847068,C1087,6.9,card,162.45,01216977086,delivered
102814,R105,Heliopolis,2026-03-04 18:02:00,2026-03-04 18:42:02.548906,2026-03-04 18:38:11.838870,C1134,7.8,card,376.23,01268574970,delivered
100871,R74,Maadi,2026-03-04 18:12:00,2026-03-04 18:53:38.283784,2026-03-04 18:49:38.363837,C1139,6.9,cash,404.54,01128440841,delivered
102903,R101,El Maadi,2026-03-04 18:33:00,2026-03-04 18:50:11.766674,2026-03-04 18:50:52.762505,C1103,1.7,card,432.95,01001065554,delivered
100255,R98,Zamalek,2026-03-04 18:47:00,2026-03-04 19:23:58.791282,2026-03-04 19:28:50.303202,C1186,7.1,card,109.68,01144998619,delivered
102061,R117,Maadi,2026-03-04 18:58:00,2026-03-04 19:38:31.297804,2026-03-04 19:38:09.061383,C1106,8.5,wallet,408.29,01251416768,delivered
101305,R45,Dokki,2026-03-04 19:10:00,2026-03-04 20:01:51.150156,2026-03-04 20:03:25.168551,C1100,10.9,cash,431.78,01512077375,delivered
101122,R55,Heliopolis,2026-03-04 19:21:00,2026-03-04 20:17:23.096574,2026-03-04 20:12:32.498470,C1124,11.8,cash,327.74,010-9203-6330,delivered
102790,R6,Heliopolis,2026-03-04 19:35:00,2026-03-04 20:03:42.459233,2026-03-04 20:02:31.258427,C1094,4.3,card,299.57,01019377465,delivered
102964,R29,Mohandessin,2026-03-04 19:46:00,2026-03-04 20:20:15.577965,2026-03-04 20:24:57.998832,C1026,8.4,card,263.91,01007458929,delivered
101501,R67,Nasr City,2026-03-04 19:50:00,2026-03-04 20:25:37.030708,2026-03-04 20:24:23.557211,C1161,5.4,cash,182.89,01128673791,delivered
101137,R113,Heliopolis,2026-03-04 20:13:00,2026-03-04 20:40:13.790573,2026-03-04 20:40:59.964792,C1013,4.9,card,319.54,01182882505,delivered
101483,R50,Nasr City,2026-03-04 20:55:00,2026-03-04 21:40:47.700074,2026-03-04 21:44:59.226484,C1101,11.2,cash,228.07,01241837704,delivered
100509,R4,Maadi,2026-03-04 21:24:00,2026-03-04 22:11:13.485562,2026-03-04 22:14:11.155822,C1176,9.9,cash,409.26,01079444335,delivered
101002,R111,Dokki,2026-03-04 21:25:00,2026-03-04 22:04:57.214727,2026-03-04 22:09:08.591422,C1033,8.8,cash,174.88,01538613694,delivered
102639,R70,Zamalek,2026-03-04 21:39:00,2026-03-04 22:08:17.554261,2026-03-04 22:13:13.402318,C1164,4.3,wallet,66.64,01283708715,delivered
101152,R33,Zamalek,2026-03-04 22:51:00,2026-03-04 23:20:34.195386,2026-03-04 23:16:04.553475,C1168,5.4,card,91.41,01290717312,delivered
101268,R12,Maadi,2026-03-04 22:54:00,2026-03-04 23:45:43.065101,2026-03-04 23:47:29.413232,C1126,11.6,cash,183.67,01247594698,delivered
102743,R124,Heliopolis,2026-03-05 07:06:00,2026-03-05 07:48:00.091620,2026-03-05 07:49:25.384714,C1136,9.4,cash,389.26,1078915499,delivered
102678,R1,Mohandessin,2026-03-05 07:12:00,2026-03-05 07:34:45.823929,2026-03-05 07:38:19.820958,C1099,3.1,wallet,248.97,01256992271,delivered
102823,R114,Heliopolis,2026-03-05 07:16:00,2026-03-05 07:51:28.814373,2026-03-05 07:50:53.881338,C1013,6.5,cash,416.56,01122462275,delivered
101619,R4,Maadi,2026-03-05 07:28:00,2026-03-05 07:50:39.859721,2026-03-05 07:53:01.911087,C1061,4.7,card,418.22,01907168859,delivered
102675,R87,Nasr City,2026-03-05 07:39:00,2026-03-05 08:12:45.089223,2026-03-05 08:11:36.589745,C1188,2.9,card,259.61,01250326315,delivered
102414,R81,Zamalek,2026-03-05 07:59:00,2026-03-05 08:52:57.874498,2026-03-05 08:51:47.012592,C1150,10.9,card,172.48,01183435537,delivered
102974,R135,Dokki,2026-03-05 08:47:00,2026-03-05 09:34:45.810637,2026-03-05 09:33:23.975574,C1196,10.7,cash,90.38,01189345785,delivered
102326,R33,Nasr City,2026-03-05 08:53:00,2026-03-05 09:29:35.610584,2026-03-05 09:31:56.282884,C1154,8.4,cash,115.27,01025152639,delivered
100958,R129,Zamalek,2026-03-05 09:05:00,2026-03-05 09:36:20.270268,2026-03-05 09:38:03.754845,,10.1,wallet,353.2,01127356191,delivered
101924,R57,Nasr City,2026-03-05 09:06:00,2026-03-05 09:44:00.089857,2026-03-05 09:44:51.233856,C1154,6.5,wallet,86.32,01015935117,delivered
102811,R135,Zamalek,2026-03-05 09:08:00,2026-03-05 09:20:38.396224,2026-03-05 09:23:50.756769,C1117,3.8,wallet,405.49,01109760998,delivered
102072,R85,Zamalek,2026-03-05 09:41:00,2026-03-05 10:33:55.503301,2026-03-05 10:30:13.291597,C1117,11.2,cash,310.84,01569073039,delivered
101796,R126,Mohandessin,2026-03-05 10:30:00,2026-03-05 11:23:14.782742,2026-03-05 11:23:08.920905,C1024,10.1,cash,135.5,01569679818,delivered
101970,R82,Heliopolis,2026-03-05 10:33:00,2026-03-05 11:29:17.991768,2026-03-05 11:26:37.203940,C1025,11.7,card,117.63,01040510662,delivered
102434,R146,Nasr City,2026-03-05 10:37:00,2026-03-05 11:30:31.982001,2026-03-05 11:33:33.799454,C1140,11.7,cash,351.29,0117851,delivered
100266,R66,Mohandessin,2026-03-05 10:45:00,2026-03-05 11:28:02.904149,2026-03-05 11:30:29.726125,C1108,8.3,cash,289.62,01002814501,delivered
101361,R128,Zamalek,2026-03-05 10:45:00,2026-03-05 11:12:53.154410,2026-03-05 11:08:34.964690,C1087,2.3,cash,392.76,01288376155,delivered
100838,R93,Dokki,2026-03-05 10:51:00,2026-03-05 11:27:18.429485,2026-03-05 11:28:04.422913,C1177,5.9,wallet,96.28,01088934710,delivered
100228,R146,Mohandessin,2026-03-05 10:54:00,2026-03-05 11:41:20.553808,2026-03-05 11:38:00.928545,C1145,7.3,card,370.36,01224108850,delivered
100549,R79,Zamalek,2026-03-05 11:59:00,2026-03-05 12:47:25.717073,2026-03-05 12:49:39.415023,C1040,11.0,wallet,69.06,01459430834,delivered
101217,R85,Maadi,2026-03-05 12:09:00,2026-03-05 12:44:55.520273,2026-03-05 12:41:42.157945,C1141,4.6,card,261.71,01247764554,delivered
102020,R5,Maadi,2026-03-05 13:13:00,2026-03-05 13:43:48.104240,2026-03-05 13:45:58.149030,C1098,6.7,card,395.24,01122817204,delivered
101806,R43,Nasr City,2026-03-05 13:41:00,2026-03-05 14:12:21.680899,2026-03-05 14:09:55.529569,C1083,6.3,cash,209.03,01249464750,delivered
102411,R79,Maadi,2026-03-05 14:26:00,2026-03-05 15:00:12.167662,2026-03-05 15:00:11.937985,C1018,5.7,wallet,75.45,01033787262,delivered
100564,R138,Dokki,2026-03-05 14:54:00,2026-03-05 15:34:33.252638,2026-03-05 15:37:07.365804,C1185,10.6,card,77.55,01004399592,delivered
102559,R32,Maadi,2026-03-05 15:00:00,2026-03-05 15:53:58.214666,2026-03-05 15:53:44.891391,C1075,11.5,card,333.06,01565802022,delivered
101606,R53,Zamalek,2026-03-05 15:28:00,2026-03-05 15:59:37.889407,2026-03-05 16:00:26.337696,C1191,4.5,cash,69.56,01553057491,delivered
100686,R34,Zamalek,2026-03-05 15:42:00,2026-03-05 16:23:44.055664,2026-03-05 16:19:21.244247,C1175,7.0,card,326.65,01033731902,delivered
102649,R25,Dokki,2026-03-05 15:57:00,2026-03-05 16:28:33.049323,2026-03-05 16:29:07.637335,C1047,5.2,card,114.33,01275344580,delivered
102426,R140,Maadi,2026-03-05 18:52:00,2026-03-05 19:11:21.326554,2026-03-05 19:08:22.646551,C1124,1.4,cash,364.73,01382133275,delivered
102502,R47,Heliopolis,2026-03-05 18:53:00,2026-03-05 19:08:42.655993,2026-03-05 19:13:37.484030,C1080,1.3,cash,277.03,01173372253,delivered
100140,R104,Dokki,2026-03-05 19:04:00,2026-03-05 19:35:39.902023,2026-03-05 19:37:44.812715,C1039,4.2,cash,176.66,01060809799,delivered
102068,R40,Maadi,2026-03-05 19:11:00,2026-03-05 19:57:43.527867,2026-03-05 19:53:27.795515,C1091,8.7,card,236.04,01564770586,delivered
100299,R77,Dokki,2026-03-05 19:42:00,2026-03-05 20:07:22.919956,2026-03-05 20:11:09.949682,C1099,4.2,card,402.98,01042712403,delivered
102120,R141,Nasr City,2026-03-05 21:09:00,2026-03-05 21:40:52.006267,2026-03-05 21:42:54.159769,C1137,7.3,cash,241.45,01579195381,delivered
102201,R6,Zamalek,2026-03-05 22:07:00,2026-03-05 22:59:32.172546,2026-03-05 22:57:51.719323,C1090,10.1,cash,69.89,01284212677,delivered
102673,R44,Nasr City,2026-03-05 22:31:00,2026-03-05 22:54:49.559320,2026-03-05 22:52:18.311110,C1183,1.7,cash,116.7,01543880220,delivered
102249,R105,Nasr City,2026-03-05 22:50:00,2026-03-05 23:17:16.010709,2026-03-05 23:18:02.407568,C1004,5.6,cash,391.95,01294554613,delivered
102290,R119,Maadi,2026-03-06 07:05:00,2026-03-06 07:37:06.385575,2026-03-06 07:36:18.469259,C1059,5.8,wallet,424.53,1211449890,delivered
100592,R38,Nasr City,2026-03-06 07:22:00,2026-03-06 07:56:35.471223,2026-03-06 07:53:59.622419,C1054,7.7,wallet,176.39,01593100656,delivered
101614,R23,maadi,2026-03-06 07:24:00,2026-03-06 07:47:31.388403,2026-03-06 07:50:17.504063,C1097,3.1,wallet,348.92,01235144096,delivered
101381,R92,Nasr City,2026-03-06 07:24:00,2026-03-06 08:02:37.550547,2026-03-06 08:01:32.799578,C1174,6.8,cash,219.73,01082637364,delivered
100157,R39,Maadi,2026-03-06 08:27:00,2026-03-06 09:16:06.516753,2026-03-06 09:18:37.122004,C1130,12.0,card,301.77,01291193028,delivered
101228,R62,Maadi,2026-03-06 08:45:00,2026-03-06 09:27:11.992534,2026-03-06 09:22:44.574906,C1007,4.6,card,357.82,01355435689,delivered
100669,R90,maadi,2026-03-06 09:22:00,2026-03-06 09:39:06.493566,2026-03-06 09:36:42.443468,C1142,3.4,card,338.88,01248085317,delivered
102775,R71,Nasr City,2026-03-06 09:35:00,2026-03-06 10:16:55.846513,2026-03-06 10:12:01.706899,C1086,7.4,card,353.56,01526652789,delivered
101249,R103,Heliopolis,2026-03-06 10:31:00,2026-03-06 11:19:35.185077,2026-03-06 11:15:45.436621,C1052,11.7,card,351.09,01038335180,delivered
100494,R90,El Maadi,2026-03-06 10:41:00,2026-03-06 10:58:04.840001,2026-03-06 10:59:05.354874,C1072,1.3,cash,429.16,01517925732,delivered
101674,R52,Nasr City,2026-03-06 10:44:00,2026-03-06 11:12:25.586640,2026-03-06 11:08:32.459717,C1192,2.4,card,69.01,1118270661,delivered
102549,R24,Maadi,2026-03-06 11:02:00,2026-03-06 11:51:24.757190,2026-03-06 11:53:39.787664,C1150,11.4,card,402.01,01289331032,delivered
102242,R60,Mohandessin,2026-03-06 11:09:00,2026-03-06 11:53:18.623702,2026-03-06 11:54:12.892375,C1194,11.0,wallet,109.27,01293898594,delivered
100558,R86,Maadi,2026-03-06 11:16:00,2026-03-06 11:51:07.983556,2026-03-06 11:55:09.548421,C1034,8.4,cash,253.19,011-4606-4792,delivered
100683,R79,Dokki,2026-03-06 11:21:00,2026-03-06 11:48:12.206999,2026-03-06 11:52:04.534158,C1015,2.7,card,359.79,01180741032,delivered
100070,R53,Zamalek,2026-03-06 11:27:00,2026-03-06 12:00:22.145455,2026-03-06 12:02:05.504114,C1152,5.7,wallet,380.28,01132778142,delivered
100008,R15,El Maadi,2026-03-06 11:48:00,2026-03-06 12:02:16.504870,2026-03-06 12:04:28.182644,C1115,2.9,card,287.8,01570141,delivered
100545,R72,Nasr City,2026-03-06 12:12:00,2026-03-06 12:50:15.927466,2026-03-06 12:51:27.011685,C1134,8.2,cash,335.48,01211954379,delivered
101401,R106,El Maadi,2026-03-06 13:04:00,2026-03-06 13:45:16.950629,2026-03-06 13:40:21.446938,C1068,6.8,cash,62.0,01507985022,delivered
102925,R8,Dokki,2026-03-06 13:06:00,2026-03-06 13:18:54.928676,2026-03-06 13:19:28.501728,C1108,1.5,wallet,287.56,01190110390,delivered
102000,R60,Heliopolis,2026-03-06 13:15:00,2026-03-06 13:57:51.040807,2026-03-06 13:53:59.019514,C1142,5.7,cash,89.25,01522522257,delivered
101562,R91,Nasr City,2026-03-06 13:29:00,2026-03-06 13:46:08.367954,2026-03-06 13:46:21.553775,C1105,1.4,card,237.07,01069315635,delivered
100609,R27,Maadi,2026-03-06 14:02:00,2026-03-06 14:24:01.262711,2026-03-06 14:28:48.870383,C1055,4.3,card,258.58,1039919657,delivered
101006,R109,Mohandessin,2026-03-06 14:15:00,2026-03-06 15:07:04.766486,2026-03-06 15:03:23.293523,C1055,10.3,card,170.2,01555182519,delivered
102716,R25,Nasr City,2026-03-06 14:42:00,2026-03-06 15:34:39.534114,,,10.2,cash,379.02,01286655588,cancelled
101049,R48,Dokki,2026-03-06 15:30:00,2026-03-06 16:13:17.221223,2026-03-06 16:13:20.200287,C1135,11.4,cash,229.13,01134242077,delivered
102483,R18,Mohandessin,2026-03-06 15:39:00,2026-03-06 16:16:21.921397,2026-03-06 16:15:31.131451,C1106,8.7,cash,274.03,01063275061,delivered
102765,R130,Nasr City,2026-03-06 15:43:00,2026-03-06 16:16:07.226211,2026-03-06 16:16:35.303065,C1090,7.6,cash,268.55,01135944763,delivered
100680,R109,Mohandessin,2026-03-06 15:49:00,2026-03-06 16:23:01.663400,2026-03-06 16:26:51.865044,C1028,7.5,cash,336.34,01598535748,delivered
100294,R125,Maadi,2026-03-06 15:59:00,2026-03-06 16:24:35.281283,2026-03-06 16:26:14.223490,C1108,7.1,cash,216.85,01087791502,delivered
102936,R79,Zamalek,2026-03-06 16:11:00,2026-03-06 16:54:10.107747,,,8.1,card,147.09,01241558574,cancelled
101113,R33,Dokki,2026-03-06 16:27:00,2026-03-06 17:06:33.067437,2026-03-06 17:05:19.288582,C1092,5.9,cash,325.06,01011439242,delivered
102607,R4,Maadi,2026-03-06 16:42:00,2026-03-06 17:05:23.932341,2026-03-06 17:06:00.120680,C1013,5.5,cash,69.96,01055922641,delivered
101399,R68,Nasr City,2026-03-06 16:48:00,2026-03-06 17:01:50.333960,2026-03-06 17:05:57.925749,C1145,3.2,cash,218.17,01055553450,delivered
100011,R124,Maadi,2026-03-06 16:54:00,2026-03-06 17:15:57.911601,2026-03-06 17:14:40.464971,C1061,3.5,cash,431.63,01259299115,delivered
100716,R138,maadi,2026-03-06 16:58:00,2026-03-06 17:41:57.957704,,C1113,8.4,card,227.47,01911950450,cancelled
100784,R58,Zamalek,2026-03-06 17:25:00,2026-03-06 17:53:48.279616,2026-03-06 17:49:59.058613,,2.9,card,201.38,01121567341,delivered
100993,R148,Heliopolis,2026-03-06 17:48:00,2026-03-06 18:18:57.052463,2026-03-06 18:18:57.432410,C1092,6.6,cash,165.15,01274818922,delivered
101777,R135,Zamalek,2026-03-06 18:31:00,2026-03-06 19:00:27.020676,2026-03-06 19:04:48.080677,C1179,6.0,cash,385.02,01552041628,delivered
102953,R31,Dokki,2026-03-06 18:39:00,2026-03-06 19:09:24.685513,2026-03-06 19:07:31.020918,C1076,2.8,card,432.34,01144171892,delivered
101327,R67,Nasr City,2026-03-06 19:10:00,2026-03-06 19:54:19.012091,2026-03-06 19:53:53.718765,C1160,10.2,wallet,271.76,01159245148,delivered
100605,R112,Zamalek,2026-03-06 19:22:00,2026-03-06 19:58:25.237749,2026-03-06 20:01:17.056507,C1141,10.9,cash,73.83,01506159059,delivered
101543,R50,Maadi,2026-03-06 20:41:00,2026-03-06 21:05:36.225769,2026-03-06 21:07:40.814300,C1130,4.0,card,431.32,01177108969,delivered
102003,R74,Maadi,2026-03-06 21:42:00,2026-03-06 22:12:20.809783,2026-03-06 22:13:55.962712,C1172,6.0,cash,71.03,01117742971,delivered
101104,R21,Heliopolis,2026-03-06 22:20:00,2026-03-06 22:43:52.231786,2026-03-06 22:41:38.784356,C1019,3.5,card,329.89,01050275655,delivered
100756,R142,El Maadi,2026-03-06 22:38:00,2026-03-06 23:12:25.875326,,C1187,7.5,wallet,415.45,012-5192-4294,cancelled
100569,R10,Heliopolis,2026-03-07 07:03:00,2026-03-07 07:30:29.084447,2026-03-07 07:32:45.215241,C1155,6.6,cash,443.39,01270721406,delivered
100538,R117,Heliopolis,2026-03-07 07:10:00,2026-03-07 07:32:35.557767,2026-03-07 07:33:35.004849,C1065,2.5,wallet,290.68,01092311217,delivered
100455,R51,Nasr City,2026-03-07 07:35:00,2026-03-07 08:27:35.155314,2026-03-07 08:24:42.830270,C1181,11.5,card,293.25,01033843345,delivered
101771,R112,Zamalek,2026-03-07 07:56:00,2026-03-07 08:35:43.497736,2026-03-07 08:39:38.950227,C1193,10.2,cash,112.76,01510813434,delivered
102940,R52,Nasr City,2026-03-07 09:13:00,2026-03-07 09:28:23.176859,2026-03-07 09:30:31.723778,C1110,1.9,card,234.29,01112993674,delivered
101733,R148,Maadi,2026-03-07 09:33:00,2026-03-07 10:06:14.962710,,C1109,8.5,wallet,240.25,01046839011,cancelled
100814,R14,Dokki,2026-03-07 09:33:00,2026-03-07 09:54:34.005853,2026-03-07 09:53:45.431989,C1080,3.3,cash,177.08,01238284330,delivered
101689,R120,Heliopolis,2026-03-07 09:46:00,2026-03-07 10:27:38.276797,2026-03-07 10:23:50.378247,C1189,7.8,wallet,221.84,01008888137,delivered
100118,R95,Nasr City,2026-03-07 10:44:00,2026-03-07 11:16:13.894324,2026-03-07 11:11:24.957006,C1009,4.9,card,298.06,01527018466,delivered
102909,R132,Maadi,2026-03-07 10:53:00,2026-03-07 11:37:31.746869,2026-03-07 11:35:07.395548,C1160,11.8,card,444.62,01290418699,delivered
102805,R30,Dokki,2026-03-07 11:09:00,2026-03-07 11:58:12.279146,2026-03-07 11:58:30.627773,,9.0,cash,249.68,01126321032,delivered
101280,R113,Dokki,2026-03-07 11:13:00,2026-03-07 11:43:54.494688,2026-03-07 11:44:26.810917,C1188,4.2,wallet,398.82,01284304288,delivered
101857,R82,Heliopolis,2026-03-07 11:34:00,2026-03-07 11:54:25.995580,2026-03-07 11:54:54.004857,C1022,3.1,card,288.93,01371702929,delivered
102340,R144,Maadi,2026-03-07 12:07:00,2026-03-07 12:54:08.320115,2026-03-07 12:58:00.916512,C1141,10.2,card,218.79,01110354056,delivered
101167,R21,maadi,2026-03-07 12:08:00,2026-03-07 12:25:25.378712,2026-03-07 12:29:22.387638,C1163,2.4,card,105.43,01137827176,delivered
102626,R81,Maadi,2026-03-07 12:40:00,2026-03-07 13:23:13.504377,2026-03-07 13:23:58.083307,C1001,10.0,cash,290.02,01282027314,delivered
100194,R148,Dokki,2026-03-07 12:41:00,2026-03-07 13:22:01.107497,,C1000,6.6,cash,82.5,01018115221,cancelled
102366,R96,Mohandessin,2026-03-07 13:21:00,2026-03-07 13:53:59.398353,2026-03-07 13:52:13.955058,C1132,6.0,cash,254.14,01516930029,delivered
100074,R90,Nasr City,2026-03-07 13:49:00,2026-03-07 14:32:50.799692,2026-03-07 14:28:20.475175,C1186,8.8,cash,223.28,01083513721,delivered
102329,R69,Nasr City,2026-03-07 14:48:00,2026-03-07 15:34:21.588497,2026-03-07 22:48:00.000000,C1112,7.3,cash,310.79,01522266921,delivered
100978,R136,Zamalek,2026-03-07 15:01:00,2026-03-07 15:47:02.965682,2026-03-07 15:43:57.225917,C1015,11.6,card,307.26,01119672734,delivered
101752,R43,El Maadi,2026-03-07 15:14:00,2026-03-07 15:50:49.461332,2026-03-07 15:46:14.126623,C1006,2.0,cash,387.07,01077237558,delivered
100597,R47,Dokki,2026-03-07 15:41:00,2026-03-07 16:00:59.175793,2026-03-07 16:03:39.829689,C1157,1.6,card,81.64,01111070530,delivered
101566,R5,maadi,2026-03-07 15:45:00,2026-03-07 16:15:09.765285,2026-03-07 16:10:26.483555,C1054,3.7,wallet,441.4,011-8796-5223,delivered
101229,R89,Nasr City,2026-03-07 15:48:00,2026-03-07 16:26:59.443188,2026-03-07 16:25:00.354234,C1182,8.4,cash,352.41,01521389184,delivered
102562,R125,Zamalek,2026-03-07 15:56:00,2026-03-07 16:37:28.473812,2026-03-07 16:33:34.918049,C1024,6.0,card,304.68,01289861414,delivered
101789,R144,Dokki,2026-03-07 16:28:00,2026-03-07 17:09:38.654299,2026-03-07 17:12:04.129613,C1145,10.8,wallet,334.52,01030657096,delivered
101032,R134,Mohandessin,2026-03-07 16:57:00,2026-03-07 17:27:06.914382,2026-03-07 17:23:38.893325,C1156,4.0,cash,266.84,01259725886,delivered
100521,R131,Heliopolis,2026-03-07 17:20:00,2026-03-07 17:52:58.777159,2026-03-07 17:55:04.891996,C1121,8.1,cash,324.29,01298834298,delivered
102013,R40,Zamalek,2026-03-07 17:43:00,2026-03-07 18:08:17.986646,2026-03-07 18:10:52.136220,C1169,4.9,wallet,76.28,01138902688,delivered
102647,R144,Zamalek,2026-03-07 17:44:00,2026-03-07 18:15:16.562072,2026-03-07 18:18:10.287491,C1157,5.4,card,205.33,01271663211,delivered
102848,R143,Maadi,2026-03-07 18:56:00,2026-03-07 19:18:27.762121,2026-03-07 19:16:17.063981,C1033,1.2,card,87.83,0115789,delivered
100700,R148,Maadi,2026-03-07 19:01:00,2026-03-07 19:21:58.172772,2026-03-07 19:17:07.738235,C1094,2.9,cash,262.35,01547688233,cancelled
101571,R116,Mohandessin,2026-03-07 19:02:00,2026-03-07 19:38:23.496219,2026-03-07 19:41:52.428718,C1174,9.3,cash,414.67,01234923839,delivered
102408,R28,Heliopolis,2026-03-07 19:39:00,2026-03-07 20:14:32.854403,2026-03-07 20:12:32.866456,C1050,7.4,card,411.24,01585537339,delivered
100657,R22,Maadi,2026-03-07 20:10:00,2026-03-07 20:47:44.105165,2026-03-07 20:52:25.373520,C1028,11.3,cash,179.51,01180182051,delivered
100131,R139,Dokki,2026-03-07 20:28:00,2026-03-07 20:57:48.538523,2026-03-07 21:00:52.377760,C1179,5.8,wallet,96.79,01500261067,delivered
102670,R61,Heliopolis,2026-03-07 21:15:00,2026-03-07 21:34:26.997338,2026-03-07 21:36:34.536291,C1041,2.4,cash,67.9,01021974909,delivered
101951,R52,Nasr City,2026-03-07 21:28:00,2026-03-07 21:39:30.603096,2026-03-07 21:41:27.108375,C1126,3.0,card,277.45,01102114862,delivered
101930,R88,Dokki,2026-03-08 07:53:00,2026-03-08 08:15:44.319918,2026-03-08 08:11:11.137211,C1017,1.2,cash,193.25,01177383773,delivered
100067,R44,Dokki,2026-03-08 08:28:00,2026-03-08 09:06:54.712853,2026-03-08 09:08:21.604370,C1126,6.0,card,219.89,01282851300,delivered
101248,R61,Zamalek,2026-03-08 08:52:00,2026-03-08 09:27:57.944184,2026-03-08 09:32:43.035214,C1075,9.8,card,284.54,01033098218,delivered
101992,R136,Nasr City,2026-03-08 08:54:00,2026-03-08 09:18:54.751180,2026-03-08 09:23:14.669913,C1022,3.3,card,133.86,015073620,delivered
101274,R108,Maadi,2026-03-08 09:48:00,2026-03-08 10:30:56.635074,,C1152,10.5,card,213.28,01286051645,cancelled
101103,R149,Maadi,2026-03-08 10:05:00,2026-03-08 10:48:15.744365,2026-03-08 10:49:46.054057,C1107,9.6,cash,141.17,01265685,delivered
101210,R128,Zamalek,2026-03-08 11:03:00,2026-03-08 11:33:03.798673,2026-03-08 11:37:46.678185,C1110,6.6,wallet,143.45,01152345173,delivered
102091,R84,Maadi,2026-03-08 11:14:00,2026-03-08 12:05:18.040576,2026-03-08 12:02:44.532039,C1142,10.8,cash,78.25,01119404039,delivered
101553,R42,Zamalek,2026-03-08 11:33:00,2026-03-08 12:12:10.250975,2026-03-08 12:17:03.305640,,9.2,cash,98.03,01056769683,delivered
100507,R128,Dokki,2026-03-08 11:46:00,2026-03-08 12:14:10.715932,2026-03-08 12:09:48.736720,C1085,1.4,wallet,143.53,01268742106,delivered
100095,R36,Zamalek,2026-03-08 12:07:00,2026-03-08 12:45:11.117868,2026-03-08 12:43:52.681573,C1180,5.8,wallet,254.19,01086946488,delivered
102141,R28,Nasr City,2026-03-08 12:21:00,2026-03-08 12:44:14.045026,2026-03-08 12:46:40.075033,C1121,2.4,card,411.85,01157808622,delivered
100379,R80,Dokki,2026-03-08 12:22:00,2026-03-08 13:11:27.614651,2026-03-08 13:08:00.854451,C1132,7.6,cash,230.18,01522501556,delivered
101433,R74,Maadi,2026-03-08 12:28:00,2026-03-08 13:10:44.175845,2026-03-08 13:11:17.354356,C1004,5.8,card,442.14,01133366426,delivered
100526,R95,maadi,2026-03-08 13:00:00,2026-03-08 13:24:34.379861,2026-03-08 13:20:08.819336,C1107,1.2,cash,207.96,01244063369,delivered
101118,R18,Nasr City,2026-03-08 13:44:00,2026-03-08 14:10:48.094437,2026-03-08 14:13:09.230124,C1128,4.0,cash,362.62,01249340409,delivered
102341,R103,Maadi,2026-03-08 13:59:00,2026-03-08 14:45:45.343417,,C1038,9.8,wallet,370.77,01691483577,cancelled
101037,R76,Dokki,2026-03-08 14:01:00,2026-03-08 14:28:44.487516,,C1127,4.3,card,384.12,01094965326,cancelled
101795,R45,Maadi,2026-03-08 14:21:00,2026-03-08 15:01:04.177823,2026-03-08 14:57:40.647069,C1053,6.6,wallet,364.23,01044661638,delivered
100427,R121,Mohandessin,2026-03-08 15:35:00,2026-03-08 16:11:53.019955,2026-03-08 16:11:25.696992,,6.8,cash,266.03,015-5037-7289,delivered
100226,R102,Zamalek,2026-03-08 16:02:00,2026-03-08 16:12:00.000000,2026-03-08 16:11:38.181641,,1.3,cash,189.2,01548778179,delivered
100181,R38,Maadi,2026-03-08 16:06:00,2026-03-08 16:45:18.257144,2026-03-08 16:46:02.564325,C1051,7.0,cash,313.82,01095481667,delivered
102266,R117,Mohandessin,2026-03-08 16:57:00,2026-03-08 17:12:52.380392,2026-03-08 17:15:44.980410,,2.6,wallet,393.92,01128534738,delivered
102666,R81,Dokki,2026-03-08 17:05:00,2026-03-08 17:25:13.930865,2026-03-08 17:26:16.954155,C1183,6.3,cash,419.74,01561071848,delivered
100773,R50,Zamalek,2026-03-08 17:12:00,2026-03-08 17:42:52.540936,2026-03-08 17:40:47.349109,C1060,7.3,wallet,329.77,01595054726,delivered
101840,R19,Zamalek,2026-03-08 17:22:00,2026-03-08 18:09:39.738449,2026-03-08 18:13:33.761611,C1192,9.1,cash,424.39,01284125754,delivered
101734,R26,Zamalek,2026-03-08 17:33:00,2026-03-08 18:08:41.933013,,C1056,7.6,cash,161.85,01226922646,cancelled
101184,R51,Dokki,2026-03-08 17:36:00,2026-03-08 18:32:25.983422,2026-03-08 18:36:30.563809,C1076,11.7,cash,395.53,01516123290,delivered
101650,R97,Zamalek,2026-03-08 18:21:00,2026-03-08 18:49:04.207482,2026-03-08 18:47:09.952071,C1119,4.8,cash,66.49,01167659626,delivered
100213,R128,Heliopolis,2026-03-08 19:12:00,2026-03-08 19:43:44.806160,,C1191,6.5,cash,378.38,01273348949,cancelled
100250,R66,Maadi,2026-03-08 19:34:00,2026-03-08 19:58:39.314783,2026-03-08 19:59:33.961353,C1167,3.1,card,413.03,01145433960,delivered
100491,R106,Heliopolis,2026-03-08 19:56:00,2026-03-08 20:30:19.955986,2026-03-08 20:28:22.732419,C1178,7.5,card,150.89,01274931014,delivered
102059,R87,Zamalek,2026-03-08 20:02:00,2026-03-08 20:41:13.846734,2026-03-08 20:40:31.687623,,9.6,cash,343.64,01059901522,delivered
102871,R109,Maadi,2026-03-08 20:16:00,2026-03-08 20:37:33.593523,2026-03-08 20:42:12.970027,C1015,1.8,card,254.22,01088035113,delivered
100137,R55,Maadi,2026-03-08 20:19:00,2026-03-08 20:56:26.316417,2026-03-08 20:52:02.694862,C1093,5.1,cash,136.81,01163323659,delivered
100017,R22,El Maadi,2026-03-08 21:03:00,2026-03-08 21:44:06.265861,2026-03-08 21:42:12.466665,C1184,7.5,cash,171.04,01115070118,delivered
101102,R70,Mohandessin,2026-03-08 21:44:00,2026-03-08 22:25:59.049542,2026-03-08 22:30:34.512921,C1120,11.6,cash,405.22,01187264393,delivered
101154,R58,Heliopolis,2026-03-08 22:07:00,2026-03-08 22:48:43.728058,2026-03-08 22:53:41.444553,C1058,10.5,cash,283.68,01589652154,delivered
101060,R73,Heliopolis,2026-03-08 22:19:00,2026-03-08 22:56:27.588077,2026-03-08 22:51:44.635128,C1109,4.8,wallet,61.69,01541283704,delivered
102523,R146,Heliopolis,2026-03-09 07:14:00,2026-03-09 07:54:57.137368,2026-03-09 07:54:08.864866,C1086,6.4,card,306.07,01018477875,delivered
101425,R116,Mohandessin,2026-03-09 07:35:00,2026-03-09 07:56:21.614445,2026-03-09 07:59:44.434111,C1136,4.5,cash,354.23,01095641663,delivered
102949,R83,Nasr City,2026-03-09 07:51:00,2026-03-09 08:26:38.732096,2026-03-09 08:30:16.634348,C1195,7.7,card,235.05,01289994211,delivered
101519,R5,Nasr City,2026-03-09 08:00:00,2026-03-09 08:12:15.838543,2026-03-09 08:11:50.052460,C1076,2.2,wallet,273.87,01570774581,delivered
100800,R56,Nasr City,2026-03-09 08:30:00,2026-03-09 09:05:04.248848,2026-03-09 09:05:12.979869,C1130,9.8,wallet,102.72,01068378081,delivered
101607,R38,Nasr City,2026-03-09 08:39:00,2026-03-09 09:13:52.841752,2026-03-09 09:13:48.630262,C1107,8.5,wallet,306.76,01579915397,delivered
101720,R137,Zamalek,2026-03-09 08:40:00,2026-03-09 09:00:38.958686,2026-03-09 09:00:19.316990,C1112,7.2,cash,167.62,01291318882,delivered
100467,R98,Dokki,2026-03-09 09:08:00,2026-03-09 09:36:13.876710,2026-03-09 09:41:08.768488,C1180,7.1,cash,235.84,01134665592,delivered
102271,R136,Zamalek,2026-03-09 09:11:00,2026-03-09 09:29:47.576866,2026-03-09 09:27:01.053844,C1106,1.4,wallet,388.67,01235799499,delivered
100768,R19,Mohandessin,2026-03-09 09:18:00,2026-03-09 10:05:07.875054,2026-03-09 10:02:05.148840,C1192,10.3,cash,369.79,01543259677,delivered
102471,R19,Nasr City,2026-03-09 10:05:00,2026-03-09 10:39:24.823306,2026-03-09 10:37:38.165769,C1004,5.5,card,197.77,01023117879,delivered
100878,R123,El Maadi,2026-03-09 10:24:00,2026-03-09 10:46:13.152241,2026-03-09 10:48:36.141528,C1142,2.4,wallet,181.91,01226031000,delivered
100330,R19,Maadi,2026-03-09 10:30:00,2026-03-09 11:01:42.563772,2026-03-09 10:58:35.803305,C1163,3.9,cash,72.2,010-3939-4770,delivered
100223,R47,Zamalek,2026-03-09 11:14:00,2026-03-09 12:06:59.088995,2026-03-09 12:04:05.204537,C1182,10.5,cash,92.35,01546850229,delivered
101469,R123,Maadi,2026-03-09 11:21:00,2026-03-09 12:07:30.543191,2026-03-09 12:02:40.200857,C1153,8.4,cash,366.77,012-8318-0110,delivered
101542,R48,Heliopolis,2026-03-09 11:44:00,2026-03-09 12:26:58.178763,2026-03-09 12:28:24.867867,,11.6,card,228.21,010-5930-8769,delivered
100755,R34,Nasr City,2026-03-09 11:45:00,2026-03-09 12:00:06.200414,2026-03-09 11:58:51.934058,C1000,1.6,cash,290.88,01073623798,delivered
102056,R116,Nasr City,2026-03-09 12:16:00,2026-03-09 12:44:50.415356,2026-03-09 12:47:14.784858,C1068,7.8,cash,85.77,01294377191,delivered
102135,R89,Maadi,2026-03-09 12:21:00,2026-03-09 13:06:18.145561,2026-03-09 13:05:44.215965,C1121,9.7,cash,249.01,01138749320,delivered
100629,R6,Dokki,2026-03-09 13:03:00,2026-03-09 13:42:48.398644,2026-03-09 13:39:41.640672,C1169,7.1,card,422.52,01147497099,delivered
102914,R99,Nasr City,2026-03-09 13:10:00,2026-03-09 13:41:28.063651,2026-03-09 13:37:38.914030,C1025,3.3,card,263.31,01067470033,delivered
101808,R130,Heliopolis,2026-03-09 13:40:00,2026-03-09 14:25:18.766381,2026-03-09 14:26:51.095370,C1110,11.4,card,269.33,01560745317,delivered
102852,R116,Zamalek,2026-03-09 14:06:00,2026-03-09 14:43:33.349616,2026-03-09 14:40:33.798503,C1061,5.7,cash,60.62,01098971647,delivered
101854,R127,Nasr City,2026-03-09 14:08:00,2026-03-09 14:18:42.819436,2026-03-09 14:18:26.342025,C1085,2.0,cash,87.87,01181578235,delivered
102545,R99,Nasr City,2026-03-09 15:51:00,2026-03-09 16:30:15.542283,2026-03-09 16:32:53.502697,C1008,8.4,cash,79.96,01150866931,delivered
102808,R81,Nasr City,2026-03-09 15:57:00,2026-03-09 16:36:00.829170,2026-03-09 16:39:27.029719,C1001,8.8,wallet,271.34,01136708711,delivered
100454,R110,Heliopolis,2026-03-09 17:22:00,2026-03-09 18:01:16.828101,2026-03-09 17:58:40.784981,C1073,6.2,cash,295.24,01557688136,delivered
100849,R49,Nasr City,2026-03-09 17:59:00,2026-03-09 18:40:29.309024,2026-03-09 18:39:28.075495,C1109,8.3,card,390.79,01058457444,delivered
100322,R147,Heliopolis,2026-03-09 18:10:00,2026-03-09 18:56:26.881398,2026-03-09 18:54:28.479391,C1193,9.0,cash,103.79,01258356736,delivered
100717,R4,Maadi,2026-03-09 18:22:00,2026-03-09 19:01:57.429262,,,6.6,cash,201.05,01500595064,cancelled
100877,R99,Nasr City,2026-03-09 18:30:00,2026-03-09 18:48:02.308108,2026-03-09 18:48:23.235235,C1020,1.5,cash,80.2,01264586792,delivered
100991,R43,Maadi,2026-03-09 18:42:00,2026-03-09 19:03:31.811713,2026-03-09 19:04:43.642421,C1092,1.8,wallet,374.6,01089105992,delivered
102531,R10,Dokki,2026-03-09 19:02:00,2026-03-09 19:46:37.154785,2026-03-09 19:47:41.766527,C1066,11.7,cash,394.38,01199479686,delivered
100171,R86,Heliopolis,2026-03-09 19:20:00,2026-03-09 19:48:58.603884,,C1199,6.4,cash,188.22,01291002826,cancelled
100559,R44,Heliopolis,2026-03-09 19:36:00,2026-03-09 20:20:17.782328,2026-03-09 20:19:56.221946,C1023,9.3,cash,249.8,01622227441,delivered
101422,R51,Zamalek,2026-03-09 20:06:00,2026-03-09 20:50:04.136539,2026-03-09 20:52:07.716684,,9.5,card,342.03,01041493072,delivered
102444,R59,Nasr City,2026-03-09 20:19:00,2026-03-09 21:10:48.621736,2026-03-09 21:12:11.229672,C1062,11.2,cash,227.59,01013248835,delivered
102126,R51,Maadi,2026-03-09 21:04:00,2026-03-09 21:40:09.964819,2026-03-09 21:38:43.605864,C1188,8.4,cash,342.69,01233840404,delivered
102622,R49,El Maadi,2026-03-09 21:24:00,2026-03-09 22:08:54.083537,2026-03-09 22:06:26.189214,C1034,10.2,cash,196.95,01048217058,delivered
102154,R68,Zamalek,2026-03-09 21:32:00,2026-03-09 21:53:47.401854,2026-03-09 21:58:19.100306,C1129,3.9,cash,411.43,01216504836,delivered
100719,R78,Heliopolis,2026-03-09 21:44:00,2026-03-09 22:18:37.848191,2026-03-09 22:19:44.333113,C1020,8.4,wallet,436.06,01591904972,delivered
102522,R62,Zamalek,2026-03-09 21:53:00,2026-03-09 22:32:52.251015,2026-03-09 22:37:28.478899,C1033,8.3,cash,420.18,01150629266,delivered
100902,R18,Dokki,2026-03-09 22:50:00,2026-03-09 23:22:38.129520,,C1092,5.6,card,82.62,01221066378,cancelled
100378,R47,Nasr City,2026-03-10 07:06:00,2026-03-10 07:48:29.731214,,C1083,9.7,card,254.35,01221863302,cancelled
101373,R29,Dokki,2026-03-10 07:14:00,2026-03-10 07:46:54.184834,,C1161,5.8,wallet,158.88,01532529782,cancelled
100757,R145,Maadi,2026-03-10 07:53:00,2026-03-10 08:32:45.401803,2026-03-10 08:30:21.486469,C1130,10.8,cash,439.95,01290708584,delivered
102958,R72,Maadi,2026-03-10 07:53:00,2026-03-10 08:16:32.061567,2026-03-10 08:18:58.438654,C1045,4.8,cash,377.34,01077015377,delivered
102926,R10,El Maadi,2026-03-10 09:06:00,2026-03-10 09:34:12.650209,2026-03-10 09:37:50.723974,C1165,4.9,cash,242.65,01625676235,delivered
100444,R20,Maadi,2026-03-10 09:08:00,2026-03-10 09:58:10.142900,2026-03-10 09:58:54.705782,C1186,11.0,cash,164.17,012-6696-6006,delivered
100484,R110,Maadi,2026-03-10 10:02:00,2026-03-10 10:35:22.666269,2026-03-10 10:37:15.398388,C1042,7.9,card,157.85,01582499666,delivered
101323,R43,El Maadi,2026-03-10 10:24:00,2026-03-10 10:58:09.370577,2026-03-10 10:57:16.069585,C1147,6.0,cash,64.34,01199694950,delivered
100426,R20,Heliopolis,2026-03-10 10:35:00,2026-03-10 10:59:26.597942,2026-03-10 10:55:01.256350,C1186,1.6,wallet,262.27,01088753885,delivered
101888,R10,Dokki,2026-03-10 11:30:00,2026-03-10 12:00:36.766985,2026-03-10 11:57:46.068193,C1152,4.2,cash,72.57,01569077905,delivered
102636,R121,Dokki,2026-03-10 11:34:00,2026-03-10 12:00:35.353188,2026-03-10 12:03:40.708259,C1073,4.4,wallet,263.47,01276918380,delivered
100642,R138,Dokki,2026-03-10 11:35:00,2026-03-10 12:03:46.955990,2026-03-10 12:04:06.641251,C1135,5.3,wallet,72.22,01292350981,delivered
100138,R9,Nasr City,2026-03-10 11:57:00,2026-03-10 12:26:52.949567,2026-03-10 12:29:49.153141,C1070,6.7,card,444.82,01004501770,delivered
100767,R143,Dokki,2026-03-10 12:46:00,2026-03-10 13:14:11.679049,2026-03-10 13:16:40.050967,C1156,5.0,card,213.14,01591971029,delivered
101661,R146,Dokki,2026-03-10 12:54:00,2026-03-10 13:34:17.227217,2026-03-10 13:33:18.779477,C1101,3.4,cash,420.88,01051945137,delivered
100920,R86,Nasr City,2026-03-10 14:19:00,2026-03-10 15:02:25.697382,2026-03-10 15:05:22.943222,C1111,8.0,card,296.88,01022623475,delivered
101828,R82,Mohandessin,2026-03-10 14:27:00,2026-03-10 14:59:59.834335,2026-03-10 15:02:21.539624,C1079,5.2,wallet,119.63,01241910315,delivered
102605,R6,Heliopolis,2026-03-10 14:44:00,2026-03-10 15:32:49.615076,2026-03-10 15:36:42.186622,C1020,11.7,cash,428.99,01138080552,delivered
100168,R76,El Maadi,2026-03-10 14:59:00,2026-03-10 15:19:08.599910,2026-03-10 15:14:57.071128,C1006,3.5,card,399.18,01255467961,delivered
101563,R64,Zamalek,2026-03-10 15:15:00,2026-03-10 16:01:48.866617,2026-03-10 15:56:55.385912,C1111,8.5,card,115.98,01069819342,delivered
100928,R81,Nasr City,2026-03-10 16:11:00,2026-03-10 16:53:48.609001,2026-03-10 16:53:49.284906,C1085,8.1,cash,350.6,01946782245,cancelled
102178,R144,Nasr City,2026-03-10 16:20:00,2026-03-10 16:36:17.745816,2026-03-10 16:36:33.736987,C1130,1.8,card,296.15,01268893838,delivered
100441,R69,Zamalek,2026-03-10 16:35:00,2026-03-10 17:05:18.802094,2026-03-10 17:05:08.038033,C1156,5.0,card,173.06,01204791801,delivered
100366,R76,Zamalek,2026-03-10 16:56:00,2026-03-10 17:48:58.376342,2026-03-10 17:48:31.662169,C1163,10.5,card,121.01,01066983708,delivered
102575,R4,Dokki,2026-03-10 17:01:00,2026-03-10 17:44:17.414394,2026-03-10 17:43:36.043074,C1035,10.8,cash,273.59,01265016667,delivered
101326,R52,Zamalek,2026-03-10 18:19:00,2026-03-10 19:01:41.911138,2026-03-10 19:06:37.059803,C1092,11.8,cash,227.84,010-5417-1455,delivered
102114,R92,Zamalek,2026-03-10 18:33:00,2026-03-10 18:58:22.705853,2026-03-10 18:57:48.075168,C1174,4.1,card,354.87,012-9097-0536,delivered
101530,R87,Nasr City,2026-03-10 18:40:00,2026-03-10 19:10:01.312637,2026-03-10 19:08:35.027019,C1169,3.6,cash,118.31,01588958610,delivered
102021,R109,Maadi,2026-03-10 18:40:00,2026-03-10 19:13:41.981230,2026-03-10 19:10:30.538274,C1015,2.7,card,220.68,01193410285,delivered
102376,R107,Dokki,2026-03-10 18:44:00,2026-03-10 19:25:30.703837,2026-03-10 19:28:32.955491,C1181,6.7,cash,316.65,1522950344,delivered
102380,R123,Nasr City,2026-03-10 19:05:00,2026-03-10 19:56:05.157073,2026-03-10 19:53:18.245303,C1082,9.5,cash,88.82,01561285638,delivered
101468,R137,Maadi,2026-03-10 19:13:00,2026-03-10 20:09:58.343107,2026-03-10 20:07:58.545478,C1192,10.6,cash,353.56,01134335942,delivered
102115,R70,El Maadi,2026-03-10 19:21:00,2026-03-10 19:53:38.383429,2026-03-10 19:58:06.175074,C1113,7.4,cash,262.2,01080601310,delivered
101874,R30,maadi,2026-03-10 20:22:00,2026-03-10 20:53:21.851933,2026-03-10 20:52:35.292354,C1091,4.2,cash,241.76,010-0123-8568,delivered
100781,R66,Mohandessin,2026-03-10 20:46:00,2026-03-10 21:25:10.249680,,C1058,6.8,card,387.02,01537514375,cancelled
100899,R134,Mohandessin,2026-03-10 20:49:00,2026-03-10 21:08:47.906138,2026-03-10 21:13:22.305980,C1175,4.9,cash,202.12,01195802985,delivered
102730,R75,Zamalek,2026-03-10 21:21:00,2026-03-10 21:52:20.416612,2026-03-10 21:52:10.154575,C1169,3.6,card,201.71,01051366052,delivered
101426,R51,Zamalek,2026-03-10 21:29:00,2026-03-10 22:26:15.227634,2026-03-10 22:24:54.157287,C1003,11.3,cash,300.49,01575970387,delivered
100350,R5,Heliopolis,2026-03-10 21:45:00,2026-03-10 22:39:31.833662,2026-03-10 21:48:00.000000,C1031,11.5,cash,340.63,01238365001,delivered
102209,R88,Dokki,2026-03-10 22:09:00,2026-03-10 22:29:15.864876,2026-03-10 22:32:11.422409,C1078,2.4,cash,445.05,01157020561,delivered
100286,R64,Heliopolis,2026-03-10 22:19:00,2026-03-10 22:44:55.356884,2026-03-10 22:48:29.301990,C1069,4.1,cash,155.38,01243364414,delivered
101091,R1,Nasr City,2026-03-10 22:29:00,2026-03-10 23:11:43.646988,2026-03-10 23:14:27.485229,C1167,11.7,card,353.95,01171772090,delivered
100662,R115,Heliopolis,2026-03-10 22:32:00,2026-03-10 22:54:16.962763,2026-03-10 22:51:53.824301,C1090,2.6,card,150.73,01117912887,delivered
101540,R79,maadi,2026-03-11 07:44:00,2026-03-11 08:22:00.435050,2026-03-11 08:24:27.382006,C1018,10.1,cash,90.15,01250608005,delivered
100536,R88,El Maadi,2026-03-11 07:47:00,2026-03-11 08:29:46.849315,2026-03-11 08:34:42.179181,C1069,11.0,wallet,182.16,01272778030,delivered
102934,R28,El Maadi,2026-03-11 08:19:00,2026-03-11 08:43:29.936535,2026-03-11 08:43:34.371679,C1023,4.4,cash,147.67,0123079,delivered
101149,R120,Heliopolis,2026-03-11 09:29:00,2026-03-11 10:01:47.596657,2026-03-11 09:59:11.613625,C1105,7.1,cash,421.33,01172121660,delivered
100687,R104,Zamalek,2026-03-11 09:31:00,2026-03-11 10:12:14.873180,2026-03-11 10:08:09.909246,C1025,5.5,card,90.07,01539799412,delivered
102507,R19,Heliopolis,2026-03-11 10:28:00,2026-03-11 11:11:13.538938,2026-03-11 11:14:09.670722,C1153,9.7,cash,227.7,1183256302,delivered
100906,R104,Maadi,2026-03-11 10:39:00,2026-03-11 11:03:22.385788,2026-03-11 10:59:53.535480,C1094,3.6,cash,231.5,01022755948,delivered
101370,R78,Heliopolis,2026-03-11 10:47:00,2026-03-11 11:24:31.153998,2026-03-11 11:27:12.396288,C1024,7.5,cash,361.8,01297048696,delivered
101896,R75,Mohandessin,2026-03-11 11:03:00,2026-03-11 11:24:43.789914,2026-03-11 11:23:59.951244,C1054,3.0,cash,130.37,01011299679,delivered
100856,R52,Mohandessin,2026-03-11 11:10:00,2026-03-11 11:36:37.859971,2026-03-11 11:39:54.719879,C1169,4.4,wallet,377.8,01179741073,delivered
102542,R72,Zamalek,2026-03-11 11:18:00,2026-03-11 11:52:11.570423,2026-03-11 11:51:17.782370,C1137,7.7,wallet,247.99,01119599,delivered
101998,R116,Nasr City,2026-03-11 11:52:00,2026-03-11 12:45:08.003152,2026-03-11 12:40:31.046993,C1012,11.3,card,333.14,01255728915,delivered
100769,R42,Nasr City,2026-03-11 11:56:00,2026-03-11 12:36:41.964601,2026-03-11 12:34:26.190867,C1165,7.4,cash,344.2,01542056607,delivered
102777,R55,Nasr City,2026-03-11 12:27:00,2026-03-11 13:05:30.195164,2026-03-11 13:03:53.708787,C1124,7.9,cash,327.31,011980930,delivered
102134,R17,Dokki,2026-03-11 12:41:00,2026-03-11 13:11:22.268764,2026-03-11 13:11:16.628778,C1061,4.9,wallet,443.92,01107178469,delivered
102089,R62,Dokki,2026-03-11 15:18:00,2026-03-11 15:47:34.597042,2026-03-11 15:47:57.410938,C1002,5.4,wallet,180.7,01685295773,delivered
102199,R60,Zamalek,2026-03-11 15:26:00,2026-03-11 15:57:39.849482,2026-03-11 15:52:48.023883,C1041,4.7,wallet,219.22,01105644836,delivered
102619,R116,Mohandessin,2026-03-11 15:46:00,2026-03-11 16:31:02.527386,2026-03-11 16:26:20.568448,C1172,9.1,wallet,262.08,01900894252,delivered
101383,R106,Nasr City,2026-03-11 15:58:00,2026-03-11 16:22:57.431474,2026-03-11 16:21:06.748476,C1010,3.1,cash,306.55,01255825042,delivered
102127,R45,Zamalek,2026-03-11 16:31:00,2026-03-11 17:23:13.820955,2026-03-11 17:19:45.679979,C1135,9.8,cash,367.68,1100139500,delivered
102856,R116,Maadi,2026-03-11 16:38:00,2026-03-11 17:07:11.980772,2026-03-11 17:11:24.065141,C1075,5.4,card,95.91,01182554300,delivered
100080,R127,maadi,2026-03-11 16:45:00,2026-03-11 17:06:14.746148,2026-03-11 17:07:13.182866,C1151,3.8,cash,428.75,01195906096,delivered
102403,R52,Maadi,2026-03-11 17:22:00,2026-03-11 18:05:45.712049,2026-03-11 18:04:19.868261,C1105,7.8,card,368.58,01549065555,delivered
102472,R47,Maadi,2026-03-11 17:50:00,2026-03-11 18:36:11.410276,2026-03-11 18:41:02.951953,C1190,11.3,cash,334.73,01206682352,delivered
101750,R92,Nasr City,2026-03-11 18:12:00,2026-03-11 18:54:39.631640,2026-03-11 18:51:08.607547,C1019,7.9,card,174.0,01264794245,delivered
102627,R105,Maadi,2026-03-11 18:14:00,2026-03-11 18:37:17.426081,2026-03-11 18:38:17.699124,C1192,3.0,wallet,232.79,01507188730,delivered
100099,R149,Zamalek,2026-03-11 18:50:00,2026-03-11 19:14:20.126655,2026-03-11 19:15:02.827073,,3.3,cash,262.38,01501337132,delivered
102539,R140,Maadi,2026-03-11 18:56:00,2026-03-11 19:34:05.370115,2026-03-11 19:34:16.028433,C1139,6.6,cash,336.89,0112520,delivered
100624,R136,Zamalek,2026-03-11 19:02:00,2026-03-11 19:41:42.544079,2026-03-11 19:46:31.841038,C1148,11.2,card,179.56,01044379581,delivered
100665,R57,Heliopolis,2026-03-11 19:06:00,2026-03-11 19:36:58.149953,2026-03-11 19:39:08.473223,C1000,6.8,cash,131.04,01228831267,delivered
100954,R91,Maadi,2026-03-11 19:37:00,2026-03-11 20:33:58.715539,2026-03-11 20:29:19.068379,C1066,9.3,card,325.15,01091539261,delivered
102600,R92,Maadi,2026-03-11 20:12:00,2026-03-11 20:41:35.416260,2026-03-11 20:46:31.024831,C1022,9.0,card,321.37,01064771149,delivered
102855,R63,Nasr City,2026-03-11 20:41:00,2026-03-11 21:13:31.699690,2026-03-11 21:17:26.452998,C1075,8.1,cash,283.62,01539553094,delivered
100618,R136,Nasr City,2026-03-11 21:17:00,2026-03-11 21:57:07.276573,2026-03-11 21:55:31.352909,C1008,4.7,card,183.97,01033550,delivered
101993,R57,El Maadi,2026-03-11 21:37:00,2026-03-11 22:26:52.640119,2026-03-11 22:24:51.901408,C1114,10.0,card,329.75,01270153697,delivered
101687,R23,Zamalek,2026-03-11 21:54:00,2026-03-11 22:23:55.552331,2026-03-11 22:27:55.405866,C1047,6.1,card,416.99,01238888589,delivered
101334,R113,Mohandessin,2026-03-11 21:56:00,2026-03-11 22:43:38.552610,2026-03-11 22:40:30.381410,C1104,9.8,cash,239.72,01042680060,delivered
102258,R136,Dokki,2026-03-11 22:07:00,2026-03-11 22:34:13.663573,2026-03-11 22:38:51.304880,C1171,4.2,card,413.6,01235339216,delivered
100044,R84,Nasr City,2026-03-11 22:59:00,2026-03-11 23:40:10.270151,2026-03-11 23:37:01.377758,C1034,8.4,card,432.59,01541099712,delivered
102418,R146,Heliopolis,2026-03-12 07:46:00,2026-03-12 08:39:56.090155,2026-03-12 08:35:43.427023,C1141,11.6,cash,262.8,01192327341,delivered
100120,R106,Nasr City,2026-03-12 08:04:00,2026-03-12 08:27:59.358064,2026-03-12 08:27:09.710230,C1169,7.8,cash,348.51,01018547553,delivered
101098,R141,Maadi,2026-03-12 08:53:00,2026-03-12 09:38:49.873855,2026-03-12 09:39:15.078516,C1119,11.1,wallet,137.75,01209550175,delivered
102832,R50,Dokki,2026-03-12 09:10:00,2026-03-12 09:35:58.883861,2026-03-12 09:38:55.719377,C1077,4.6,cash,397.6,01550049568,delivered
101114,R62,Heliopolis,2026-03-12 09:29:00,2026-03-12 09:41:49.698519,2026-03-12 09:46:14.443565,C1052,2.1,card,240.06,01190883413,delivered
101907,R110,Maadi,2026-03-12 09:45:00,2026-03-12 10:17:09.052393,2026-03-12 10:21:13.286033,C1043,8.9,cash,337.08,01146873735,delivered
102475,R36,Dokki,2026-03-12 10:38:00,2026-03-12 11:19:23.396467,2026-03-12 11:16:49.570494,C1101,8.7,cash,299.98,01015490474,delivered
100069,R64,Dokki,2026-03-12 10:39:00,2026-03-12 10:56:07.098611,2026-03-12 10:52:52.912439,C1031,2.2,card,327.6,01090905106,delivered
101737,R21,Zamalek,2026-03-12 10:40:00,2026-03-12 11:15:45.241889,2026-03-12 11:16:49.812499,C1146,9.4,card,351.74,012284495,delivered
100198,R77,Mohandessin,2026-03-12 11:07:00,2026-03-12 11:43:43.439410,2026-03-12 11:46:44.583510,C1022,7.1,cash,438.83,01294602801,delivered
101932,R88,Heliopolis,2026-03-12 11:27:00,2026-03-12 12:02:17.895399,2026-03-12 12:06:48.076909,C1185,6.9,cash,346.74,01052751200,delivered
101950,R120,Heliopolis,2026-03-12 11:49:00,2026-03-12 12:08:01.016058,2026-03-12 12:09:33.755980,C1043,2.4,wallet,157.41,01272951999,delivered
101086,R14,Nasr City,2026-03-12 12:36:00,2026-03-12 12:56:10.634311,2026-03-12 12:59:39.873546,C1133,3.2,wallet,150.69,01124660135,delivered
101155,R64,Zamalek,2026-03-12 12:55:00,2026-03-12 13:12:30.936301,2026-03-12 13:15:20.127148,,1.4,card,193.6,01010761541,delivered
101232,R122,Dokki,2026-03-12 13:10:00,2026-03-12 13:52:31.431810,2026-03-12 13:55:18.952162,C1173,10.7,cash,218.55,01066162286,delivered
102957,R10,Maadi,2026-03-12 13:44:00,2026-03-12 14:25:07.299873,2026-03-12 14:22:56.519813,C1073,8.8,card,397.49,01111367964,delivered
100219,R117,Heliopolis,2026-03-12 13:54:00,2026-03-12 14:39:21.929287,2026-03-12 14:39:12.457396,C1149,9.8,wallet,187.95,01102049587,delivered
100275,R116,Heliopolis,2026-03-12 14:00:00,2026-03-12 14:30:53.688349,2026-03-12 14:27:46.317902,C1026,5.4,cash,289.71,01291512364,delivered
100738,R88,Maadi,2026-03-12 14:11:00,2026-03-12 14:58:42.590492,2026-03-12 14:56:46.607010,C1085,9.1,card,87.9,01157217949,delivered
102228,R79,El Maadi,2026-03-12 14:24:00,2026-03-12 15:06:06.018059,2026-03-12 15:01:43.628319,C1133,10.3,cash,241.72,1024283041,delivered
101712,R50,Zamalek,2026-03-12 14:25:00,2026-03-12 14:46:01.660353,2026-03-12 14:46:18.517090,C1161,5.1,wallet,263.89,01290121901,delivered
102354,R45,El Maadi,2026-03-12 14:42:00,2026-03-12 15:18:02.508882,2026-03-12 15:21:43.483775,C1008,7.0,cash,253.58,01028508268,delivered
100650,R15,Dokki,2026-03-12 14:56:00,2026-03-12 15:35:37.415084,2026-03-12 15:38:07.491390,C1120,7.3,cash,384.11,01589655286,delivered
101058,R17,Nasr City,2026-03-12 15:14:00,2026-03-12 16:10:29.053878,2026-03-12 16:05:53.673988,C1124,10.7,cash,361.22,01000967234,delivered
100265,R67,El Maadi,2026-03-12 15:34:00,2026-03-12 15:47:27.661274,2026-03-12 15:51:57.442507,C1162,2.4,wallet,262.64,01590665048,delivered
101610,R108,Nasr City,2026-03-12 16:26:00,2026-03-12 16:54:00.353658,2026-03-12 16:54:30.211599,C1127,4.8,wallet,212.99,01543105609,delivered
100420,R125,Zamalek,2026-03-12 16:26:00,2026-03-12 17:14:22.322279,2026-03-12 17:10:00.573321,C1125,7.8,cash,108.32,015-6594-3757,delivered
100770,R62,Nasr City,2026-03-12 17:34:00,2026-03-12 18:04:55.373797,2026-03-12 18:02:44.279143,C1098,6.7,cash,186.66,01542167313,delivered
101382,R38,Heliopolis,2026-03-12 17:51:00,2026-03-12 18:25:26.649688,2026-03-12 18:25:39.553338,C1084,6.3,cash,425.83,01007861640,delivered
102840,R86,Nasr City,2026-03-12 18:20:00,2026-03-12 19:06:28.160348,2026-03-12 19:02:01.887487,C1013,8.4,cash,342.54,01018751250,delivered
100948,R31,Heliopolis,2026-03-12 18:40:00,2026-03-12 19:15:28.995460,2026-03-12 19:17:17.483843,C1075,7.6,wallet,157.03,01060390649,delivered
102231,R24,Zamalek,2026-03-12 18:45:00,2026-03-12 19:44:45.965636,2026-03-12 19:45:45.840927,C1130,11.6,card,74.95,1298496925,delivered
100881,R135,Heliopolis,2026-03-12 19:01:00,2026-03-12 19:14:19.115691,2026-03-12 19:16:48.381791,C1182,1.9,cash,164.12,01286769642,delivered
100479,R134,Zamalek,2026-03-12 19:18:00,2026-03-12 19:42:44.189275,2026-03-12 19:45:08.904790,C1039,3.7,cash,109.63,01174309185,delivered
102092,R112,Heliopolis,2026-03-12 19:32:00,2026-03-12 20:24:03.820522,2026-03-12 20:21:14.588913,C1102,10.5,wallet,435.65,01541258999,delivered
102332,R107,Dokki,2026-03-12 19:57:00,2026-03-12 20:57:34.513930,2026-03-12 20:52:53.818439,C1035,11.7,card,61.95,01006806712,delivered
102966,R100,Zamalek,2026-03-12 20:21:00,2026-03-12 21:07:30.378892,2026-03-12 21:10:42.430131,C1050,11.4,cash,149.48,01055905164,delivered
100082,R37,Mohandessin,2026-03-12 20:51:00,2026-03-12 21:30:01.366126,2026-03-12 21:28:46.044488,C1037,7.5,wallet,247.89,01276949314,delivered
102916,R87,Heliopolis,2026-03-12 21:08:00,2026-03-12 21:38:20.116664,2026-03-12 21:33:20.352104,C1047,2.1,card,382.06,01015435834,delivered
102353,R16,Dokki,2026-03-12 21:31:00,2026-03-12 21:42:01.782080,,C1052,1.1,cash,292.22,01051699125,cancelled
102760,R91,Zamalek,2026-03-12 21:57:00,2026-03-12 22:13:38.601856,2026-03-12 22:11:13.564484,C1153,1.9,wallet,391.55,01249375128,delivered
102378,R54,Mohandessin,2026-03-12 22:25:00,2026-03-12 22:51:46.891709,2026-03-12 22:51:45.582997,C1064,3.2,cash,298.5,01566540005,delivered
101827,R52,Maadi,2026-03-13 07:14:00,2026-03-13 07:51:47.902388,2026-03-13 07:51:31.211334,C1038,8.2,card,310.16,0103393,delivered
101541,R24,Mohandessin,2026-03-13 07:20:00,2026-03-13 07:58:54.008265,2026-03-13 07:59:03.845518,,7.8,cash,253.01,01150780016,delivered
101351,R5,Maadi,2026-03-13 07:22:00,2026-03-13 08:06:21.561105,2026-03-13 08:07:12.801046,C1014,9.8,card,345.71,01020321492,delivered
101942,R34,Heliopolis,2026-03-13 07:49:00,2026-03-13 08:13:06.173757,2026-03-13 08:14:54.655140,C1028,2.0,cash,257.38,01190127227,delivered
100917,R14,Dokki,2026-03-13 08:06:00,2026-03-13 08:39:17.071941,2026-03-13 08:43:11.593099,C1086,6.6,card,442.17,01089555087,delivered
102279,R13,Dokki,2026-03-13 08:41:00,2026-03-13 09:33:55.682967,2026-03-13 09:32:09.978254,C1005,9.4,cash,107.41,01588570137,delivered
102263,R92,Maadi,2026-03-13 08:46:00,2026-03-13 09:26:16.868115,2026-03-13 09:25:26.700242,C1000,11.2,cash,426.31,01204682306,delivered
102867,R139,maadi,2026-03-13 09:11:00,2026-03-13 09:49:11.049756,2026-03-13 09:51:02.883702,C1098,10.5,cash,76.2,01222530751,delivered
100304,R52,Zamalek,2026-03-13 09:14:00,2026-03-13 09:46:38.165408,2026-03-13 09:43:31.953237,C1061,4.7,cash,62.68,01543653291,delivered
101369,R79,Maadi,2026-03-13 09:17:00,2026-03-13 09:39:40.473120,2026-03-13 09:36:14.803655,C1109,2.0,cash,309.53,01164984376,delivered
102728,R14,Nasr City,2026-03-13 09:26:00,2026-03-13 09:50:43.276741,2026-03-13 09:54:17.378816,C1007,1.9,cash,284.29,01220711438,delivered
102734,R119,Dokki,2026-03-13 09:56:00,2026-03-13 10:39:27.763471,2026-03-13 10:41:03.417580,C1037,7.1,wallet,186.09,01089130878,delivered
102713,R116,Maadi,2026-03-13 09:58:00,2026-03-13 10:38:51.839253,2026-03-13 10:38:09.919075,C1072,8.5,cash,292.07,01502162154,delivered
101371,R122,Nasr City,2026-03-13 10:16:00,2026-03-13 10:55:15.049023,2026-03-13 10:57:48.477017,C1017,9.1,wallet,348.45,01529047764,delivered
102416,R37,Nasr City,2026-03-13 10:22:00,2026-03-13 11:02:27.353474,2026-03-13 11:06:05.690055,C1023,9.8,wallet,210.81,1171862154,delivered
100887,R100,Maadi,2026-03-13 11:44:00,2026-03-13 12:10:49.726769,2026-03-13 12:12:34.000716,,5.7,wallet,117.01,01169690747,delivered
100791,R6,Maadi,2026-03-13 11:44:00,2026-03-13 12:16:44.979035,2026-03-13 12:20:51.807448,C1156,7.7,cash,244.91,01131118438,delivered
102778,R135,Maadi,2026-03-13 12:07:00,2026-03-13 12:30:51.822719,2026-03-13 12:32:27.232199,C1076,4.3,card,263.33,01046607915,delivered
101036,R73,Nasr City,2026-03-13 12:41:00,2026-03-13 13:28:19.508157,2026-03-13 13:23:31.402006,C1133,8.5,card,138.43,01201110985,delivered
100567,R112,Dokki,2026-03-13 12:56:00,2026-03-13 13:12:38.376612,,C1155,2.1,card,243.22,01290508606,cancelled
102282,R108,Mohandessin,2026-03-13 12:58:00,2026-03-13 13:31:04.475270,,C1170,7.0,wallet,125.24,01375244984,cancelled
100645,R11,Nasr City,2026-03-13 13:48:00,2026-03-13 14:12:40.090779,2026-03-13 14:12:23.591236,C1014,6.0,card,356.52,01178461439,delivered
101864,R34,Nasr City,2026-03-13 16:12:00,2026-03-13 16:35:59.723879,2026-03-13 16:34:45.117557,C1199,2.9,wallet,433.53,01170967094,delivered
101893,R55,Zamalek,2026-03-13 17:14:00,2026-03-13 17:40:29.984836,2026-03-13 17:37:43.789855,C1098,3.3,card,146.15,0156228,delivered
102291,R96,Mohandessin,2026-03-13 17:24:00,2026-03-13 17:49:54.367313,2026-03-13 17:46:42.263282,,3.8,cash,318.79,01046011300,delivered
102379,R46,Heliopolis,2026-03-13 17:35:00,2026-03-13 18:05:10.341090,2026-03-13 18:07:25.253203,C1120,11.3,card,341.58,01108050806,delivered
101715,R78,Zamalek,2026-03-13 17:39:00,2026-03-13 17:52:12.343040,2026-03-13 17:54:49.645698,C1035,1.4,cash,267.4,01241970240,delivered
102782,R105,Zamalek,2026-03-13 18:04:00,2026-03-13 18:44:02.359014,2026-03-13 18:42:24.137285,C1062,9.3,cash,230.03,01072795561,delivered
102448,R55,Dokki,2026-03-13 18:47:00,2026-03-13 19:22:55.570256,2026-03-13 19:27:17.470755,,7.4,cash,407.72,01169556,delivered
100261,R128,Mohandessin,2026-03-13 18:51:00,2026-03-13 19:18:54.131634,2026-03-13 19:17:56.980675,C1187,3.3,card,62.87,01067108919,delivered
100904,R64,Dokki,2026-03-13 20:05:00,2026-03-13 20:37:06.687359,2026-03-13 20:36:21.360538,C1019,5.8,wallet,150.71,01505239510,delivered
101532,R44,Heliopolis,2026-03-13 20:24:00,2026-03-13 20:44:50.483594,2026-03-13 20:49:32.271473,C1171,3.2,cash,247.66,01561102702,delivered
101448,R60,Zamalek,2026-03-13 20:34:00,2026-03-13 21:08:15.575494,2026-03-13 21:11:32.611309,C1023,4.0,cash,419.05,01119380505,delivered
101416,R4,Heliopolis,2026-03-13 21:29:00,2026-03-13 22:17:04.713601,,C1127,11.4,cash,419.03,01523784399,cancelled
100079,R56,Mohandessin,2026-03-13 21:43:00,2026-03-13 22:15:57.429232,2026-03-13 22:16:38.189771,C1078,4.6,card,276.22,01103503157,delivered
102581,R85,Dokki,2026-03-13 22:23:00,2026-03-13 22:58:08.126750,2026-03-13 23:00:16.041714,C1111,10.0,card,81.76,01204164049,delivered
100986,R137,Mohandessin,2026-03-13 22:47:00,2026-03-13 23:14:36.101312,,C1042,1.9,card,326.25,01095907448,cancelled
101536,R18,Nasr City,2026-03-14 07:07:00,2026-03-14 07:56:56.911721,2026-03-14 07:55:08.308520,,11.8,card,298.85,01011594630,delivered
102737,R50,El Maadi,2026-03-14 07:32:00,2026-03-14 07:52:19.258310,2026-03-14 07:55:04.280973,C1120,5.1,cash,109.98,01539503763,delivered
100892,R129,Maadi,2026-03-14 07:50:00,2026-03-14 08:30:02.651547,2026-03-14 08:32:25.291767,C1167,10.0,cash,403.57,01246472129,delivered
100236,R100,Nasr City,2026-03-14 07:53:00,2026-03-14 08:19:28.629089,2026-03-14 08:17:43.103617,C1135,4.8,cash,301.84,01182118159,delivered
101818,R9,Dokki,2026-03-14 08:13:00,2026-03-14 08:28:29.213653,2026-03-14 08:31:53.563468,C1188,3.5,card,275.42,01560067839,delivered
100134,R9,Zamalek,2026-03-14 09:55:00,2026-03-14 10:16:39.646962,2026-03-14 10:18:52.271295,C1052,2.3,wallet,86.34,01120631392,delivered
100241,R50,Maadi,2026-03-14 10:19:00,2026-03-14 10:47:32.779065,2026-03-14 10:43:27.457932,C1121,3.0,cash,225.91,01577100529,delivered
101642,R29,Heliopolis,2026-03-14 11:06:00,2026-03-14 11:25:11.475159,2026-03-14 11:26:46.743923,C1157,1.5,card,399.0,01553236666,delivered
100504,R128,Heliopolis,2026-03-14 12:51:00,2026-03-14 13:22:32.222093,2026-03-14 13:24:47.904523,C1097,2.7,cash,224.77,01273540543,delivered
102577,R51,Maadi,2026-03-14 13:57:00,2026-03-14 14:36:18.495781,,C1175,10.4,cash,152.94,01542618598,cancelled
102078,R13,Heliopolis,2026-03-14 14:39:00,2026-03-14 14:54:49.775311,2026-03-14 14:59:05.942379,,1.7,cash,148.39,01051345800,delivered
100975,R43,Maadi,2026-03-14 14:56:00,2026-03-14 15:43:15.183007,2026-03-14 15:43:04.291348,C1041,11.6,wallet,193.1,01266937290,delivered
102454,R9,Mohandessin,2026-03-14 15:59:00,2026-03-14 16:35:51.018716,2026-03-14 16:37:12.027953,C1134,8.4,cash,185.81,01695060063,delivered
100820,R43,Maadi,2026-03-14 16:28:00,2026-03-14 17:10:31.864518,2026-03-14 17:06:04.664596,C1026,9.8,card,163.61,0151751,delivered
100218,R46,Nasr City,2026-03-14 16:50:00,2026-03-14 17:22:14.582605,2026-03-14 17:18:38.852700,C1046,4.4,cash,210.94,01127710076,delivered
100933,R90,Maadi,2026-03-14 17:40:00,2026-03-14 18:09:34.204929,2026-03-14 18:07:27.133759,C1060,5.4,cash,347.22,01554720743,delivered
100556,R147,Nasr City,2026-03-14 17:45:00,2026-03-14 17:59:54.535374,2026-03-14 18:04:20.922846,C1063,2.6,card,79.44,01224032113,delivered
101722,R36,Maadi,2026-03-14 17:58:00,2026-03-14 18:41:26.541768,2026-03-14 18:38:59.624723,C1016,11.0,wallet,124.75,01201590804,delivered
101628,R26,Dokki,2026-03-14 18:49:00,2026-03-14 19:37:47.914933,,C1058,11.7,cash,293.05,01095274170,delivered
102533,R122,Zamalek,2026-03-14 19:16:00,2026-03-14 19:47:41.672528,2026-03-14 19:44:02.239631,C1067,4.6,cash,391.65,01077873467,delivered
100976,R8,Mohandessin,2026-03-14 19:28:00,2026-03-14 20:10:01.122593,2026-03-14 20:08:32.645334,C1048,6.8,card,148.71,01270866739,delivered
101909,R70,Nasr City,2026-03-14 19:30:00,2026-03-14 19:59:30.858613,2026-03-14 19:57:51.112357,C1092,3.3,card,368.54,01190268472,delivered
102133,R100,Zamalek,2026-03-14 19:53:00,2026-03-14 20:49:14.702146,2026-03-14 20:44:59.954236,C1082,10.5,cash,87.97,01463786659,delivered
100208,R81,Dokki,2026-03-14 20:24:00,2026-03-14 20:54:13.109398,2026-03-14 20:50:13.596225,C1103,3.8,cash,259.36,01062460770,delivered
102104,R63,maadi,2026-03-14 20:58:00,2026-03-14 21:23:45.216913,2026-03-14 21:27:25.336996,C1154,5.2,card,179.39,01029301609,delivered
102714,R132,El Maadi,2026-03-14 21:20:00,2026-03-14 21:49:36.392025,2026-03-14 21:54:35.056216,C1038,6.3,wallet,344.69,01586898718,delivered
100903,R40,Nasr City,2026-03-14 21:28:00,2026-03-14 22:18:20.985880,2026-03-14 22:14:19.315786,C1053,10.6,card,427.6,01280455339,delivered
102051,R93,Nasr City,2026-03-14 22:11:00,2026-03-14 22:38:35.111175,2026-03-14 22:35:09.820766,C1007,1.6,cash,330.02,01182863250,delivered
102017,R45,Mohandessin,2026-03-14 22:28:00,2026-03-14 23:07:08.326231,2026-03-14 23:06:30.576050,C1121,8.8,cash,173.34,01117006248,delivered
102938,R141,Dokki,2026-03-14 22:32:00,2026-03-14 23:05:35.937071,2026-03-14 23:09:03.197075,C1096,7.6,wallet,295.95,01213450,delivered
100032,R62,Maadi,2026-03-15 07:04:00,2026-03-15 07:29:07.782543,2026-03-15 07:31:33.398083,,4.7,wallet,394.05,01126615359,delivered
101442,R22,Nasr City,2026-03-15 07:39:00,2026-03-15 08:15:03.301605,2026-03-15 08:16:08.030255,C1107,8.3,cash,95.14,01205966671,delivered
102325,R140,Heliopolis,2026-03-15 08:16:00,2026-03-15 09:00:05.610646,2026-03-15 09:02:59.585871,C1075,7.9,wallet,348.6,01158382408,delivered
102657,R121,Maadi,2026-03-15 08:35:00,2026-03-15 09:27:08.379120,2026-03-15 09:24:29.680455,C1126,7.3,card,376.61,01080070342,delivered
102981,R82,Dokki,2026-03-15 08:48:00,2026-03-15 09:05:43.959798,2026-03-15 09:06:12.135941,C1163,1.8,cash,239.62,01593398101,delivered
101441,R4,Zamalek,2026-03-15 09:08:00,2026-03-15 09:27:24.158794,2026-03-15 09:31:00.637978,C1052,1.1,card,85.86,01274253977,delivered
101773,R138,Dokki,2026-03-15 09:41:00,2026-03-15 09:54:58.179280,2026-03-15 09:59:35.231540,C1141,1.8,cash,119.92,01511013394,delivered
101208,R95,Nasr City,2026-03-15 09:58:00,2026-03-15 10:18:41.061096,2026-03-15 10:23:03.592900,C1199,3.1,wallet,356.11,01143573227,delivered
102659,R123,Maadi,2026-03-15 10:21:00,2026-03-15 10:46:56.928405,2026-03-15 10:50:54.712114,C1070,4.1,cash,94.36,01580698252,delivered
101214,R149,Maadi,2026-03-15 10:37:00,2026-03-15 11:15:22.499605,2026-03-15 11:20:03.364047,C1123,7.8,cash,112.25,01591440038,delivered
101494,R51,Mohandessin,2026-03-15 10:39:00,2026-03-15 11:34:28.659644,2026-03-15 11:30:42.929576,C1190,9.5,wallet,354.88,01127503484,delivered
100701,R62,Dokki,2026-03-15 11:18:00,2026-03-15 11:51:22.769706,2026-03-15 11:49:02.084688,C1199,7.4,wallet,227.94,01004609860,delivered
100901,R93,Dokki,2026-03-15 12:14:00,2026-03-15 13:01:31.166325,2026-03-15 13:02:05.164328,C1168,11.1,wallet,103.74,01180804450,delivered
100356,R41,Zamalek,2026-03-15 12:20:00,2026-03-15 12:49:12.063581,2026-03-15 12:52:56.458535,C1130,7.0,cash,137.39,01162651418,delivered
102564,R54,Mohandessin,2026-03-15 13:35:00,2026-03-15 14:34:04.359862,2026-03-15 14:29:29.934769,C1105,11.6,cash,158.4,01260350673,delivered
100389,R22,Zamalek,2026-03-15 14:30:00,2026-03-15 15:12:41.384232,2026-03-15 15:15:13.249750,C1141,10.6,wallet,167.53,01032415693,delivered
101288,R138,Zamalek,2026-03-15 14:36:00,2026-03-15 15:21:00.432846,2026-03-15 15:17:30.182752,C1029,9.3,wallet,232.57,01197478207,delivered
100183,R11,Nasr City,2026-03-15 17:07:00,2026-03-15 17:59:59.922771,2026-03-15 18:03:17.455456,C1042,11.8,cash,350.81,01065513077,delivered
102238,R132,Zamalek,2026-03-15 17:40:00,2026-03-15 18:23:51.703097,2026-03-15 18:21:06.880181,C1107,7.1,card,63.81,01064472211,delivered
102357,R83,Heliopolis,2026-03-15 17:42:00,2026-03-15 18:21:24.444065,,C1049,9.1,cash,186.81,01935438910,cancelled
100821,R25,Heliopolis,2026-03-15 18:42:00,2026-03-15 19:07:17.747832,2026-03-15 19:08:13.424799,C1010,2.4,card,354.84,01551829183,delivered
100724,R119,Mohandessin,2026-03-15 19:18:00,2026-03-15 20:02:24.303418,2026-03-15 19:58:28.817964,,5.4,cash,119.83,01279061337,delivered
102270,R46,Heliopolis,2026-03-15 19:26:00,2026-03-15 19:55:19.916211,2026-03-15 19:59:07.951369,C1036,8.2,cash,231.27,01083466102,delivered
101587,R71,Maadi,2026-03-15 19:59:00,2026-03-15 20:26:09.926497,2026-03-15 20:28:31.113716,C1118,6.3,card,73.51,01549346483,delivered
102385,R110,Dokki,2026-03-15 21:58:00,2026-03-15 22:39:21.322836,2026-03-15 22:34:47.091446,C1179,4.9,cash,306.48,01042951353,delivered
100329,R77,Nasr City,2026-03-15 22:00:00,2026-03-15 22:30:30.754638,2026-03-15 22:28:38.062682,C1092,5.8,card,75.93,01263711537,delivered
101375,R85,Heliopolis,2026-03-16 07:13:00,2026-03-16 07:35:39.315257,2026-03-16 07:34:17.273631,C1085,3.6,cash,113.51,01126344820,delivered
102870,R69,Maadi,2026-03-16 07:36:00,2026-03-16 08:25:50.196389,2026-03-16 08:24:31.513668,C1049,10.7,cash,235.51,01197763691,delivered
100347,R81,Nasr City,2026-03-16 07:45:00,2026-03-16 08:04:30.896357,2026-03-16 08:08:26.120066,C1013,3.1,cash,268.42,01502115968,delivered
101845,R5,Heliopolis,2026-03-16 08:00:00,2026-03-16 08:29:30.066727,,C1170,4.3,card,192.78,01286552800,cancelled
100702,R8,Dokki,2026-03-16 08:13:00,2026-03-16 09:01:30.700068,2026-03-16 09:02:17.302548,,9.5,cash,343.64,01054316768,delivered
101467,R88,Dokki,2026-03-16 08:26:00,2026-03-16 09:00:59.137275,2026-03-16 09:00:49.132223,C1128,8.6,card,411.46,01246230,delivered
101760,R68,Dokki,2026-03-16 08:27:00,2026-03-16 08:45:02.601942,2026-03-16 08:45:59.329654,C1049,1.1,card,202.25,01539802462,delivered
100705,R130,Dokki,2026-03-16 08:41:00,2026-03-16 09:07:55.678309,2026-03-16 09:08:28.857791,C1066,3.4,card,189.99,01119675291,delivered
101582,R143,Maadi,2026-03-16 09:42:00,2026-03-16 10:31:37.176697,2026-03-16 10:29:12.443790,C1063,10.6,cash,140.22,01513599850,delivered
101991,R124,Heliopolis,2026-03-16 10:06:00,2026-03-16 10:37:14.376690,2026-03-16 10:40:18.527504,C1186,5.9,cash,68.83,01133108561,delivered
101279,R24,Heliopolis,2026-03-16 10:12:00,2026-03-16 10:37:41.663282,2026-03-16 10:41:30.778616,C1100,2.3,wallet,205.31,01247984233,delivered
101131,R1,El Maadi,2026-03-16 10:18:00,2026-03-16 10:59:35.982559,2026-03-16 10:57:41.652554,C1048,9.3,card,304.75,01186497263,delivered
102259,R85,Mohandessin,2026-03-16 10:49:00,2026-03-16 11:05:53.535077,2026-03-16 11:10:11.736751,C1168,1.2,card,306.02,01132303870,delivered
102327,R78,Maadi,2026-03-16 10:51:00,2026-03-16 11:19:46.495996,2026-03-16 11:23:46.242383,C1122,4.3,card,263.66,01593668808,delivered
102102,R90,Zamalek,2026-03-16 11:06:00,2026-03-16 11:45:25.902083,2026-03-16 11:49:05.222437,C1085,8.6,cash,69.17,1167991928,delivered
102918,R59,Heliopolis,2026-03-16 11:12:00,2026-03-16 11:52:00.895289,2026-03-16 11:49:32.860139,C1115,8.9,card,407.7,01506282328,delivered
101457,R34,Dokki,2026-03-16 11:59:00,2026-03-16 13:01:08.912586,2026-03-16 12:59:51.910249,C1087,11.6,cash,230.97,01248168352,delivered
102711,R8,Zamalek,2026-03-16 12:14:00,2026-03-16 12:46:55.487304,2026-03-16 12:51:16.687104,C1021,7.4,cash,141.23,01299678580,delivered
100551,R125,Mohandessin,2026-03-16 12:55:00,2026-03-16 13:26:31.838585,2026-03-16 13:21:51.807527,C1087,8.0,wallet,246.49,01113623357,delivered
102436,R38,Nasr City,2026-03-16 13:33:00,2026-03-16 14:04:53.790781,2026-03-16 14:09:07.106596,C1047,7.3,cash,331.93,01531499217,delivered
101922,R16,Zamalek,2026-03-16 14:44:00,2026-03-16 15:15:59.619418,2026-03-16 15:16:43.000955,C1153,2.9,card,86.56,01196361104,delivered
102568,R97,Nasr City,2026-03-16 14:47:00,2026-03-16 15:09:03.542864,2026-03-16 15:13:41.114740,C1178,2.0,wallet,110.29,01213782727,delivered
102486,R58,Mohandessin,2026-03-16 15:26:00,2026-03-16 15:48:15.641318,2026-03-16 15:48:33.282259,C1123,3.7,card,104.08,01175347032,delivered
102546,R108,Zamalek,2026-03-16 16:04:00,2026-03-16 16:58:12.191545,2026-03-16 16:59:00.683813,C1036,10.1,cash,300.86,1135500850,delivered
100727,R134,Nasr City,2026-03-16 16:08:00,2026-03-16 16:46:34.682563,2026-03-16 16:48:00.587181,C1034,8.0,cash,342.08,01243242313,delivered
102138,R53,Heliopolis,2026-03-16 16:40:00,2026-03-16 17:27:39.738510,2026-03-16 17:24:12.707358,C1165,8.5,cash,351.14,01227022,delivered
101324,R142,Maadi,2026-03-16 16:52:00,2026-03-16 17:36:06.476694,2026-03-16 17:31:33.797222,C1118,7.8,card,60.67,01041955973,delivered
102851,R19,Mohandessin,2026-03-16 17:00:00,2026-03-16 17:49:45.895806,2026-03-16 17:50:29.795982,C1183,10.5,card,419.45,01534782436,delivered
100159,R8,Nasr City,2026-03-16 17:31:00,2026-03-16 18:15:01.371642,2026-03-16 18:11:27.865932,C1091,9.3,cash,319.76,01198543702,delivered
102715,R101,Maadi,2026-03-16 17:38:00,2026-03-16 18:10:15.525787,2026-03-16 18:14:41.852317,C1050,5.7,cash,143.35,01599033297,delivered
102476,R146,Mohandessin,2026-03-16 17:46:00,2026-03-16 18:15:43.762356,2026-03-16 18:19:04.146408,C1108,4.0,cash,166.88,01537116754,delivered
100098,R101,maadi,2026-03-16 18:10:00,2026-03-16 18:57:34.223620,2026-03-16 18:53:58.256863,C1059,9.9,cash,167.72,01220494627,delivered
102187,R11,Dokki,2026-03-16 18:21:00,2026-03-16 18:52:08.784251,2026-03-16 18:49:06.043265,,5.5,wallet,394.03,01057318697,delivered
100655,R103,Heliopolis,2026-03-16 18:29:00,2026-03-16 19:23:13.159917,2026-03-16 19:20:04.332465,C1193,11.2,wallet,307.93,01225458172,delivered
100924,R22,Nasr City,2026-03-16 19:47:00,2026-03-16 20:20:24.836309,2026-03-16 20:21:42.219975,C1039,4.5,cash,349.09,01154121064,delivered
101476,R7,Dokki,2026-03-16 20:19:00,2026-03-16 20:51:14.068439,2026-03-16 20:50:28.836670,C1134,7.2,card,69.63,01126633475,delivered
102190,R4,Maadi,2026-03-16 20:47:00,2026-03-16 21:26:01.072775,2026-03-16 21:30:35.203917,C1127,9.5,cash,188.68,01082366957,delivered
102571,R134,Nasr City,2026-03-16 20:48:00,2026-03-16 21:26:41.643525,2026-03-16 21:30:56.997994,C1034,9.4,card,191.41,01196372227,delivered
101979,R15,Nasr City,2026-03-16 20:48:00,2026-03-16 21:32:23.228182,2026-03-16 21:28:08.333204,C1092,7.0,wallet,183.45,01071768526,delivered
102736,R41,Maadi,2026-03-16 20:54:00,2026-03-16 21:41:36.958923,2026-03-16 21:40:55.197100,C1124,9.9,card,308.65,01152204662,delivered
100238,R113,Nasr City,2026-03-16 21:56:00,2026-03-16 22:28:39.631372,2026-03-16 22:24:59.728873,C1124,4.4,cash,376.01,01213560848,delivered
102054,R27,Heliopolis,2026-03-16 22:11:00,2026-03-16 23:04:47.026625,2026-03-16 22:59:52.095654,C1086,10.6,cash,106.65,01488351460,delivered
102064,R31,El Maadi,2026-03-16 22:30:00,2026-03-16 22:52:45.216674,2026-03-16 22:55:04.219654,C1120,1.8,cash,269.01,01637733501,delivered
100498,R112,Zamalek,2026-03-16 22:42:00,2026-03-16 23:26:11.428073,2026-03-16 23:21:56.734301,C1138,7.5,card,282.95,01282978520,delivered
102206,R44,Dokki,2026-03-16 22:49:00,2026-03-16 23:24:17.302311,2026-03-16 23:27:17.311335,C1017,7.7,card,138.24,01100098295,delivered
101782,R13,El Maadi,2026-03-17 07:23:00,2026-03-17 07:53:38.160784,2026-03-17 07:48:44.318905,C1146,6.4,cash,369.41,01270013243,delivered
102841,R116,Zamalek,2026-03-17 07:49:00,2026-03-17 08:33:22.895081,2026-03-17 08:32:13.729666,,10.7,card,221.71,01043113881,delivered
102484,R47,Zamalek,2026-03-17 07:55:00,2026-03-17 08:24:44.032330,2026-03-17 08:20:04.350974,C1072,2.6,cash,64.92,1597067776,delivered
102625,R32,Nasr City,2026-03-17 08:06:00,2026-03-17 08:23:06.651252,2026-03-17 08:27:17.512624,C1154,2.5,cash,176.7,01196151902,delivered
102791,R148,Dokki,2026-03-17 08:18:00,2026-03-17 08:57:47.732986,2026-03-17 08:56:57.052743,C1077,5.5,card,434.14,01239008920,delivered
100075,R124,Nasr City,2026-03-17 08:21:00,2026-03-17 08:42:51.366231,2026-03-17 08:44:19.140689,C1000,3.3,wallet,243.28,01140324541,delivered
102751,R81,Nasr City,2026-03-17 09:19:00,2026-03-17 09:46:16.498348,2026-03-17 09:44:39.936762,C1081,3.9,card,223.31,01161756847,delivered
100688,R36,Zamalek,2026-03-17 09:39:00,2026-03-17 10:07:11.740837,2026-03-17 10:09:29.309665,C1110,6.4,card,310.45,01259881725,delivered
100393,R138,Dokki,2026-03-17 10:01:00,2026-03-17 10:46:07.613479,2026-03-17 10:47:57.841107,C1030,8.6,cash,171.01,01126977407,delivered
101525,R71,Zamalek,2026-03-17 10:08:00,2026-03-17 10:53:52.415056,2026-03-17 10:55:39.838344,,9.9,card,248.32,01128021623,delivered
100643,R26,Nasr City,2026-03-17 10:48:00,2026-03-17 11:12:49.021239,2026-03-17 11:12:07.399634,C1167,3.1,cash,424.43,01256434685,delivered
101295,R104,Nasr City,2026-03-17 11:12:00,2026-03-17 11:33:04.004172,2026-03-17 11:36:32.030951,C1158,3.4,card,106.62,01091931543,delivered
100217,R75,Nasr City,2026-03-17 11:20:00,2026-03-17 11:57:35.192254,2026-03-17 12:00:34.656723,C1187,6.7,card,260.58,01250981293,delivered
100500,R106,Mohandessin,2026-03-17 11:42:00,2026-03-17 12:02:29.731505,2026-03-17 12:01:28.388441,C1118,4.3,card,434.77,01176862200,delivered
101921,R35,Zamalek,2026-03-17 13:15:00,2026-03-17 13:54:29.178746,2026-03-17 13:52:52.308700,C1161,7.2,cash,265.11,01050369952,delivered
102506,R14,Dokki,2026-03-17 13:47:00,2026-03-17 14:35:55.152305,2026-03-17 14:40:46.972657,C1158,10.9,cash,280.02,01246466288,delivered
101252,R141,maadi,2026-03-17 14:25:00,2026-03-17 15:09:31.825862,2026-03-17 15:05:29.710340,C1120,6.3,card,279.33,01030676663,delivered
101801,R70,El Maadi,2026-03-17 14:36:00,2026-03-17 15:25:43.860424,2026-03-17 15:24:06.376398,C1067,10.3,cash,293.8,01129019853,delivered
100914,R17,El Maadi,2026-03-17 15:10:00,2026-03-17 15:40:05.786231,2026-03-17 15:40:53.930316,C1198,4.8,wallet,195.55,1168548193,delivered
101904,R71,Dokki,2026-03-17 15:33:00,2026-03-17 16:30:03.872508,2026-03-17 16:29:41.399339,C1175,11.3,card,235.09,01018073727,delivered
100473,R53,Mohandessin,2026-03-17 16:07:00,2026-03-17 16:17:00.000000,2026-03-17 16:15:00.000000,C1167,1.3,cash,169.67,01108713299,delivered
100697,R118,Zamalek,2026-03-17 16:16:00,2026-03-17 16:42:11.604677,2026-03-17 16:37:26.995228,C1083,1.6,card,271.84,01297330673,delivered
101701,R7,Nasr City,2026-03-17 16:45:00,2026-03-17 17:27:25.693774,2026-03-17 17:28:21.031078,C1088,10.3,card,368.6,01542061222,delivered
101318,R25,Maadi,2026-03-17 17:06:00,2026-03-17 17:31:30.846194,2026-03-17 17:29:30.705909,C1036,2.4,card,405.49,01270235844,delivered
101831,R94,Dokki,2026-03-17 17:18:00,2026-03-17 17:46:14.396194,2026-03-17 17:51:01.782011,C1014,3.6,wallet,103.96,01598166757,delivered
101832,R148,Mohandessin,2026-03-17 17:19:00,2026-03-17 17:41:25.928495,,C1040,4.4,cash,328.51,01068116360,cancelled
100862,R119,Heliopolis,2026-03-17 17:28:00,2026-03-17 17:57:18.186077,2026-03-17 17:54:48.858411,C1170,7.6,cash,310.98,01158813297,delivered
102183,R60,Zamalek,2026-03-17 19:25:00,2026-03-17 19:51:55.196921,2026-03-17 19:53:26.520708,C1061,3.0,wallet,200.52,01285913472,delivered
102668,R25,Nasr City,2026-03-17 20:09:00,2026-03-17 20:48:48.018634,2026-03-17 20:49:23.280171,C1171,7.3,cash,116.14,01119493654,delivered
101076,R53,Heliopolis,2026-03-17 20:35:00,2026-03-17 21:10:58.520534,2026-03-17 21:06:32.996124,C1149,5.2,cash,348.01,01521394253,delivered
102137,R105,Nasr City,2026-03-17 20:38:00,2026-03-17 21:14:03.526487,2026-03-17 21:16:14.450082,C1192,7.7,cash,229.85,01097936623,delivered
100386,R84,Maadi,2026-03-17 20:44:00,2026-03-17 21:11:39.967613,2026-03-17 21:11:21.661332,C1115,5.4,cash,226.7,01157589908,delivered
101240,R145,Zamalek,2026-03-17 21:03:00,2026-03-17 21:23:25.423950,2026-03-17 21:20:15.609463,C1109,1.7,wallet,67.57,01299142683,delivered
101143,R34,Maadi,2026-03-17 21:05:00,2026-03-17 21:51:02.012280,2026-03-17 21:48:37.956516,C1044,8.1,cash,348.16,01540542088,delivered
101045,R56,Heliopolis,2026-03-17 21:08:00,2026-03-17 21:48:16.290580,2026-03-17 21:44:28.907075,C1166,5.1,cash,305.24,01105350949,delivered
101095,R125,Dokki,2026-03-17 21:19:00,2026-03-17 21:46:53.800618,2026-03-17 21:49:59.356596,C1110,4.4,cash,402.19,01536693851,delivered
101901,R110,Dokki,2026-03-17 21:21:00,2026-03-17 21:58:01.768200,2026-03-17 21:58:28.659695,C1145,8.6,card,287.51,01189833796,delivered
102289,R25,Mohandessin,2026-03-17 21:29:00,2026-03-17 22:01:09.662471,2026-03-17 22:04:54.355975,C1102,8.6,cash,233.76,01568369186,delivered
100850,R31,Heliopolis,2026-03-17 21:53:00,2026-03-17 22:22:08.240524,2026-03-17 22:24:12.043926,,9.5,card,375.12,015-8429-1799,delivered
101940,R56,Nasr City,2026-03-18 07:01:00,2026-03-18 07:31:53.061313,2026-03-18 07:32:13.797460,,6.4,cash,430.42,01165975769,delivered
102142,R73,Nasr City,2026-03-18 07:30:00,2026-03-18 08:00:50.974688,2026-03-18 08:02:53.002471,C1174,7.0,cash,313.6,01598462027,delivered
101220,R76,Zamalek,2026-03-18 08:09:00,2026-03-18 08:51:12.474655,2026-03-18 08:47:58.520516,C1193,8.6,cash,341.6,01148391130,delivered
102055,R138,Dokki,2026-03-18 08:52:00,2026-03-18 09:22:09.843874,2026-03-18 09:20:52.629153,C1066,4.8,card,156.29,01033879619,delivered
100385,R132,Heliopolis,2026-03-18 09:19:00,2026-03-18 10:08:00.862380,2026-03-18 10:09:55.978064,C1169,11.5,card,335.53,01192237821,delivered
101602,R6,Mohandessin,2026-03-18 09:24:00,2026-03-18 09:47:50.718389,2026-03-18 09:47:47.813147,,3.6,card,124.28,01559753179,delivered
101716,R138,Mohandessin,2026-03-18 10:25:00,2026-03-18 10:41:24.867175,2026-03-18 10:39:41.108924,C1188,2.7,card,106.09,01544240532,delivered
100119,R46,El Maadi,2026-03-18 10:34:00,2026-03-18 10:59:17.596884,2026-03-18 11:03:33.008885,C1090,5.6,wallet,66.97,01550877919,delivered
100841,R26,Heliopolis,2026-03-18 11:14:00,2026-03-18 11:51:52.685476,2026-03-18 11:50:47.709932,C1126,8.0,cash,360.9,1265402043,delivered
100046,R126,Nasr City,2026-03-18 11:29:00,2026-03-18 11:58:43.376028,2026-03-18 12:01:31.724711,C1093,4.7,cash,154.57,01563273294,delivered
102904,R133,Nasr City,2026-03-18 12:12:00,2026-03-18 13:02:31.967814,2026-03-18 13:06:34.411716,,11.4,card,191.63,01544903621,delivered
102090,R81,Dokki,2026-03-18 12:54:00,2026-03-18 13:26:51.087137,2026-03-18 13:31:13.575078,C1002,7.9,cash,429.05,1212919239,delivered
100627,R21,Heliopolis,2026-03-18 13:16:00,2026-03-18 14:07:41.427581,2026-03-18 14:08:48.003829,C1116,11.9,wallet,295.95,010110044,delivered
101927,R46,Nasr City,2026-03-18 13:19:00,2026-03-18 14:06:46.282011,2026-03-18 14:05:48.925427,C1111,9.0,cash,79.9,01237500032,delivered
100127,R107,Dokki,2026-03-18 13:19:00,2026-03-18 14:08:37.119155,2026-03-18 14:06:37.959537,,11.7,cash,138.07,01256325343,delivered
102837,R126,Nasr City,2026-03-18 13:44:00,2026-03-18 14:26:26.825722,2026-03-18 14:29:38.663044,C1169,10.5,card,352.22,01571125781,delivered
100546,R44,Dokki,2026-03-18 13:57:00,2026-03-18 14:28:03.096703,2026-03-18 14:23:50.002263,,1.6,wallet,339.58,01285369845,delivered
102400,R110,Maadi,2026-03-18 14:33:00,2026-03-18 14:43:31.509947,2026-03-18 14:42:37.116130,C1106,2.3,card,409.76,015-8196-4867,delivered
100185,R147,Zamalek,2026-03-18 14:47:00,2026-03-18 15:09:56.436131,2026-03-18 15:07:14.498024,C1029,1.7,card,61.94,01268329674,delivered
102707,R112,Dokki,2026-03-18 16:27:00,2026-03-18 17:09:55.063676,2026-03-18 17:13:58.378365,C1000,7.1,cash,358.17,01077073354,delivered
102165,R15,Mohandessin,2026-03-18 16:30:00,2026-03-18 17:21:00.382600,2026-03-18 17:21:08.056112,C1196,10.8,cash,294.01,01176506655,delivered
102818,R10,Nasr City,2026-03-18 16:35:00,2026-03-18 17:23:28.013812,2026-03-18 17:22:30.735450,C1012,10.2,cash,216.64,01211015005,delivered
101521,R53,Zamalek,2026-03-18 17:27:00,2026-03-18 18:17:20.611352,2026-03-18 18:12:39.244195,C1101,8.9,wallet,165.72,01169937389,delivered
100301,R79,Dokki,2026-03-18 17:39:00,2026-03-18 18:08:39.830163,2026-03-18 18:05:12.071331,C1157,3.8,card,306.35,01030256995,delivered
102637,R40,Nasr City,2026-03-18 18:28:00,2026-03-18 18:47:32.783670,2026-03-18 18:50:56.857273,C1037,4.5,cash,303.3,010845536,delivered
101667,R56,Maadi,2026-03-18 18:54:00,2026-03-18 19:21:48.428617,2026-03-18 19:25:16.690984,C1064,11.2,card,439.05,01537894,delivered
101748,R127,Mohandessin,2026-03-18 19:58:00,2026-03-18 20:13:16.546676,2026-03-18 20:11:16.086885,C1193,1.5,cash,143.85,01100308101,delivered
101653,R75,Zamalek,2026-03-18 20:34:00,2026-03-18 21:20:17.785011,2026-03-18 21:21:54.660404,C1031,9.1,cash,118.16,01088207794,delivered
101047,R12,Heliopolis,2026-03-18 21:01:00,2026-03-18 21:42:46.598561,2026-03-18 21:46:09.783767,C1168,9.0,card,187.34,01112136259,delivered
100353,R149,Mohandessin,2026-03-18 22:10:00,2026-03-18 22:49:53.669981,2026-03-18 22:52:16.209677,C1092,10.5,wallet,376.59,01116311187,delivered
101684,R40,Nasr City,2026-03-18 22:49:00,2026-03-18 23:34:14.081948,2026-03-18 23:37:44.083036,C1096,9.8,card,300.01,01265436856,delivered
102370,R86,Heliopolis,2026-03-18 22:53:00,2026-03-18 23:22:33.920389,2026-03-18 23:21:38.658823,C1020,5.8,card,296.22,01127166422,delivered
101378,R86,Heliopolis,2026-03-19 07:28:00,2026-03-19 07:58:42.255733,2026-03-19 07:59:42.278502,,5.9,cash,64.85,01504414243,delivered
100188,R17,Zamalek,2026-03-19 07:36:00,2026-03-19 08:15:31.709682,2026-03-19 08:12:44.881033,C1044,7.7,card,356.77,01524475793,delivered
102103,R96,Nasr City,2026-03-19 08:28:00,2026-03-19 08:38:00.000000,2026-03-19 08:40:17.517393,C1170,2.1,wallet,215.02,1516874042,delivered
102344,R71,Heliopolis,2026-03-19 08:29:00,2026-03-19 09:11:44.556073,2026-03-19 09:10:22.862856,C1070,6.0,cash,142.41,01298738315,delivered
102595,R135,Nasr City,2026-03-19 09:42:00,2026-03-19 10:07:31.271637,2026-03-19 10:08:19.434346,C1056,3.9,cash,163.8,01521970816,delivered
102007,R77,Heliopolis,2026-03-19 09:54:00,2026-03-19 10:37:24.916988,2026-03-19 10:34:15.092117,C1180,8.7,card,388.66,01295779319,delivered
101298,R109,Nasr City,2026-03-19 10:30:00,2026-03-19 11:08:38.001464,2026-03-19 11:07:43.767787,C1143,4.3,wallet,290.97,01012293389,delivered
100290,R62,maadi,2026-03-19 10:31:00,2026-03-19 10:44:49.965117,2026-03-19 10:45:16.900109,C1094,5.0,cash,423.52,01554985146,delivered
102272,R30,Dokki,2026-03-19 10:36:00,2026-03-19 11:13:32.566933,2026-03-19 11:17:57.300784,C1185,10.4,card,312.99,01565252800,delivered
100620,R37,Maadi,2026-03-19 11:02:00,2026-03-19 11:28:13.966719,2026-03-19 11:26:42.897431,C1068,1.5,wallet,106.34,01047039304,delivered
102997,R127,Nasr City,2026-03-19 11:22:00,2026-03-19 11:45:59.896113,2026-03-19 11:42:26.236957,,4.1,cash,385.73,01212250913,delivered
102458,R3,Dokki,2026-03-19 11:34:00,2026-03-19 12:02:10.993523,2026-03-19 11:57:58.901640,C1014,7.5,cash,406.02,01572158086,delivered
100782,R110,Maadi,2026-03-19 11:38:00,2026-03-19 12:26:15.688345,2026-03-19 12:31:13.608888,C1025,11.3,cash,422.62,01045544750,delivered
100566,R138,Dokki,2026-03-19 12:06:00,2026-03-19 12:44:09.870454,2026-03-19 12:43:49.109050,C1048,7.3,wallet,193.6,01265129571,delivered
102537,R63,El Maadi,2026-03-19 12:20:00,2026-03-19 12:44:04.359792,2026-03-19 12:42:36.903542,C1145,4.8,card,196.17,01172108685,delivered
102879,R148,Mohandessin,2026-03-19 12:38:00,2026-03-19 12:57:01.586759,2026-03-19 13:01:30.395136,C1095,1.2,cash,330.58,01193959059,delivered
102910,R113,Maadi,2026-03-19 13:32:00,2026-03-19 14:23:10.812002,2026-03-19 14:22:45.469887,C1025,11.6,card,203.51,01530207454,delivered
100666,R146,Nasr City,2026-03-19 13:53:00,2026-03-19 14:47:57.750396,2026-03-19 14:46:43.879404,C1024,9.6,card,422.4,01149296968,delivered
100189,R59,Dokki,2026-03-19 13:57:00,2026-03-19 14:36:28.441266,2026-03-19 14:32:18.578485,C1064,6.1,cash,431.75,01097726065,delivered
102384,R7,Nasr City,2026-03-19 14:22:00,2026-03-19 14:45:32.899050,2026-03-19 14:49:38.552221,,3.0,card,408.56,01224269576,delivered
100336,R70,Maadi,2026-03-19 14:24:00,2026-03-19 15:13:33.236144,2026-03-19 15:13:55.548437,C1017,9.6,cash,442.63,01114165642,delivered
101179,R35,Nasr City,2026-03-19 14:47:00,2026-03-19 15:07:31.087540,2026-03-19 15:10:37.508844,,1.6,card,137.95,01003260772,delivered
101059,R35,Heliopolis,2026-03-19 14:47:00,2026-03-19 15:28:49.596103,2026-03-19 15:31:45.949544,C1084,9.0,cash,411.08,01138810017,delivered
102853,R10,Dokki,2026-03-19 15:00:00,2026-03-19 15:44:30.607735,,C1003,10.5,cash,423.9,01056484442,cancelled
101518,R3,Maadi,2026-03-19 15:22:00,2026-03-19 15:59:48.430831,,C1073,5.8,cash,196.54,1108590083,cancelled
101958,R25,Dokki,2026-03-19 15:51:00,2026-03-19 16:39:50.119982,2026-03-19 16:36:36.187676,C1191,10.1,wallet,443.58,01526249574,delivered
102101,R83,El Maadi,2026-03-19 15:53:00,2026-03-19 16:17:55.917750,2026-03-19 16:21:32.912737,C1036,6.3,cash,304.47,01212408315,delivered
102288,R92,Dokki,2026-03-19 17:24:00,2026-03-19 17:47:17.560451,2026-03-19 17:44:34.617866,C1016,4.8,card,220.8,01163290703,delivered
101939,R148,Nasr City,2026-03-19 18:01:00,2026-03-19 18:46:09.978269,2026-03-19 18:46:13.032591,C1152,11.4,card,360.11,01266130318,delivered
101455,R20,Dokki,2026-03-19 18:37:00,2026-03-19 19:20:32.055578,2026-03-19 19:16:41.832484,C1063,11.9,wallet,236.61,01531761051,delivered
100607,R10,Nasr City,2026-03-19 18:40:00,2026-03-19 19:22:58.196715,2026-03-19 19:24:23.645963,C1018,11.8,card,387.78,1126039359,delivered
100651,R116,Mohandessin,2026-03-19 18:52:00,2026-03-19 19:25:35.870892,2026-03-19 19:22:50.566122,C1016,6.6,cash,295.89,01080774213,delivered
101989,R123,Heliopolis,2026-03-19 19:25:00,2026-03-19 20:01:14.946120,2026-03-19 19:58:55.142437,C1177,9.8,cash,207.21,01572981058,delivered
100572,R46,Nasr City,2026-03-19 20:00:00,2026-03-19 20:41:06.912349,2026-03-19 20:42:44.233929,C1156,8.3,cash,336.74,01271378663,delivered
101900,R148,Maadi,2026-03-19 20:27:00,2026-03-19 21:01:46.567092,2026-03-19 20:56:51.343501,C1053,3.0,cash,356.75,01129894115,delivered
101349,R36,Nasr City,2026-03-19 20:39:00,2026-03-19 21:03:41.228185,2026-03-19 21:01:12.459646,C1187,3.6,cash,268.74,01278323863,delivered
101285,R134,Zamalek,2026-03-19 21:32:00,2026-03-19 22:05:32.225799,2026-03-19 22:04:53.588395,C1136,3.9,card,344.7,01001924288,delivered
101916,R93,Zamalek,2026-03-19 21:34:00,2026-03-19 22:22:10.584419,2026-03-19 22:21:26.473457,C1124,11.6,cash,351.99,01558951426,delivered
100490,R126,Nasr City,2026-03-19 22:05:00,2026-03-19 22:54:22.631375,2026-03-19 22:53:29.004070,C1118,10.2,wallet,141.63,01092546933,delivered
100918,R82,Dokki,2026-03-19 22:52:00,2026-03-19 23:13:04.815484,2026-03-19 23:17:50.483604,C1137,2.3,card,311.86,01584094608,delivered
101311,R115,Nasr City,2026-03-20 07:52:00,2026-03-20 08:14:32.708226,2026-03-20 08:14:56.339182,C1196,3.9,cash,405.49,01597489877,delivered
100832,R88,Dokki,2026-03-20 08:59:00,2026-03-20 09:45:01.806580,2026-03-20 09:41:43.319961,C1091,9.8,cash,132.33,01596319605,delivered
102399,R113,Maadi,2026-03-20 10:00:00,2026-03-20 10:11:17.085160,2026-03-20 10:15:00.966111,C1101,1.2,cash,359.74,01152939801,delivered
100663,R13,Dokki,2026-03-20 10:04:00,2026-03-20 10:54:22.705981,2026-03-20 10:49:58.950527,C1104,10.3,cash,399.32,01179323740,delivered
100943,R79,Maadi,2026-03-20 10:10:00,2026-03-20 10:32:35.686875,2026-03-20 10:36:31.248905,C1039,3.5,cash,372.27,0110220,delivered
100204,R75,Nasr City,2026-03-20 10:20:00,2026-03-20 11:10:56.436685,2026-03-20 11:06:58.542846,C1139,10.0,card,289.95,01138051800,delivered
100345,R120,Nasr City,2026-03-20 10:21:00,2026-03-20 10:47:40.967761,2026-03-20 10:51:48.090710,C1158,4.2,card,223.23,01611029692,delivered
101608,R114,Mohandessin,2026-03-20 10:31:00,2026-03-20 11:07:33.505634,2026-03-20 11:10:19.262209,C1064,9.2,cash,370.55,01260428178,delivered
100905,R127,Nasr City,2026-03-20 12:16:00,2026-03-20 12:35:22.717310,2026-03-20 12:32:28.472447,C1123,1.4,cash,113.69,01286824866,delivered
100880,R56,Heliopolis,2026-03-20 13:02:00,2026-03-20 13:41:26.056514,2026-03-20 13:43:25.013890,C1180,9.5,cash,311.55,010-2683-6766,delivered
102082,R73,Nasr City,2026-03-20 13:24:00,2026-03-20 14:03:39.659079,2026-03-20 14:02:32.312176,C1195,5.4,cash,380.81,01208524075,delivered
101729,R112,Heliopolis,2026-03-20 13:52:00,2026-03-20 14:29:30.770758,2026-03-20 14:31:38.760853,C1147,7.5,card,248.97,01264243048,delivered
102747,R86,Zamalek,2026-03-20 14:09:00,2026-03-20 14:43:31.638330,2026-03-20 14:39:33.224805,C1047,8.1,cash,161.94,01549204137,delivered
101784,R56,Mohandessin,2026-03-20 15:03:00,2026-03-20 15:57:19.706205,2026-03-20 15:55:55.209976,C1127,11.0,cash,257.15,1193869537,delivered
102907,R94,Nasr City,2026-03-20 15:18:00,2026-03-20 16:03:50.998997,,C1060,11.4,card,109.71,012827376,cancelled
101341,R11,Nasr City,2026-03-20 15:37:00,2026-03-20 16:05:31.732288,2026-03-20 16:05:37.631395,C1058,3.4,card,240.86,01319197671,delivered
102318,R17,Maadi,2026-03-20 15:59:00,2026-03-20 16:10:56.186404,2026-03-20 16:11:08.997129,C1042,3.0,card,207.28,01091844541,delivered
100233,R63,Maadi,2026-03-20 16:13:00,2026-03-20 16:48:42.730816,2026-03-20 16:46:30.626367,C1012,5.7,wallet,359.72,01250573522,delivered
101396,R48,Nasr City,2026-03-20 16:22:00,2026-03-20 16:49:55.244225,2026-03-20 16:50:16.138144,C1079,4.3,cash,416.34,015219081,delivered
102643,R122,maadi,2026-03-20 16:28:00,2026-03-20 16:45:57.618464,2026-03-20 16:44:56.471969,C1124,1.0,wallet,153.7,01227471229,delivered
101172,R134,Dokki,2026-03-20 16:49:00,2026-03-20 17:39:16.852201,,C1177,11.5,cash,303.03,01207572521,cancelled
102680,R129,Zamalek,2026-03-20 16:57:00,2026-03-20 17:30:11.174543,2026-03-20 17:29:47.488234,C1061,8.8,card,222.63,01568148129,delivered
100220,R140,Nasr City,2026-03-20 17:17:00,2026-03-20 17:42:03.744558,2026-03-20 17:39:15.773551,,2.4,cash,156.13,01123633560,delivered
102437,R16,Dokki,2026-03-20 17:20:00,2026-03-20 18:06:26.223902,2026-03-20 18:02:38.725795,,8.2,wallet,315.48,01157601620,delivered
100792,R72,Dokki,2026-03-20 17:32:00,2026-03-20 17:55:56.933558,2026-03-20 17:58:48.926333,C1061,5.2,card,288.21,01176384968,delivered
100387,R132,Zamalek,2026-03-20 17:58:00,2026-03-20 18:34:42.173481,2026-03-20 18:38:53.735038,C1190,9.0,cash,166.71,01149158453,delivered
100598,R136,Mohandessin,2026-03-20 18:32:00,2026-03-20 19:09:01.443273,2026-03-20 19:04:29.294119,C1169,5.9,cash,260.92,01026797084,delivered
102330,R56,Zamalek,2026-03-20 19:10:00,2026-03-20 19:59:44.073949,2026-03-20 19:55:24.254427,C1064,9.1,cash,391.31,1084335309,delivered
101439,R111,Dokki,2026-03-20 19:44:00,2026-03-20 20:09:29.096845,2026-03-20 20:10:28.825922,C1007,3.9,cash,167.97,01244820807,delivered
101414,R4,maadi,2026-03-20 20:03:00,2026-03-20 20:30:27.299824,2026-03-20 20:33:39.891064,C1116,6.3,card,265.39,01138232829,delivered
101221,R22,Mohandessin,2026-03-20 22:06:00,2026-03-20 22:35:36.058389,2026-03-20 22:38:58.763231,C1179,5.0,card,174.17,01087028306,delivered
102745,R115,Nasr City,2026-03-20 22:18:00,2026-03-20 22:50:39.071017,2026-03-20 22:51:28.511765,C1008,6.5,wallet,184.02,010-8129-2488,delivered
100109,R26,Nasr City,2026-03-20 22:42:00,2026-03-20 23:19:35.795745,2026-03-20 23:19:16.387216,C1013,5.9,cash,119.88,01586396688,delivered
102769,R31,Nasr City,2026-03-21 07:08:00,2026-03-21 07:34:45.985017,2026-03-21 07:33:37.773905,C1092,4.3,card,200.59,015-8391-5709,delivered
100076,R79,Maadi,2026-03-21 08:24:00,2026-03-21 08:54:35.898881,2026-03-21 08:58:12.068013,C1041,5.7,cash,81.56,01196428809,delivered
101778,R135,Mohandessin,2026-03-21 08:33:00,2026-03-21 09:02:57.308658,2026-03-21 08:59:04.379330,C1181,1.9,cash,259.54,01153077606,delivered
100135,R16,Zamalek,2026-03-21 08:35:00,2026-03-21 09:16:25.066929,2026-03-21 09:12:58.841722,C1142,8.9,cash,400.29,01599081596,delivered
100002,R114,Nasr City,2026-03-21 08:51:00,2026-03-21 09:30:13.825710,2026-03-21 09:28:46.541291,C1165,7.9,wallet,363.57,01040517697,delivered
100093,R132,Maadi,2026-03-21 08:57:00,2026-03-21 09:28:20.120992,2026-03-21 09:28:37.755804,C1037,2.7,card,128.32,01548132233,delivered
100919,R94,Heliopolis,2026-03-21 09:34:00,2026-03-21 10:01:47.666999,2026-03-21 10:03:57.020206,C1153,7.9,cash,273.17,01176338813,delivered
102868,R116,Zamalek,2026-03-21 10:04:00,2026-03-21 10:32:45.897237,2026-03-21 10:30:20.316327,C1031,3.7,cash,62.18,015-9087-8464,delivered
101852,R16,Mohandessin,2026-03-21 10:57:00,2026-03-21 11:46:53.061299,2026-03-21 11:46:31.267357,C1190,11.2,card,109.66,01220062304,delivered
101480,R47,Zamalek,2026-03-21 11:08:00,2026-03-21 11:43:04.207768,,C1182,7.0,card,310.8,01111726107,cancelled
100787,R133,Dokki,2026-03-21 11:30:00,2026-03-21 12:12:26.809228,2026-03-21 12:09:14.388284,C1126,7.1,wallet,98.21,0156555,delivered
100831,R2,El Maadi,2026-03-21 11:51:00,2026-03-21 12:46:01.893019,2026-03-21 12:43:10.901550,C1009,11.4,wallet,115.06,01604410217,delivered
100772,R14,Mohandessin,2026-03-21 12:08:00,2026-03-21 12:47:07.011172,2026-03-21 12:43:56.080138,C1082,7.7,cash,283.4,01539091111,delivered
101776,R105,Heliopolis,2026-03-21 12:19:00,2026-03-21 12:53:28.963243,2026-03-21 12:57:03.331755,C1197,5.9,card,310.39,01503385994,delivered
101503,R125,Heliopolis,2026-03-21 13:18:00,2026-03-21 13:48:38.160058,2026-03-21 13:51:06.834167,C1092,6.5,card,430.92,01150173199,delivered
100342,R106,Nasr City,2026-03-21 13:33:00,2026-03-21 13:48:12.151269,2026-03-21 13:47:29.642343,,1.6,card,171.89,01168214089,delivered
102261,R111,Heliopolis,2026-03-21 13:36:00,2026-03-21 13:58:55.715290,2026-03-21 13:55:28.551387,C1191,1.4,cash,301.81,011189682,delivered
102989,R94,Maadi,2026-03-21 14:11:00,2026-03-21 14:49:16.693746,2026-03-21 14:44:49.775397,C1008,5.5,card,296.79,1113889958,delivered
100221,R93,Heliopolis,2026-03-21 14:21:00,2026-03-21 14:42:06.805548,2026-03-21 14:46:45.375137,C1101,2.8,cash,385.85,01157826961,delivered
102173,R93,Nasr City,2026-03-21 14:53:00,2026-03-21 15:34:19.697801,2026-03-21 15:31:11.314878,C1002,9.2,card,284.51,01434150058,delivered
100235,R127,Mohandessin,2026-03-21 15:22:00,2026-03-21 15:56:37.998518,2026-03-21 15:54:27.982022,C1146,8.8,cash,203.03,01122381467,delivered
102025,R56,Heliopolis,2026-03-21 15:56:00,2026-03-21 16:17:51.019539,2026-03-21 16:19:36.278004,C1003,2.4,wallet,362.0,0109293,delivered
101929,R43,Maadi,2026-03-21 16:08:00,2026-03-21 16:30:13.633467,,C1173,1.3,card,354.25,01076604820,cancelled
103006,R26,Sheikh Zayed Extension,2026-03-21 16:11:00,2026-03-21 16:48:57.699233,2026-03-21 16:48:54.872747,,7.3,cash,178.99,01560666767,delivered
102265,R40,Dokki,2026-03-21 16:21:00,2026-03-21 16:35:45.887791,2026-03-21 16:32:39.869170,C1151,2.8,cash,185.74,01020633368,delivered
102429,R48,Nasr City,2026-03-21 16:34:00,2026-03-21 16:54:08.940391,2026-03-21 16:54:56.931580,C1031,1.9,card,280.91,01298745522,delivered
101741,R66,Nasr City,2026-03-21 16:40:00,2026-03-21 17:17:36.610515,2026-03-21 17:16:51.965633,C1050,8.1,wallet,82.48,01164053781,delivered
100397,R135,Nasr City,2026-03-21 16:45:00,2026-03-21 17:08:29.165736,2026-03-21 17:11:00.429895,C1157,2.6,cash,345.34,01233092430,delivered
102225,R77,Nasr City,2026-03-21 16:51:00,2026-03-21 17:35:53.292817,2026-03-21 17:35:48.279670,C1007,8.2,card,334.56,01132110055,delivered
100528,R116,Zamalek,2026-03-21 16:59:00,2026-03-21 17:20:47.345903,2026-03-21 17:02:00.000000,C1007,3.0,card,330.55,01667384271,delivered
101263,R125,Nasr City,2026-03-21 17:05:00,2026-03-21 17:40:36.074771,2026-03-21 17:40:22.591885,C1083,5.1,cash,383.77,01536265437,delivered
103026,R23,Sheikh Zayed Extension,2026-03-21 17:32:00,2026-03-21 18:43:53.645793,2026-03-21 18:40:15.430676,C1151,14.6,card,376.64,01503840954,delivered
101222,R4,Heliopolis,2026-03-21 17:59:00,2026-03-21 18:53:08.144319,2026-03-21 18:48:10.430886,C1174,10.0,card,247.77,01243072497,delivered
101173,R76,Nasr City,2026-03-21 18:00:00,2026-03-21 18:31:43.388676,2026-03-21 18:32:23.644506,C1021,5.7,cash,61.71,01169525585,delivered
100996,R20,Dokki,2026-03-21 18:57:00,2026-03-21 19:17:13.884375,2026-03-21 19:17:14.396478,C1066,2.2,card,323.41,01463024385,delivered
102550,R110,Nasr City,2026-03-21 19:14:00,2026-03-21 20:01:51.733167,2026-03-21 20:02:10.285329,C1033,7.6,card,180.28,01137881728,delivered
101755,R8,Maadi,2026-03-21 19:20:00,2026-03-21 19:57:39.791034,2026-03-21 19:57:50.349941,C1098,10.2,cash,438.56,01131489069,delivered
100936,R126,Maadi,2026-03-21 19:24:00,2026-03-21 19:50:01.304838,2026-03-21 19:47:55.445408,C1178,1.1,card,404.71,01087865825,delivered
101347,R92,Dokki,2026-03-21 19:25:00,2026-03-21 20:06:19.231754,2026-03-21 20:04:30.095712,C1096,9.0,cash,235.66,01545156808,delivered
100947,R93,Mohandessin,2026-03-21 19:29:00,2026-03-21 20:04:56.029001,2026-03-21 20:05:49.343243,C1021,6.7,cash,258.36,01088724593,delivered
100577,R146,Nasr City,2026-03-21 19:38:00,2026-03-21 20:32:52.992946,2026-03-21 20:31:27.649480,C1064,8.9,card,351.95,01105197963,delivered
100488,R88,El Maadi,2026-03-21 19:46:00,2026-03-21 20:18:49.290923,2026-03-21 20:22:13.341546,C1029,8.7,card,323.98,01005257172,delivered
102932,R116,Nasr City,2026-03-21 20:24:00,2026-03-21 21:05:11.679953,2026-03-21 21:01:55.944093,C1170,6.4,card,139.06,01568499973,delivered
100930,R31,El Maadi,2026-03-21 20:52:00,2026-03-21 21:22:46.654260,2026-03-21 21:19:38.376526,C1048,2.8,cash,179.26,01552414043,delivered
100071,R8,Dokki,2026-03-21 21:05:00,2026-03-21 21:34:11.099253,2026-03-21 21:29:51.610342,,2.7,cash,362.1,01678310108,delivered
100522,R141,Nasr City,2026-03-21 21:27:00,2026-03-21 22:07:42.548012,2026-03-21 22:08:59.290160,C1144,8.6,cash,430.82,01206226014,delivered
102672,R116,Nasr City,2026-03-21 22:26:00,2026-03-21 22:46:21.091595,2026-03-21 22:47:33.004009,C1177,4.0,cash,272.6,01262315167,delivered
102617,R51,Dokki,2026-03-21 22:58:00,2026-03-21 23:22:54.951071,2026-03-21 23:25:18.814541,C1032,3.8,cash,281.11,01585683063,delivered
101505,R115,Mohandessin,2026-03-22 07:03:00,2026-03-22 07:39:02.284270,2026-03-22 07:36:26.470532,C1145,3.9,wallet,75.76,01195205879,delivered
101692,R80,Nasr City,2026-03-22 07:30:00,2026-03-22 08:07:48.864119,2026-03-22 08:05:08.200221,C1040,6.7,cash,394.76,01572980147,delivered
102990,R128,Heliopolis,2026-03-22 08:38:00,2026-03-22 09:05:29.143073,2026-03-22 09:05:14.138341,C1126,5.9,cash,207.47,01350541785,delivered
101446,R15,Zamalek,2026-03-22 08:53:00,2026-03-22 09:21:35.492939,2026-03-22 09:21:13.530209,C1066,3.3,card,429.41,01319858348,delivered
101332,R11,Heliopolis,2026-03-22 09:17:00,2026-03-22 09:56:21.604859,2026-03-22 09:56:20.831771,C1167,9.3,wallet,197.34,01549665197,delivered
102826,R115,Maadi,2026-03-22 10:18:00,2026-03-22 11:09:15.223715,2026-03-22 11:08:33.284969,C1117,11.6,cash,344.47,01206116933,delivered
100639,R8,Zamalek,2026-03-22 10:41:00,2026-03-22 11:21:25.038495,2026-03-22 11:20:04.595993,C1141,8.3,card,362.29,01159030570,delivered
101609,R124,Heliopolis,2026-03-22 11:18:00,2026-03-22 12:11:22.860175,2026-03-22 12:10:24.099251,C1058,10.8,cash,125.21,0155925,delivered
101754,R2,Nasr City,2026-03-22 11:27:00,2026-03-22 11:52:23.194866,2026-03-22 11:51:29.746364,C1026,4.0,cash,146.91,01146362504,delivered
101877,R64,Maadi,2026-03-22 11:39:00,2026-03-22 12:26:03.591256,2026-03-22 12:29:37.113576,C1113,10.6,card,103.47,01147659879,delivered
100003,R24,Zamalek,2026-03-22 12:04:00,2026-03-22 12:27:58.392807,2026-03-22 12:27:43.815763,C1093,3.1,card,230.49,01503784883,delivered
102339,R63,El Maadi,2026-03-22 12:46:00,2026-03-22 13:25:06.796963,2026-03-22 13:23:56.433835,C1033,6.9,cash,158.5,01246085274,delivered
100224,R57,Heliopolis,2026-03-22 13:14:00,2026-03-22 13:59:47.210423,2026-03-22 13:56:04.363528,C1193,5.6,cash,298.22,01039778339,delivered
102331,R93,Maadi,2026-03-22 13:38:00,2026-03-22 14:00:24.758548,2026-03-22 14:00:29.632544,C1138,5.0,card,70.59,01113405060,delivered
101161,R105,Nasr City,2026-03-22 13:46:00,2026-03-22 14:27:18.127978,2026-03-22 14:22:18.193255,C1032,7.7,card,189.5,01144081499,delivered
102496,R92,Zamalek,2026-03-22 13:56:00,2026-03-22 14:55:31.351277,2026-03-22 14:55:21.132733,C1006,11.4,cash,327.39,01260382989,delivered
102703,R76,Mohandessin,2026-03-22 14:01:00,2026-03-22 15:00:19.895230,2026-03-22 14:56:28.860890,C1084,11.4,card,258.15,01590912579,delivered
100974,R148,Heliopolis,2026-03-22 14:29:00,2026-03-22 14:56:42.446070,2026-03-22 15:00:28.868433,,7.9,wallet,73.05,01030628197,delivered
102561,R116,Maadi,2026-03-22 14:41:00,2026-03-22 15:05:34.952542,2026-03-22 15:09:22.835804,C1083,7.0,cash,301.28,01148909096,delivered
102499,R122,Nasr City,2026-03-22 14:41:00,2026-03-22 15:04:21.581825,2026-03-22 15:01:58.393947,C1149,3.3,card,164.76,01282983317,delivered
100365,R80,Heliopolis,2026-03-22 15:08:00,2026-03-22 15:55:17.556427,2026-03-22 15:56:57.813283,C1107,10.1,cash,207.43,01561466949,delivered
102396,R20,Mohandessin,2026-03-22 15:23:00,2026-03-22 16:10:30.384188,2026-03-22 16:09:48.688134,C1028,9.8,card,142.97,01572900667,delivered
102227,R42,Dokki,2026-03-22 16:05:00,2026-03-22 16:51:40.249333,2026-03-22 16:53:33.942148,C1082,11.5,cash,96.15,012538306,delivered
100155,R124,Mohandessin,2026-03-22 16:10:00,2026-03-22 16:40:00.069904,2026-03-22 16:40:05.910700,C1156,5.2,cash,192.49,01083094163,delivered
103001,R51,Sheikh Zayed Extension,2026-03-22 18:28:00,2026-03-22 19:41:14.511825,2026-03-22 19:37:33.582590,,13.7,wallet,108.97,01119093652,delivered
102478,R28,Dokki,2026-03-22 18:40:00,2026-03-22 19:26:37.968175,2026-03-22 19:28:36.990200,C1072,10.7,cash,88.18,01539631434,delivered
102480,R98,Dokki,2026-03-22 18:56:00,2026-03-22 19:41:33.155784,2026-03-22 19:37:11.247616,C1071,9.1,wallet,92.62,01275149291,delivered
100096,R61,Nasr City,2026-03-22 19:04:00,2026-03-22 19:14:00.000000,2026-03-22 19:12:00.000000,C1098,1.2,card,386.28,0107087,delivered
100395,R110,El Maadi,2026-03-22 19:15:00,2026-03-22 19:51:11.379565,2026-03-22 19:50:50.527966,C1084,3.7,card,439.87,01506402932,delivered
100445,R68,Nasr City,2026-03-22 19:39:00,2026-03-22 20:28:22.131395,2026-03-22 20:28:40.924285,,10.7,card,109.3,01035214763,delivered
103007,R58,Sheikh Zayed Extension,2026-03-22 19:44:00,2026-03-22 20:43:16.432859,2026-03-22 20:38:50.394864,C1026,8.8,card,415.7,01178679581,delivered
103003,R18,Sheikh Zayed Extension,2026-03-22 19:59:00,2026-03-22 20:51:13.547087,2026-03-22 20:47:03.805895,C1040,7.8,card,350.47,01156296114,delivered
100151,R40,Heliopolis,2026-03-22 20:22:00,2026-03-22 20:56:52.624240,2026-03-22 20:56:20.374253,C1118,7.5,card,262.7,01913113993,delivered
101250,R88,Zamalek,2026-03-22 20:27:00,2026-03-22 20:41:28.890094,2026-03-22 20:46:07.756301,C1056,2.7,wallet,123.12,01184973810,delivered
102075,R24,Nasr City,2026-03-22 20:42:00,2026-03-22 21:06:36.863602,2026-03-22 21:07:45.996692,,3.2,wallet,367.48,01970883435,delivered
101797,R83,Nasr City,2026-03-22 21:06:00,2026-03-22 21:38:25.649222,2026-03-22 21:34:28.988094,C1085,2.1,wallet,323.33,1032105070,delivered
102146,R93,Zamalek,2026-03-22 21:18:00,2026-03-22 21:37:43.977011,2026-03-22 21:38:50.884611,C1008,2.0,cash,78.14,01034379557,delivered
100262,R88,Mohandessin,2026-03-22 21:36:00,2026-03-22 22:03:49.933740,2026-03-22 21:59:34.886758,C1152,1.9,cash,233.49,01552684271,delivered
100547,R123,Zamalek,2026-03-22 22:04:00,2026-03-22 22:37:46.273644,2026-03-22 22:34:34.587422,C1006,5.3,cash,227.0,01524197678,delivered
101415,R11,Maadi,2026-03-22 22:17:00,2026-03-22 23:04:34.683855,2026-03-22 23:02:10.777042,C1034,9.5,wallet,128.37,01099337730,delivered
101794,R79,Heliopolis,2026-03-22 22:25:00,2026-03-22 22:52:08.622838,2026-03-22 22:53:18.830809,C1073,4.0,cash,161.45,01205471977,delivered
101110,R131,Maadi,2026-03-23 07:09:00,2026-03-23 07:46:40.968434,2026-03-23 07:50:34.334053,C1026,9.4,cash,208.65,01568771580,delivered
100367,R70,Heliopolis,2026-03-23 07:10:00,2026-03-23 07:40:53.321531,2026-03-23 07:37:27.168822,C1125,2.3,card,430.02,01571681818,delivered
102525,R55,Dokki,2026-03-23 07:36:00,2026-03-23 07:58:50.086778,2026-03-23 08:00:47.764132,C1114,4.7,cash,410.34,01288439571,delivered
100785,R68,Zamalek,2026-03-23 07:50:00,2026-03-23 08:21:16.435814,2026-03-23 08:25:12.116200,C1114,4.5,wallet,168.3,1285421517,delivered
103021,R36,Sheikh Zayed Extension,2026-03-23 07:53:00,2026-03-23 08:46:56.826083,2026-03-23 08:43:24.241757,C1070,9.0,card,359.95,01559403608,delivered
103008,R42,Sheikh Zayed Extension,2026-03-23 07:54:00,2026-03-23 08:56:52.667202,2026-03-23 08:58:52.751080,C1130,10.2,card,399.68,01520914771,delivered
101178,R117,El Maadi,2026-03-23 08:59:00,2026-03-23 09:43:41.348109,2026-03-23 09:42:46.325822,C1050,9.0,card,426.42,01273625234,delivered
102369,R15,maadi,2026-03-23 10:03:00,2026-03-23 10:20:50.263138,2026-03-23 10:24:28.078575,C1188,2.3,cash,287.67,01521493734,delivered
100394,R93,Heliopolis,2026-03-23 10:09:00,2026-03-23 10:48:57.013889,2026-03-23 10:49:30.596483,C1147,8.9,cash,347.03,01574067965,delivered
100520,R86,Maadi,2026-03-23 10:58:00,2026-03-23 11:47:02.319161,2026-03-23 11:51:31.670828,C1186,9.1,cash,131.23,01099835587,delivered
100104,R144,Heliopolis,2026-03-23 11:40:00,2026-03-23 12:04:36.707518,2026-03-23 12:07:33.846873,C1090,6.8,wallet,443.83,01166409205,delivered
100376,R99,Nasr City,2026-03-23 12:11:00,2026-03-23 12:56:53.760451,2026-03-23 12:57:55.249650,C1114,10.8,cash,332.43,01553747429,delivered
102967,R28,Dokki,2026-03-23 12:22:00,2026-03-23 12:46:08.972502,2026-03-23 12:42:36.447299,C1009,2.7,cash,223.29,01259668184,delivered
102172,R118,Heliopolis,2026-03-23 13:29:00,2026-03-23 13:53:08.050544,2026-03-23 13:57:32.758817,C1170,6.5,cash,220.66,01569881607,delivered
103004,R112,Sheikh Zayed Extension,2026-03-23 15:19:00,2026-03-23 16:06:35.302766,2026-03-23 16:10:29.461821,C1158,8.6,cash,280.8,01004140860,delivered
101185,R62,Zamalek,2026-03-23 15:29:00,2026-03-23 16:08:30.413930,2026-03-23 16:06:02.790605,C1026,7.1,wallet,376.46,01081654843,delivered
103009,R49,Sheikh Zayed Extension,2026-03-23 15:44:00,2026-03-23 16:56:50.068793,2026-03-23 16:59:48.762016,C1122,11.4,wallet,432.1,01267736530,delivered
100154,R8,Maadi,2026-03-23 15:59:00,2026-03-23 16:27:45.055728,,C1043,2.8,cash,416.24,01526566656,cancelled
101569,R113,Maadi,2026-03-23 16:22:00,2026-03-23 16:53:20.500238,2026-03-23 16:57:43.668019,,8.6,wallet,308.68,01022578288,delivered
102833,R130,Zamalek,2026-03-23 18:07:00,2026-03-23 18:54:47.317874,2026-03-23 18:53:58.724477,C1080,10.1,card,199.86,01121720172,delivered
102998,R76,Mohandessin,2026-03-23 19:08:00,2026-03-23 19:35:23.772371,2026-03-23 19:37:45.725590,C1118,4.3,card,74.13,01029301345,delivered
102804,R73,Zamalek,2026-03-23 19:15:00,2026-03-23 19:49:02.847746,2026-03-23 19:49:08.561505,C1162,6.6,wallet,338.7,01577473986,delivered
102159,R90,Zamalek,2026-03-23 19:19:00,2026-03-23 19:38:46.045864,2026-03-23 19:40:02.265270,,4.6,wallet,338.46,01516997751,delivered
101898,R60,Nasr City,2026-03-23 19:28:00,2026-03-23 19:49:52.174860,2026-03-23 19:54:16.494119,C1106,4.2,card,66.06,01001951348,delivered
100685,R49,Heliopolis,2026-03-23 20:09:00,2026-03-23 20:46:40.179045,2026-03-23 20:44:10.303911,C1092,3.6,cash,364.4,01064707283,delivered
100502,R27,Heliopolis,2026-03-23 21:00:00,2026-03-23 21:47:33.122459,2026-03-23 21:49:14.175609,C1022,11.2,cash,433.61,01509314170,delivered
101428,R86,Heliopolis,2026-03-23 21:07:00,2026-03-23 21:23:40.103350,2026-03-23 21:23:52.364074,C1148,2.0,cash,442.75,01117343847,delivered
101310,R40,El Maadi,2026-03-23 21:14:00,2026-03-23 21:59:46.575779,2026-03-23 22:00:00.018372,C1014,7.6,card,366.21,01015376275,delivered
100115,R62,Mohandessin,2026-03-23 21:34:00,2026-03-23 21:54:56.432015,2026-03-23 21:55:24.801719,C1159,4.0,card,308.3,01183435141,delivered
102770,R76,Maadi,2026-03-23 21:53:00,2026-03-23 22:29:17.520579,2026-03-23 22:33:21.481105,C1085,5.7,cash,300.51,01536260221,delivered
100289,R96,Maadi,2026-03-23 21:54:00,2026-03-23 22:43:14.541646,2026-03-23 22:39:33.264622,C1058,9.2,cash,363.86,01202054563,delivered
101897,R72,Nasr City,2026-03-24 07:42:00,2026-03-24 08:04:30.457707,2026-03-24 08:09:19.198870,,7.5,cash,300.09,01119017531,delivered
101418,R27,Mohandessin,2026-03-24 07:43:00,2026-03-24 08:28:11.618597,2026-03-24 08:28:26.567785,C1170,9.8,wallet,350.39,01515745647,delivered
102222,R29,Maadi,2026-03-24 08:34:00,2026-03-24 08:59:40.772252,2026-03-24 09:00:49.059111,C1085,1.7,cash,119.93,01595840976,delivered
103013,R135,Sheikh Zayed Extension,2026-03-24 08:56:00,2026-03-24 09:53:40.870248,,,11.0,card,402.51,01095163592,cancelled
101552,R20,Nasr City,2026-03-24 09:27:00,2026-03-24 10:17:05.263071,,C1051,11.4,cash,263.59,01317050213,cancelled
102453,R128,Nasr City,2026-03-24 09:46:00,2026-03-24 10:09:44.391240,2026-03-24 10:12:33.092325,C1005,4.4,wallet,125.93,01595006061,delivered
100823,R116,Nasr City,2026-03-24 10:01:00,2026-03-24 10:38:36.899972,2026-03-24 10:41:26.087413,C1025,8.3,wallet,203.72,01135621823,delivered
102485,R64,Mohandessin,2026-03-24 10:16:00,2026-03-24 11:00:49.627837,2026-03-24 11:00:01.717735,C1062,10.4,wallet,406.08,01016864045,delivered
103025,R84,Sheikh Zayed Extension,2026-03-24 10:29:00,2026-03-24 11:08:33.313078,2026-03-24 11:11:36.074129,C1112,5.9,cash,344.42,01013762881,delivered
100273,R64,Mohandessin,2026-03-24 11:01:00,2026-03-24 11:11:00.000000,2026-03-24 11:12:25.586978,C1129,1.4,cash,383.11,01586877238,delivered
101693,R103,Heliopolis,2026-03-24 11:02:00,2026-03-24 11:40:59.831556,2026-03-24 11:40:01.168985,C1149,6.7,wallet,247.34,01032484861,delivered
102009,R61,Heliopolis,2026-03-24 11:29:00,2026-03-24 12:21:12.338245,2026-03-24 12:17:14.966566,C1081,11.9,wallet,123.26,01096412818,delivered
103012,R68,Sheikh Zayed Extension,2026-03-24 12:59:00,2026-03-24 13:43:35.926381,2026-03-24 13:48:03.371569,C1186,4.7,card,72.88,01155949665,delivered
100370,R64,Maadi,2026-03-24 13:49:00,2026-03-24 14:31:53.409275,2026-03-24 14:29:46.689915,C1066,10.6,wallet,79.63,01018157663,delivered
102902,R21,Nasr City,2026-03-24 13:58:00,2026-03-24 14:14:15.290628,2026-03-24 14:18:22.663690,C1012,1.3,cash,301.88,011-7510-1990,delivered
100860,R115,El Maadi,2026-03-24 14:14:00,2026-03-24 15:06:15.705559,2026-03-24 15:04:28.111570,C1054,11.0,cash,331.9,01045442140,delivered
100797,R114,Mohandessin,2026-03-24 14:24:00,2026-03-24 14:51:27.139748,2026-03-24 14:51:18.807248,C1085,4.1,cash,111.03,01553469437,delivered
101296,R52,maadi,2026-03-24 14:32:00,2026-03-24 15:22:47.875199,2026-03-24 15:20:37.561414,C1087,9.8,wallet,387.79,01128408235,delivered
100589,R61,Nasr City,2026-03-24 15:06:00,2026-03-24 15:51:00.446152,2026-03-24 15:50:02.844102,C1023,7.5,cash,433.57,01219048784,delivered
101960,R32,Zamalek,2026-03-24 15:12:00,2026-03-24 15:59:46.358835,2026-03-24 16:00:59.997685,C1174,9.1,card,298.65,1097138423,delivered
102901,R39,Nasr City,2026-03-24 15:53:00,2026-03-24 16:27:47.870856,2026-03-24 16:23:03.061250,C1155,6.2,cash,285.72,01232055713,delivered
102592,R12,Heliopolis,2026-03-24 15:56:00,2026-03-24 16:33:06.030643,2026-03-24 16:36:25.255707,C1008,9.1,card,407.12,01532686143,delivered
100580,R13,Maadi,2026-03-24 16:06:00,2026-03-24 16:21:11.010721,2026-03-24 16:21:35.901340,C1101,1.9,wallet,252.59,01548222720,delivered
100704,R107,Heliopolis,2026-03-24 16:17:00,2026-03-24 17:02:38.648092,2026-03-24 16:59:32.316208,C1169,7.0,cash,237.83,01275281973,delivered
100139,R112,Dokki,2026-03-24 16:26:00,2026-03-24 17:11:02.244379,2026-03-24 17:06:24.102496,C1150,10.3,cash,395.53,01201837732,delivered
101386,R32,Mohandessin,2026-03-24 17:30:00,2026-03-24 17:57:58.328794,2026-03-24 17:56:41.616446,C1182,5.9,card,187.01,01122523786,delivered
100984,R113,Nasr City,2026-03-24 18:04:00,2026-03-24 18:27:33.477763,2026-03-24 18:31:59.747544,C1174,3.4,cash,137.73,01582900162,delivered
100149,R1,Zamalek,2026-03-24 18:11:00,2026-03-24 18:52:28.289778,2026-03-24 18:51:50.566603,C1191,7.5,wallet,122.55,01034850044,delivered
102591,R136,Maadi,2026-03-24 18:16:00,2026-03-24 19:06:34.277794,2026-03-24 19:05:33.805254,C1091,9.9,card,208.46,01128579060,delivered
101910,R105,Nasr City,2026-03-24 18:24:00,2026-03-24 19:10:59.333663,2026-03-24 19:11:52.676013,C1081,10.1,cash,79.49,01167645734,delivered
102565,R62,El Maadi,2026-03-24 18:31:00,2026-03-24 18:58:08.650158,2026-03-24 19:01:09.833005,,5.4,card,306.99,1521972740,delivered
103024,R123,Sheikh Zayed Extension,2026-03-24 18:35:00,2026-03-24 19:23:12.303986,2026-03-24 19:21:25.989378,,10.0,card,448.5,01585271588,delivered
102836,R107,Maadi,2026-03-24 19:28:00,2026-03-24 20:00:49.656100,,C1147,4.9,wallet,233.49,01016153066,cancelled
101616,R114,Dokki,2026-03-24 19:50:00,2026-03-24 20:08:46.877773,2026-03-24 20:10:46.033710,C1007,4.0,cash,369.48,01163673009,delivered
102188,R28,Nasr City,2026-03-24 20:14:00,2026-03-24 20:48:36.576855,2026-03-24 20:53:33.997646,C1185,8.8,cash,131.21,01157107418,delivered
102819,R70,Dokki,2026-03-24 20:22:00,2026-03-24 21:08:16.483223,2026-03-24 21:12:54.200436,C1011,12.0,cash,233.54,01275576221,delivered
100692,R138,Maadi,2026-03-24 20:49:00,2026-03-24 21:20:16.860420,2026-03-24 21:21:33.379623,C1135,6.1,wallet,306.29,01017481298,delivered
102076,R10,Maadi,2026-03-24 21:22:00,2026-03-24 22:06:17.762488,2026-03-24 22:01:52.295909,C1028,11.4,card,303.78,01585437689,delivered
101096,R130,Nasr City,2026-03-24 21:24:00,2026-03-24 22:05:15.990187,2026-03-24 22:00:32.208201,C1152,8.1,card,396.61,01066029120,delivered
101646,R17,Zamalek,2026-03-24 21:25:00,2026-03-24 22:08:45.413975,2026-03-24 22:07:53.670260,C1159,10.4,wallet,383.11,01547522546,delivered
102097,R38,Heliopolis,2026-03-24 21:45:00,2026-03-24 22:34:32.768634,2026-03-24 22:31:49.933523,C1086,7.6,wallet,385.96,01271252042,delivered
102984,R104,Maadi,2026-03-24 22:52:00,2026-03-24 23:14:20.310190,2026-03-24 23:15:00.769461,C1000,4.1,cash,66.8,01604269581,delivered
102359,R144,Nasr City,2026-03-25 07:08:00,2026-03-25 07:25:16.156763,2026-03-25 07:29:09.153542,C1147,4.6,cash,383.96,01575321726,delivered
102208,R34,Nasr City,2026-03-25 07:22:00,2026-03-25 07:44:26.636705,2026-03-25 07:45:33.939083,C1055,2.8,card,345.26,015-3435-2941,delivered
101740,R145,Nasr City,2026-03-25 07:41:00,2026-03-25 08:19:37.160574,2026-03-25 08:21:17.349317,C1129,10.2,cash,353.68,01110396443,delivered
100103,R112,Nasr City,2026-03-25 07:52:00,2026-03-25 08:16:50.361863,2026-03-25 08:20:02.665430,C1032,6.8,cash,152.95,01255583879,delivered
102106,R55,Dokki,2026-03-25 07:53:00,2026-03-25 08:38:00.094711,2026-03-25 08:40:34.696141,C1061,11.9,cash,172.4,01543826225,delivered
102748,R69,Zamalek,2026-03-25 08:47:00,2026-03-25 09:09:59.581857,2026-03-25 09:14:33.517268,C1082,4.3,wallet,401.95,01058475876,delivered
100586,R50,Heliopolis,2026-03-25 10:00:00,2026-03-25 10:48:22.671125,2026-03-25 10:51:16.085966,C1072,11.4,cash,185.46,01568667,delivered
100506,R124,Zamalek,2026-03-25 10:34:00,2026-03-25 11:06:20.998652,2026-03-25 11:08:16.049872,C1092,9.3,cash,438.43,01530139255,delivered
101115,R110,Zamalek,2026-03-25 11:16:00,2026-03-25 11:51:18.595871,2026-03-25 11:48:15.961920,C1188,4.7,cash,255.2,01571622947,delivered
102217,R125,Dokki,2026-03-25 12:21:00,2026-03-25 12:40:28.921572,,C1154,1.6,cash,240.13,01011216174,cancelled
101435,R95,Heliopolis,2026-03-25 12:30:00,2026-03-25 13:20:12.968888,2026-03-25 13:19:26.287626,C1041,10.7,wallet,321.68,01439228830,delivered
101873,R139,Nasr City,2026-03-25 13:06:00,2026-03-25 13:37:15.606525,2026-03-25 13:35:09.708265,C1097,6.0,card,224.9,01211104,delivered
101615,R68,Heliopolis,2026-03-25 13:21:00,2026-03-25 14:04:58.266543,2026-03-25 14:04:52.973611,C1123,9.9,cash,414.08,01041595447,delivered
100165,R47,Maadi,2026-03-25 13:56:00,2026-03-25 14:36:37.213878,2026-03-25 14:39:44.592046,C1174,8.6,cash,408.07,01056890232,delivered
102320,R45,El Maadi,2026-03-25 14:33:00,2026-03-25 15:07:23.460487,2026-03-25 15:07:20.187607,C1175,4.0,wallet,257.04,01129339275,delivered
102443,R118,Heliopolis,2026-03-25 14:35:00,2026-03-25 15:12:54.225153,2026-03-25 15:13:09.414751,,10.1,cash,81.87,01008061627,delivered
103018,R62,Sheikh Zayed Extension,2026-03-25 14:42:00,2026-03-25 15:37:01.887239,2026-03-25 15:34:23.322436,C1182,3.4,wallet,280.65,01053496761,delivered
102363,R54,Heliopolis,2026-03-25 14:57:00,2026-03-25 15:31:28.773097,2026-03-25 15:27:36.865816,C1001,3.5,wallet,185.18,01168661851,delivered
101100,R38,Maadi,2026-03-25 15:12:00,2026-03-25 15:46:58.629015,2026-03-25 15:51:52.770061,,6.6,cash,132.41,01058881790,delivered
100646,R88,Dokki,2026-03-25 16:12:00,2026-03-25 16:40:05.907188,2026-03-25 16:36:31.056742,C1102,3.1,cash,324.18,01079464595,delivered
101081,R25,Maadi,2026-03-25 16:40:00,2026-03-25 17:10:04.528349,2026-03-25 17:12:18.640889,C1128,6.1,cash,307.6,01275534249,delivered
102976,R120,Mohandessin,2026-03-25 16:41:00,2026-03-25 17:28:03.349253,2026-03-25 17:28:22.260085,C1050,8.6,wallet,375.99,01583345651,delivered
100708,R5,Nasr City,2026-03-25 17:01:00,2026-03-25 17:18:01.684920,2026-03-25 17:22:48.756944,C1164,4.3,card,324.36,01271047517,delivered
102980,R83,Heliopolis,2026-03-25 17:27:00,2026-03-25 18:12:55.550005,2026-03-25 18:12:49.280737,C1193,11.2,cash,262.08,01521307445,delivered
100750,R114,Dokki,2026-03-25 17:38:00,2026-03-25 18:40:35.002106,2026-03-25 18:40:24.935223,C1070,11.1,cash,389.08,01268543401,delivered
100554,R118,Heliopolis,2026-03-25 18:20:00,2026-03-25 19:00:23.075404,2026-03-25 18:59:11.993506,C1040,5.9,cash,254.09,01148111596,delivered
101112,R131,Maadi,2026-03-25 19:02:00,2026-03-25 19:43:49.150525,2026-03-25 19:41:26.369858,C1140,7.2,card,140.09,01554259327,delivered
101597,R43,Maadi,2026-03-25 19:50:00,2026-03-25 20:19:00.272372,2026-03-25 20:22:10.569044,C1084,7.6,wallet,333.03,01031066179,delivered
102977,R111,maadi,2026-03-25 20:34:00,2026-03-25 21:21:51.069482,2026-03-25 21:23:25.847162,C1023,9.5,cash,296.8,01177563201,delivered
100453,R15,Mohandessin,2026-03-25 20:34:00,2026-03-25 21:20:05.838100,,C1129,8.9,cash,199.52,01038788771,cancelled
101596,R141,Zamalek,2026-03-25 22:37:00,2026-03-25 23:14:05.128625,2026-03-25 23:17:30.407984,C1052,10.0,card,104.14,01524167467,delivered
100968,R48,Dokki,2026-03-25 22:57:00,2026-03-25 23:42:37.185148,2026-03-25 23:41:53.571375,C1128,9.6,wallet,324.26,01240798193,delivered
102971,R16,Heliopolis,2026-03-26 07:00:00,2026-03-26 07:47:32.754183,2026-03-26 07:44:57.247670,C1018,10.6,cash,300.97,01178972967,delivered
102552,R65,Heliopolis,2026-03-26 07:01:00,2026-03-26 07:46:44.856297,2026-03-26 07:42:46.131584,C1127,7.9,cash,409.1,012-8097-8984,delivered
100334,R149,Heliopolis,2026-03-26 07:07:00,2026-03-26 07:32:38.993191,2026-03-26 07:33:22.850875,,3.3,cash,196.64,01082978816,delivered
103002,R115,Sheikh Zayed Extension,2026-03-26 07:14:00,2026-03-26 08:45:56.169521,2026-03-26 08:42:55.152938,C1012,14.3,cash,263.73,01062212979,delivered
102886,R41,Maadi,2026-03-26 07:40:00,2026-03-26 08:23:27.522611,2026-03-26 08:24:14.551120,C1029,10.1,cash,235.17,01614889188,delivered
101216,R143,Maadi,2026-03-26 08:01:00,2026-03-26 08:38:49.354736,2026-03-26 08:43:33.869100,C1147,10.5,card,320.56,012-8219-8849,delivered
101021,R71,Nasr City,2026-03-26 08:14:00,2026-03-26 08:52:51.537366,2026-03-26 08:49:50.230046,C1189,8.1,cash,323.4,01252159498,delivered
101520,R13,Maadi,2026-03-26 08:38:00,2026-03-26 09:06:37.763441,2026-03-26 09:04:22.013441,C1012,6.2,cash,355.93,01221239680,delivered
100431,R69,Heliopolis,2026-03-26 08:39:00,2026-03-26 09:01:41.685289,2026-03-26 09:04:39.679680,C1078,3.4,wallet,105.08,01582837829,delivered
102455,R90,Heliopolis,2026-03-26 08:39:00,2026-03-26 09:13:03.296695,2026-03-26 09:12:33.182179,C1129,5.3,cash,159.18,01007602840,delivered
100542,R75,Nasr City,2026-03-26 08:48:00,2026-03-26 09:15:04.363429,2026-03-26 09:13:45.484710,C1053,5.9,cash,228.21,01259218974,delivered
102872,R20,Nasr City,2026-03-26 08:57:00,2026-03-26 09:30:50.188470,2026-03-26 09:29:49.624603,C1197,4.7,card,87.12,01537391031,delivered
100822,R95,Zamalek,2026-03-26 09:06:00,2026-03-26 09:58:58.261696,2026-03-26 10:01:44.986667,C1104,11.9,cash,301.63,01154408798,delivered
101957,R67,Heliopolis,2026-03-26 09:13:00,2026-03-26 09:49:09.925883,2026-03-26 09:51:56.748961,C1026,6.9,cash,283.56,01291994042,delivered
103017,R24,Sheikh Zayed Extension,2026-03-26 09:29:00,2026-03-26 10:36:13.636226,2026-03-26 10:41:00.593766,C1003,10.8,cash,412.26,01154459552,delivered
102032,R106,Nasr City,2026-03-26 09:58:00,2026-03-26 10:52:15.659000,2026-03-26 10:47:40.927501,C1108,10.7,cash,254.51,01047072884,delivered
102956,R61,El Maadi,2026-03-26 10:09:00,2026-03-26 10:50:26.230709,2026-03-26 10:50:32.269671,C1034,9.5,cash,301.18,01223481459,delivered
102725,R116,Dokki,2026-03-26 10:35:00,2026-03-26 11:06:41.583057,2026-03-26 11:08:58.320744,C1048,5.3,cash,81.47,01263830518,delivered
102699,R94,Mohandessin,2026-03-26 10:45:00,2026-03-26 11:40:32.405136,2026-03-26 11:38:33.750351,C1177,10.0,wallet,288.49,01542114304,delivered
100796,R111,Mohandessin,2026-03-26 12:01:00,2026-03-26 12:45:33.071077,2026-03-26 12:41:08.293116,C1000,9.6,card,116.84,01220780477,delivered
102230,R25,Nasr City,2026-03-26 12:33:00,2026-03-26 13:04:02.704494,2026-03-26 13:00:05.530713,C1182,1.7,wallet,439.52,01259294998,delivered
101677,R97,El Maadi,2026-03-26 12:39:00,2026-03-26 13:25:12.737688,2026-03-26 13:20:26.571188,C1196,9.2,card,65.19,01123720,delivered
103015,R37,Sheikh Zayed Extension,2026-03-26 12:44:00,2026-03-26 13:29:31.705108,2026-03-26 13:25:19.599419,,7.9,cash,318.74,01045729371,delivered
102129,R26,Zamalek,2026-03-26 14:32:00,2026-03-26 15:04:30.903261,2026-03-26 15:05:20.850961,C1109,7.1,wallet,342.9,01230361648,delivered
102002,R13,Heliopolis,2026-03-26 14:53:00,2026-03-26 15:38:44.989394,2026-03-26 15:34:51.180235,C1031,10.6,cash,226.11,01201221877,delivered
100373,R129,Zamalek,2026-03-26 15:24:00,2026-03-26 16:09:52.948882,2026-03-26 16:06:12.036124,,9.4,cash,202.11,01039023529,delivered
101427,R104,Maadi,2026-03-26 15:48:00,2026-03-26 16:22:07.794606,2026-03-26 16:23:53.216616,C1043,9.0,wallet,156.52,1046197605,delivered
102482,R123,Dokki,2026-03-26 16:41:00,2026-03-26 17:06:50.427385,2026-03-26 17:07:24.370124,C1168,7.2,cash,321.17,01211037036,delivered
101691,R52,Nasr City,2026-03-26 17:06:00,2026-03-26 17:24:39.693522,2026-03-26 17:21:41.542146,C1114,2.5,card,375.26,1138586795,delivered
102792,R132,Dokki,2026-03-26 17:06:00,2026-03-26 17:39:37.187320,2026-03-26 17:37:59.083591,C1156,2.0,cash,79.36,01198094116,delivered
101955,R9,Dokki,2026-03-26 17:18:00,2026-03-26 17:53:48.050594,2026-03-26 17:57:03.811246,C1041,7.6,cash,251.14,01130154843,delivered
103005,R36,Sheikh Zayed Extension,2026-03-26 17:24:00,2026-03-26 18:07:23.084313,2026-03-26 18:05:09.293964,C1124,6.8,cash,251.78,011-8278-4198,delivered
100136,R38,Zamalek,2026-03-26 17:27:00,2026-03-26 17:48:43.993655,2026-03-26 17:52:43.018885,C1171,5.6,cash,75.11,01035640798,delivered
103020,R149,Sheikh Zayed Extension,2026-03-26 19:49:00,2026-03-26 20:58:27.517365,2026-03-26 21:03:19.896016,C1109,14.8,wallet,365.09,01012792578,delivered
101727,R79,Heliopolis,2026-03-26 20:30:00,2026-03-26 21:08:49.526326,2026-03-26 21:03:55.243671,C1192,5.2,card,235.92,01107221635,delivered
101474,R134,Mohandessin,2026-03-26 22:07:00,2026-03-26 22:57:53.808949,2026-03-26 22:56:19.821460,C1034,9.5,card,406.04,01507149157,delivered
101952,R51,Mohandessin,2026-03-26 22:25:00,2026-03-26 23:04:47.905440,2026-03-26 23:07:45.999187,C1158,9.8,cash,141.26,01123303543,delivered
103023,R42,Sheikh Zayed Extension,2026-03-26 22:52:00,2026-03-27 00:02:35.442298,,C1053,8.9,cash,370.18,01511443923,cancelled
103019,R113,Sheikh Zayed Extension,2026-03-27 07:01:00,2026-03-27 08:28:13.908647,,,12.1,card,185.73,01062431565,cancelled
101111,R97,El Maadi,2026-03-27 07:11:00,2026-03-27 07:22:31.189878,2026-03-27 07:25:00.569765,C1143,1.9,card,313.98,01280448024,delivered
101075,R25,Maadi,2026-03-27 07:52:00,2026-03-27 08:32:27.347418,2026-03-27 08:36:19.995260,C1140,9.2,card,189.68,01570077502,delivered
101019,R113,Nasr City,2026-03-27 08:31:00,2026-03-27 09:04:09.949730,2026-03-27 09:05:27.368743,C1030,6.8,cash,315.99,01168546991,delivered
101767,R60,Heliopolis,2026-03-27 08:39:00,2026-03-27 09:37:04.701515,2026-03-27 09:35:03.785791,C1004,10.1,card,107.46,011555857,delivered
102286,R8,Dokki,2026-03-27 08:41:00,2026-03-27 09:25:33.098580,2026-03-27 09:27:21.677200,C1014,11.0,card,102.5,01135306602,delivered
100024,R21,El Maadi,2026-03-27 09:05:00,2026-03-27 09:36:14.701452,2026-03-27 09:36:46.497291,C1187,5.8,card,246.95,01107894128,delivered
100166,R100,Dokki,2026-03-27 10:19:00,2026-03-27 11:10:28.557180,2026-03-27 11:11:02.448834,C1100,11.9,wallet,198.56,01127873113,delivered
102732,R16,Nasr City,2026-03-27 10:36:00,2026-03-27 11:14:08.034439,2026-03-27 11:12:04.965214,C1112,8.1,card,405.35,01168594561,delivered
101350,R39,Maadi,2026-03-27 10:45:00,2026-03-27 11:29:47.461799,2026-03-27 11:26:03.342455,C1023,8.4,cash,180.39,01229733996,delivered
101106,R130,Dokki,2026-03-27 11:16:00,2026-03-27 11:52:07.493635,2026-03-27 11:55:37.027349,C1061,9.9,cash,80.24,01547307274,delivered
103016,R72,Sheikh Zayed Extension,2026-03-27 11:33:00,2026-03-27 12:36:20.183744,,,6.5,cash,376.82,01230434524,cancelled
102860,R79,Nasr City,2026-03-27 11:47:00,2026-03-27 12:07:25.570713,2026-03-27 12:09:27.444754,C1008,1.4,cash,374.56,01507682321,delivered
101485,R20,El Maadi,2026-03-27 12:14:00,2026-03-27 12:47:37.605282,2026-03-27 12:44:34.308392,C1176,5.2,cash,220.02,01209564262,delivered
101490,R123,Dokki,2026-03-27 12:17:00,2026-03-27 12:40:39.004503,,C1021,2.9,wallet,335.79,01001490001,cancelled
101802,R123,Nasr City,2026-03-27 12:28:00,2026-03-27 12:58:49.644969,2026-03-27 12:58:21.782179,C1041,6.3,wallet,435.25,012-4246-1978,delivered
101538,R117,Heliopolis,2026-03-27 13:11:00,2026-03-27 13:36:08.809704,,C1132,4.8,cash,436.24,01165864230,cancelled
101583,R138,Dokki,2026-03-27 13:36:00,2026-03-27 14:30:16.101843,,C1080,10.7,wallet,213.33,01574694288,cancelled
102094,R124,El Maadi,2026-03-27 13:57:00,2026-03-27 14:50:16.647876,2026-03-27 14:47:48.028725,C1095,9.9,cash,421.95,01218787950,delivered
100015,R21,Mohandessin,2026-03-27 14:01:00,2026-03-27 14:42:07.433565,2026-03-27 14:38:10.972008,C1144,7.1,wallet,292.46,01284467806,delivered
102671,R129,Zamalek,2026-03-27 14:13:00,2026-03-27 15:01:09.252239,2026-03-27 14:59:01.181249,C1020,11.4,cash,353.07,01179938532,delivered
101139,R106,Heliopolis,2026-03-27 15:08:00,2026-03-27 15:27:38.998956,2026-03-27 15:29:19.715843,C1009,4.1,cash,374.58,01163843516,delivered
102825,R52,Maadi,2026-03-27 15:16:00,2026-03-27 15:43:23.103795,2026-03-27 15:41:49.988511,C1180,7.0,cash,189.24,01516914903,delivered
101836,R129,Mohandessin,2026-03-27 15:49:00,2026-03-27 16:42:10.049174,2026-03-27 16:39:44.179489,C1008,11.3,card,279.14,01023785934,delivered
102553,R76,Heliopolis,2026-03-27 16:26:00,2026-03-27 17:14:19.499626,2026-03-27 17:10:38.553636,,11.5,cash,122.18,01128045265,delivered
101277,R132,Zamalek,2026-03-27 16:54:00,2026-03-27 17:22:12.420732,2026-03-27 17:20:37.195544,C1106,2.0,cash,264.48,1226069452,delivered
101218,R31,Maadi,2026-03-27 17:06:00,2026-03-27 17:46:52.475913,2026-03-27 17:50:20.754554,C1040,10.5,cash,348.9,010-2755-4460,delivered
101365,R2,Heliopolis,2026-03-27 17:08:00,2026-03-27 17:49:49.401610,2026-03-27 17:51:47.200329,C1080,9.3,cash,228.78,01508627778,delivered
100525,R103,El Maadi,2026-03-27 17:45:00,2026-03-27 18:17:16.353175,2026-03-27 18:21:38.011056,C1114,8.5,cash,325.02,01936924882,delivered
102027,R113,Zamalek,2026-03-27 18:04:00,2026-03-27 18:29:59.593944,2026-03-27 18:34:21.833971,,4.3,cash,251.66,01574200814,delivered
100641,R24,Maadi,2026-03-27 18:30:00,2026-03-27 19:11:24.017398,2026-03-27 19:13:34.266036,C1049,8.7,card,362.46,01195924819,delivered
102700,R11,Mohandessin,2026-03-27 19:10:00,2026-03-27 19:40:36.114351,2026-03-27 19:42:31.293242,C1158,5.2,cash,162.11,01571610926,delivered
101226,R16,Dokki,2026-03-27 20:56:00,2026-03-27 21:22:07.896237,2026-03-27 21:17:32.331720,C1111,3.6,card,384.36,01570220608,delivered
101029,R6,Maadi,2026-03-27 21:40:00,2026-03-27 22:07:17.987665,2026-03-27 22:04:27.357274,C1178,1.7,cash,267.86,01260890278,delivered
102125,R148,Maadi,2026-03-27 21:41:00,2026-03-27 22:20:40.735156,2026-03-27 22:18:10.442080,C1135,6.8,card,220.43,01227356117,delivered
102182,R78,Zamalek,2026-03-27 22:27:00,2026-03-27 22:37:06.479831,2026-03-27 22:40:23.523084,C1154,1.1,card,186.66,01098745958,delivered
101920,R106,Nasr City,2026-03-27 22:36:00,2026-03-27 23:05:45.881719,2026-03-27 23:03:22.936581,C1176,3.4,wallet,259.51,01114804850,delivered
102772,R82,Nasr City,2026-03-28 07:19:00,2026-03-28 07:57:55.178326,2026-03-28 08:02:27.465876,C1185,8.9,cash,278.69,01561575134,delivered
101035,R142,El Maadi,2026-03-28 07:58:00,2026-03-28 08:19:35.351552,2026-03-28 08:23:38.883422,C1135,2.6,cash,120.06,01654219455,delivered
101572,R75,Dokki,2026-03-28 08:53:00,2026-03-28 09:25:58.469106,2026-03-28 09:29:26.936622,C1179,6.9,card,63.74,0127944,delivered
100308,R9,Dokki,2026-03-28 09:38:00,2026-03-28 10:06:19.950179,2026-03-28 10:06:55.088619,C1196,3.5,wallet,167.13,01296505171,delivered
101107,R3,Dokki,2026-03-28 09:44:00,2026-03-28 10:37:48.716462,,C1157,11.9,card,376.92,01073769791,cancelled
102314,R109,Zamalek,2026-03-28 10:21:00,2026-03-28 10:42:56.918568,2026-03-28 10:42:11.433889,C1104,2.3,cash,286.77,01140728698,delivered
101166,R46,Nasr City,2026-03-28 10:41:00,2026-03-28 11:37:51.552490,2026-03-28 11:33:22.580751,C1158,10.5,card,427.8,01196382658,delivered
102895,R136,Dokki,2026-03-28 11:19:00,2026-03-28 11:54:48.041361,,C1148,7.8,cash,288.44,01151726675,cancelled
101188,R97,Dokki,2026-03-28 11:48:00,2026-03-28 12:50:08.467381,2026-03-28 12:45:44.401809,C1061,11.6,cash,402.71,012-5691-9058,delivered
101333,R130,Heliopolis,2026-03-28 12:00:00,2026-03-28 12:41:54.511099,2026-03-28 12:38:59.285698,C1147,10.1,card,239.55,015-8045-0692,delivered
101973,R113,Mohandessin,2026-03-28 12:01:00,2026-03-28 12:43:56.769832,2026-03-28 12:46:59.527070,,10.1,cash,198.64,01111405754,delivered
100443,R35,El Maadi,2026-03-28 12:19:00,2026-03-28 12:54:23.524543,2026-03-28 12:58:34.541149,,11.0,cash,336.85,01536564717,delivered
100499,R126,Mohandessin,2026-03-28 12:40:00,2026-03-28 13:14:05.502506,,C1082,7.9,cash,420.59,01576724492,cancelled
100377,R4,Zamalek,2026-03-28 12:59:00,2026-03-28 13:11:54.430662,2026-03-28 13:15:01.259233,C1086,1.4,cash,343.93,01276760821,delivered
102962,R51,Heliopolis,2026-03-28 15:38:00,2026-03-28 16:06:50.703848,2026-03-28 16:05:02.346262,C1137,7.3,card,215.28,01589708234,delivered
100824,R76,Nasr City,2026-03-28 16:34:00,2026-03-28 17:20:26.323715,2026-03-28 17:17:40.550005,C1121,10.2,cash,347.01,01085174032,delivered
100972,R64,Nasr City,2026-03-28 17:00:00,2026-03-28 17:38:52.125791,2026-03-28 17:35:57.602488,,8.7,cash,156.23,01501656224,delivered
101976,R136,Dokki,2026-03-28 17:33:00,2026-03-28 17:54:02.180985,2026-03-28 17:58:53.558133,C1059,4.1,cash,354.38,01003110211,delivered
102674,R137,Heliopolis,2026-03-28 17:37:00,2026-03-28 18:11:43.680151,2026-03-28 18:10:28.391627,C1094,6.6,cash,342.47,01533860015,delivered
102180,R124,Heliopolis,2026-03-28 17:53:00,2026-03-28 18:43:04.024191,2026-03-28 18:40:50.495871,C1073,10.7,card,216.0,01198779245,delivered
100364,R110,Zamalek,2026-03-28 18:13:00,2026-03-28 18:52:35.868206,2026-03-28 18:53:48.386431,C1048,9.5,cash,78.25,01219626733,delivered
101636,R12,Zamalek,2026-03-28 18:25:00,2026-03-28 18:48:02.058712,2026-03-28 18:52:20.409534,C1096,1.9,cash,151.68,01277988368,delivered
102843,R96,El Maadi,2026-03-28 18:43:00,2026-03-28 18:57:10.965206,2026-03-28 18:58:59.958184,C1002,1.4,card,359.03,01575457877,delivered
101156,R13,Nasr City,2026-03-28 19:31:00,2026-03-28 19:53:02.710356,,C1089,2.8,card,135.49,015117344,cancelled
100212,R124,Nasr City,2026-03-28 19:33:00,2026-03-28 20:00:39.434959,2026-03-28 19:59:58.836213,C1161,5.5,wallet,280.08,01170895561,delivered
100678,R55,maadi,2026-03-28 19:56:00,2026-03-28 20:24:41.017231,2026-03-28 20:27:29.638110,C1048,4.1,wallet,413.46,01173123700,delivered
100992,R143,Maadi,2026-03-28 20:04:00,2026-03-28 21:06:49.427173,2026-03-28 21:08:24.205334,C1168,11.8,cash,118.03,01510394833,delivered
100625,R34,Maadi,2026-03-28 20:18:00,2026-03-28 20:48:47.910333,2026-03-28 20:51:42.180587,C1117,5.7,wallet,295.44,01113117144,delivered
100108,R18,Mohandessin,2026-03-28 20:19:00,2026-03-28 20:40:06.484442,2026-03-28 20:36:00.485277,,2.9,wallet,88.88,015507064,delivered
101314,R127,Maadi,2026-03-28 20:31:00,2026-03-28 21:07:48.244962,2026-03-28 21:08:48.287534,C1021,4.7,card,400.97,01217628792,delivered
102556,R40,Nasr City,2026-03-28 20:41:00,2026-03-28 21:08:26.334148,2026-03-28 21:12:29.386956,C1192,1.6,card,275.87,012164954,delivered
101786,R5,Maadi,2026-03-28 21:37:00,2026-03-28 21:47:00.000000,2026-03-28 21:49:48.040713,C1085,1.1,cash,442.54,012-2468-3208,delivered
101813,R130,Mohandessin,2026-03-28 22:57:00,2026-03-28 23:41:59.516675,2026-03-28 23:40:07.737586,C1013,7.4,cash,110.55,01590213510,delivered
102260,R69,Nasr City,2026-03-29 07:54:00,2026-03-29 08:17:19.617829,2026-03-29 08:18:40.784001,C1031,2.1,cash,388.79,01535863282,delivered
100659,R139,Mohandessin,2026-03-29 08:10:00,2026-03-29 08:38:44.537686,2026-03-29 08:40:13.942815,C1036,5.7,card,298.37,01140131663,delivered
100280,R36,Dokki,2026-03-29 08:30:00,2026-03-29 09:15:18.685455,2026-03-29 09:19:08.816298,C1170,11.0,card,139.06,01098421930,delivered
101682,R147,Zamalek,2026-03-29 08:53:00,2026-03-29 09:31:44.905737,2026-03-29 09:28:04.625906,C1006,4.9,wallet,97.01,0126483,delivered
101561,R5,Maadi,2026-03-29 09:00:00,2026-03-29 09:30:42.274129,2026-03-29 09:31:13.574968,C1054,8.5,card,70.63,01216863481,delivered
102634,R76,Zamalek,2026-03-29 10:34:00,2026-03-29 11:11:23.480353,2026-03-29 11:06:24.229235,C1051,2.5,cash,211.19,01546963823,delivered
100276,R145,Dokki,2026-03-29 10:44:00,2026-03-29 11:14:07.778892,2026-03-29 11:17:38.116058,C1016,5.6,card,342.43,01295676366,delivered
101756,R64,Dokki,2026-03-29 11:16:00,2026-03-29 11:44:35.662342,2026-03-29 11:40:15.403147,C1049,3.0,card,282.17,01167299423,delivered
100230,R99,Maadi,2026-03-29 12:14:00,2026-03-29 12:31:59.726742,2026-03-29 12:30:21.918714,C1044,1.6,wallet,434.89,01284734476,delivered
103010,R71,Sheikh Zayed Extension,2026-03-29 12:25:00,2026-03-29 13:03:23.838191,2026-03-29 13:06:23.183661,C1000,7.1,card,328.85,01254259402,delivered
101517,R118,Dokki,2026-03-29 12:29:00,2026-03-29 12:42:05.659551,2026-03-29 12:42:38.355115,C1124,1.3,cash,91.96,01001780265,delivered
100464,R62,El Maadi,2026-03-29 13:19:00,2026-03-29 14:06:03.253083,2026-03-29 14:07:44.007022,C1076,10.9,wallet,174.57,01079853374,delivered
102257,R118,Zamalek,2026-03-29 13:28:00,2026-03-29 14:01:42.631013,2026-03-29 13:56:44.705153,C1140,3.2,cash,279.04,01551703975,delivered
102572,R67,Mohandessin,2026-03-29 13:37:00,2026-03-29 14:14:11.082377,2026-03-29 14:10:44.350221,C1075,4.2,card,211.02,01189169559,delivered
101850,R1,Maadi,2026-03-29 14:46:00,2026-03-29 15:25:50.992796,2026-03-29 15:23:36.135201,,4.4,cash,373.23,01947647243,delivered
102566,R4,Nasr City,2026-03-29 15:00:00,2026-03-29 15:46:40.138049,2026-03-29 15:48:45.882028,C1192,11.1,wallet,184.67,01698982157,delivered
102664,R138,Nasr City,2026-03-29 15:03:00,2026-03-29 15:17:52.922437,2026-03-29 15:16:05.594942,C1117,1.5,cash,235.95,01161573166,delivered
101861,R76,Heliopolis,2026-03-29 15:49:00,2026-03-29 16:13:14.243617,2026-03-29 16:09:09.441157,C1167,1.8,card,239.89,01556496151,delivered
102708,R18,Dokki,2026-03-29 17:56:00,2026-03-29 18:43:11.900339,2026-03-29 18:42:38.284900,C1118,9.9,cash,246.84,01096580098,delivered
102869,R117,Zamalek,2026-03-29 19:03:00,2026-03-29 19:49:21.431649,2026-03-29 19:45:59.983490,C1018,8.9,card,111.78,01267357467,delivered
100793,R133,Maadi,2026-03-29 19:10:00,2026-03-29 19:50:12.658649,2026-03-29 19:47:15.112874,C1031,8.6,card,103.89,01031422,delivered
103022,R97,Sheikh Zayed Extension,2026-03-29 19:20:00,2026-03-29 20:03:56.521067,2026-03-29 20:05:30.999532,,9.2,card,353.49,01614187935,delivered
101056,R19,Zamalek,2026-03-29 19:32:00,2026-03-29 20:22:09.659961,2026-03-29 20:17:45.417589,C1054,10.3,cash,145.67,01203819264,delivered
100833,R86,Nasr City,2026-03-29 19:33:00,2026-03-29 20:02:39.298175,2026-03-29 20:03:54.340961,C1060,7.4,wallet,420.92,01035896463,delivered
100870,R31,Heliopolis,2026-03-29 20:14:00,2026-03-29 20:51:07.055635,2026-03-29 20:55:15.460597,C1168,7.9,wallet,448.38,01186619664,delivered
102356,R118,Nasr City,2026-03-29 20:21:00,2026-03-29 20:57:42.504857,2026-03-29 20:54:10.018382,C1186,6.9,wallet,430.12,01552550095,delivered
101087,R65,Heliopolis,2026-03-29 20:33:00,2026-03-29 20:58:51.066154,2026-03-29 21:01:03.218680,,6.0,cash,366.34,01263195040,delivered
102543,R106,Nasr City,2026-03-29 20:34:00,2026-03-29 20:54:20.074084,2026-03-29 20:56:49.516736,C1088,1.8,cash,375.87,01044079269,delivered
101770,R21,Nasr City,2026-03-29 20:43:00,2026-03-29 20:58:52.849032,2026-03-29 21:03:37.421639,C1035,2.4,card,212.23,01154076816,delivered
100409,R24,Nasr City,2026-03-29 21:29:00,2026-03-29 21:49:44.951703,2026-03-29 21:50:48.538058,C1085,2.8,wallet,181.44,01063867485,delivered
101885,R111,Heliopolis,2026-03-29 22:16:00,2026-03-29 23:04:22.829489,2026-03-29 23:04:04.974889,C1163,10.0,cash,314.41,01298513329,delivered
102584,R15,Dokki,2026-03-29 22:20:00,2026-03-29 23:02:32.824739,2026-03-29 23:01:38.493621,C1185,8.8,cash,111.78,011-9530-1568,delivered
100926,R49,Maadi,2026-03-29 22:49:00,2026-03-29 23:14:21.742230,2026-03-29 23:12:38.482196,C1158,3.4,card,353.1,01004145209,delivered
102316,R121,Nasr City,2026-03-29 22:52:00,2026-03-29 23:08:46.074732,2026-03-29 23:09:00.221310,C1054,2.8,cash,330.33,01266212155,delivered
100959,R52,Nasr City,2026-03-30 07:10:00,2026-03-30 07:44:00.536369,2026-03-30 07:46:59.725956,C1155,8.6,cash,252.65,01556786506,delivered
101508,R55,Dokki,2026-03-30 07:42:00,2026-03-30 08:20:43.757855,2026-03-30 08:18:13.581139,,6.5,card,335.25,1181293361,delivered
100799,R69,Maadi,2026-03-30 07:59:00,2026-03-30 08:11:16.552687,2026-03-30 08:15:44.985600,C1012,2.2,card,131.95,01289899186,delivered
100480,R19,Maadi,2026-03-30 07:59:00,2026-03-30 08:14:29.232230,2026-03-30 08:15:58.163831,C1052,1.9,wallet,429.88,01337700637,delivered
101020,R149,Dokki,2026-03-30 08:36:00,2026-03-30 09:32:41.915044,2026-03-30 09:31:36.072894,C1106,8.2,card,436.69,01577663866,delivered
101454,R108,Zamalek,2026-03-30 08:51:00,2026-03-30 09:30:33.212717,2026-03-30 09:32:41.262284,,7.9,cash,287.69,01272972643,delivered
100751,R23,Zamalek,2026-03-30 09:11:00,2026-03-30 09:35:01.159148,2026-03-30 09:35:37.814339,C1117,2.6,card,329.3,01441085771,delivered
100097,R140,Dokki,2026-03-30 09:18:00,2026-03-30 09:47:36.732914,2026-03-30 09:48:40.512553,C1125,5.4,card,175.56,01017069740,delivered
102292,R6,El Maadi,2026-03-30 09:28:00,2026-03-30 09:46:33.396230,2026-03-30 09:48:05.707873,C1094,2.4,wallet,367.02,01270442589,delivered
101209,R107,Nasr City,2026-03-30 09:57:00,2026-03-30 10:27:32.868033,2026-03-30 10:28:53.788928,C1059,4.9,card,392.41,01286121577,delivered
100561,R124,Maadi,2026-03-30 09:58:00,2026-03-30 10:39:05.029037,2026-03-30 10:34:34.458549,C1195,4.6,card,364.85,01506775797,delivered
100263,R78,maadi,2026-03-30 10:07:00,2026-03-30 10:47:38.170752,2026-03-30 10:48:54.638406,C1005,7.1,cash,379.7,01649870873,delivered
100565,R12,Maadi,2026-03-30 10:29:00,2026-03-30 10:56:33.237788,2026-03-30 10:55:35.941327,C1036,2.1,wallet,334.33,1053717916,delivered
101380,R101,Zamalek,2026-03-30 11:13:00,2026-03-30 11:40:22.405778,2026-03-30 11:38:26.523003,C1053,2.7,wallet,352.82,01435986745,delivered
101272,R139,Maadi,2026-03-30 12:29:00,2026-03-30 12:43:01.279632,2026-03-30 12:46:59.384423,C1106,3.5,cash,244.82,01577006438,delivered
101763,R90,Maadi,2026-03-30 12:50:00,2026-03-30 13:05:44.019137,2026-03-30 13:05:40.304148,C1085,2.9,cash,88.84,01076261905,delivered
102944,R105,Nasr City,2026-03-30 13:09:00,2026-03-30 13:45:17.944731,2026-03-30 13:41:39.935059,C1189,6.4,wallet,344.4,012-7637-3786,delivered
101644,R137,El Maadi,2026-03-30 13:18:00,2026-03-30 13:41:43.994272,2026-03-30 13:45:24.736084,C1178,3.1,cash,227.91,01201793667,delivered
100192,R28,Dokki,2026-03-30 13:38:00,2026-03-30 14:20:34.148944,2026-03-30 14:24:09.209635,,9.1,card,198.0,01343008079,delivered
103014,R147,Sheikh Zayed Extension,2026-03-30 13:51:00,2026-03-30 15:05:24.380631,2026-03-30 15:05:01.529845,C1070,11.3,card,226.51,01225019754,delivered
101592,R72,El Maadi,2026-03-30 13:52:00,2026-03-30 14:44:48.304793,2026-03-30 14:44:20.304012,C1034,11.5,cash,139.7,01271002104,cancelled
100292,R21,Nasr City,2026-03-30 13:58:00,2026-03-30 14:38:04.141657,2026-03-30 14:40:33.899405,C1070,10.5,cash,66.56,01595321914,delivered
100962,R74,Zamalek,2026-03-30 15:01:00,2026-03-30 15:31:24.178186,2026-03-30 15:28:33.368387,,7.5,wallet,189.52,01170738791,delivered
100961,R71,Nasr City,2026-03-30 15:23:00,2026-03-30 15:46:46.061447,2026-03-30 15:50:18.993256,C1199,4.2,wallet,61.1,01514428102,delivered
101905,R43,Zamalek,2026-03-30 15:38:00,2026-03-30 16:24:18.432114,2026-03-30 16:23:15.143698,C1110,6.0,wallet,162.41,01179334433,delivered
101810,R104,Dokki,2026-03-30 15:49:00,2026-03-30 16:21:34.251130,2026-03-30 23:49:00.000000,C1070,7.2,cash,219.88,01559275536,delivered
102028,R70,Maadi,2026-03-30 16:45:00,2026-03-30 17:10:13.058755,2026-03-30 17:12:16.572221,C1025,3.9,card,262.9,011472886,delivered
102310,R144,maadi,2026-03-30 16:46:00,2026-03-30 17:16:39.982478,2026-03-30 17:11:55.926405,C1158,5.0,cash,304.51,01019152731,delivered
100879,R148,Maadi,2026-03-30 16:47:00,2026-03-30 17:26:55.031054,2026-03-30 17:31:08.553546,C1171,9.2,cash,427.4,01071418326,delivered
102001,R53,Heliopolis,2026-03-30 17:15:00,2026-03-30 17:29:58.983388,2026-03-30 17:34:34.437590,C1086,4.5,card,232.52,01564846787,delivered
100006,R107,Dokki,2026-03-30 17:24:00,2026-03-30 18:10:27.794974,2026-03-30 18:05:41.422218,C1081,10.0,card,240.13,01091464413,delivered
102005,R35,Mohandessin,2026-03-30 18:04:00,2026-03-30 18:50:46.884753,2026-03-30 18:47:44.685673,C1171,10.5,card,117.39,01261644807,delivered
101928,R20,Heliopolis,2026-03-30 18:59:00,2026-03-30 19:20:12.649466,2026-03-30 19:23:49.408100,C1194,4.9,cash,92.5,01175029995,delivered
103011,R88,Sheikh Zayed Extension,2026-03-30 19:06:00,2026-03-30 20:25:50.761988,2026-03-30 20:24:05.411069,,13.9,cash,79.2,01019458937,delivered
101124,R64,Maadi,2026-03-30 19:33:00,2026-03-30 20:27:40.661871,2026-03-30 20:23:21.763275,C1084,10.1,cash,423.1,01288989974,delivered
102669,R73,Zamalek,2026-03-30 20:11:00,2026-03-30 20:29:28.305118,2026-03-30 20:27:52.202708,C1011,2.0,cash,438.58,01294522159,delivered
100315,R19,Maadi,2026-03-30 20:24:00,2026-03-30 20:51:47.759646,2026-03-30 20:54:15.528733,C1049,8.1,card,304.02,01507180216,delivered
101258,R79,Nasr City,2026-03-30 20:47:00,2026-03-30 21:11:18.267015,2026-03-30 21:13:53.294740,,1.7,cash,204.19,01568514973,delivered
100997,R114,El Maadi,2026-03-30 21:29:00,2026-03-30 21:56:39.984145,2026-03-30 21:55:42.578106,C1084,4.0,card,419.89,01533824936,delivered
100227,R71,Dokki,2026-03-30 21:49:00,2026-03-30 22:30:17.251922,2026-03-30 22:34:38.061859,C1117,9.0,card,391.9,01287789625,delivered
101213,R123,Maadi,2026-03-30 21:57:00,2026-03-30 22:26:56.034643,2026-03-30 22:24:20.428061,C1064,4.7,wallet,74.11,01209960088,delivered
102946,R43,Mohandessin,2026-03-30 22:29:00,2026-03-30 23:14:49.352492,2026-03-30 23:12:44.108781,,9.8,wallet,256.82,01150279464,delivered
101015,R78,Dokki,2026-03-30 22:47:00,2026-03-30 23:35:53.615344,2026-03-30 23:35:48.073369,C1058,9.6,card,218.92,01024107922,delivered
